update,rollout/producer_wait_seconds,rollout/producer_duration_seconds,rollout/ready_wait_seconds,rollout/lag_wait_seconds,rollout/sync_barrier_seconds,rollout/policy_lag_max,rollout/policy_lag_mean,rollout/zero_variance_group_rate,rollout/inflight_trajectories,rollout/ready_groups,rollout/buffered_groups,rollout/filtered_groups_total,rollout/filtered_groups/removed_sample,rollout/filtered_groups/credit_zero_signal,rollout/timing/tokenize_seconds_mean,rollout/timing/dump_seconds_mean,rollout/timing/user_seconds_mean,rollout/timing/step_wait_seconds_mean,rollout/timing/agent_wait_seconds_mean,rollout/timing/simulation_seconds_mean,rollout/timing/agent_active_seconds_mean,rollout/timing/progress_seconds_mean,rollout/timing/thread_cpu_seconds_mean,rollout/timing/pack_seconds_mean,rollout/timing/setup_seconds_mean,rollout/timing/evaluate_seconds_mean,rollout/timing/wall_seconds_mean,rollout/timing/step_active_seconds_mean,rollout/timing/user_calls_mean,rollout/trained_groups_airline,rollout/trained_groups_retail,rollout/trained_groups_telecom,rollout/trained_groups_banking,rollout/trained_groups_banking_knowledge,rollout/drawn_groups_retail,rollout/drawn_groups_airline,rollout/drawn_groups_banking,rollout/drawn_groups_telecom,rollout/response_len/mean,rollout/response_len/median,rollout/response_len/max,rollout/response_len/min,rollout/zero_std/count_1.0,rollout/prefix_cache_hit_rate,rollout/avg_cached_tokens_per_sample,rollout/repetition_frac,rollout/truncated_ratio,perf/rollout_time,perf/non_generation_time/mean,perf/non_generation_time/median,perf/non_generation_time/max,perf/non_generation_time/min,perf/tokens_per_gpu_per_sec,perf/longest_sample_tokens_per_sec,perf/longest_sample_non_generation_time,perf/longest_sample_tokens_per_sec_without_non_generation,perf/effective_tokens_per_gpu_per_sec,perf/longest_effective_sample_tokens_per_sec,perf/longest_effective_sample_non_generation_time,perf/longest_effective_sample_tokens_per_sec_without_non_generation,train/loss,train/pg_loss,train/entropy_loss,train/pg_clipfrac,train/ppo_kl,train/train_rollout_logprob_abs_diff,train/kl_loss,train/ois,train/tis,train/tis_clipfrac,train/tis_abs,train/tis_weight,train/tis_weight_squared,train/grad_norm,train/lr-pg_0,train/lr-pg_1,train/global_batch_size,train/step,start,end,completed,rollout/zero_std/count_0.0,rollout/filtered_groups/permanently_too_long
0,206.5335249900818,206.57694053649902,206.45147228240967,0.0,0.0011987686157226562,0,0.0,0.1875,255,0,61,5,2,3,0.3794694072494167,0.6311582497874042,58.53255878947675,15.898907978087664,1.680283946916461,89.04100274715893,10.553328651934862,6.7147025760496035,1.7419957952265626,0.5717472426840686,11.738482253495022,3.777761719778937,113.5117870469112,72.3794969432056,4.984375,7,6,0,3,0,17,32,11,6,1027.6953125,1012.5,3162,154,3,0.0,0.0,0.0,0.0,206.57694053649902,100.64640434895409,94.07323697023094,197.91416654735804,44.875940832309425,350.5909217742712,35.042633418810745,101.57005582377315,68.93833694623167,106.1307550093811,15.306645513231048,160.28765080031008,68.30953808150463,-0.13976874947547913,-0.13976874947547913,0.2561872899532318,0.0,0.0,0.005658413749188185,0.0,1.0,0.9999116063117981,0.0,0.00565062602981925,0.9999116063117981,1.0001814365386963,0.5285948429665809,2e-06,2e-06,128,0,1790509148.78065,1790509222.739331,True,,
1,58.06441307067871,331.3502414226532,58.06098437309265,0.0,0.0009217262268066406,1,0.9921875,0.3125,251,0,68,6,2,4,0.31800971839402337,0.6648049973155139,69.27256494574249,33.60197532735765,3.5148723386228085,128.0697248403958,17.537555120885372,6.239593109865382,2.4684188148515624,0.46706600183824776,5.548431254705065,4.2301821855362505,144.5389938661392,93.65411017276347,5.9296875,7,6,0,3,0,23,43,14,10,1388.28125,1341.0,5215,148,2,0.0,0.0,0.0,0.0,331.3502414226532,122.82103260802978,113.46845474932343,303.35201081912965,9.786596414633095,307.8208108799853,36.68323870178115,201.42711069993675,93.55531945994552,89.38175671611835,15.738633470159499,142.9844874618575,27.685499568490517,-0.05973614379763603,-0.05973614379763603,0.29482439160346985,0.0,0.0,0.0062268865294754505,0.0002028711896855384,1.0,0.9999754428863525,0.0,0.0062169828452169895,0.9999754428863525,1.0003440380096436,0.5781668570547412,2e-06,2e-06,128,1,1790509295.994562,1790509374.798434,True,3,
2,41.59184169769287,377.0865488052368,41.588138818740845,0.0,0.0009546279907226562,2,1.6484375,0.375,254,0,70,8,2,6,0.1490222445136169,0.37604819201806094,64.21099228970706,45.57335854694247,3.1945172287523746,132.7327218992359,16.23826428502798,2.823026170102821,2.49565943275,0.2608907783651375,2.3306652594546904,2.9754274159495253,140.55708938121097,86.62720845267177,5.7421875,10,3,0,3,0,29,49,20,12,1374.71875,1330.0,3769,2,3,0.0,0.0,0.0,0.0,377.0865488052368,120.74759794830607,108.17811301816255,334.9721761010587,16.429141500033438,244.60918488231252,32.70071562899714,234.3089930601418,86.36511485050842,77.77348045496247,9.995052891548958,325.8862435556948,73.61284237721834,-0.12184594571590424,-0.12184594571590424,0.31745296716690063,0.0,0.0,0.007277588825672865,0.00022444443311542273,1.0000001192092896,1.0005937814712524,0.0,0.007291139103472233,1.0005937814712524,1.0016531944274902,1.2911077746400894,2e-06,2e-06,128,2,1790509430.189098,1790509509.543633,True,3,
3,10.120495557785034,421.37820863723755,10.118750810623169,0.0,0.0015664100646972656,3,2.4140625,0.1875,252,0,69,8,2,6,0.1859130120719783,0.3243029445511638,85.87868420034647,60.08332406356931,3.981810251250863,173.00776826828223,19.186207830905914,2.9187859140365617,3.4699436478125,0.3318204843235435,2.8737814493724727,3.194331024045823,181.08038456445502,112.3807766456157,7.3984375,11,4,0,1,0,32,54,25,14,1597.78125,1601.5,4750,216,1,0.0,0.0,0.0,0.0,421.37820863723755,157.82733656609344,145.4129455704242,393.1355633465573,44.81722358521074,262.1611600591862,29.431991844354773,116.78449850715697,40.7165334921183,80.89170085523922,11.272533563996546,275.74555588979274,32.61631172946783,-0.07874992489814758,-0.07874992489814758,0.2884974181652069,0.0,0.0,0.006496264599263668,0.0002212288381997496,1.0,1.0000485181808472,0.0,0.0064969551749527454,1.0000485181808472,1.000527024269104,1.1009041733127565,2e-06,2e-06,128,3,1790509522.610355,1790509608.202399,True,2,
4,0.0007534027099609375,342.0101225376129,0.0,0.0,0.0007092952728271484,4,2.3203125,0.5,252,0,69,9,2,7,0.18628003837511642,0.3603019537185901,63.45155351795256,65.62411636672914,1.6473784875124693,144.26865126736084,10.83447757549584,1.6930264025722863,2.0083088503203124,0.35025815111293923,1.4668677202789695,2.175205261723022,149.54261026308814,78.12748881988227,5.609375,3,7,1,5,0,34,61,29,18,1046.8203125,988.0,2493,160,6,0.0,0.0,0.0,0.0,342.0101225376129,136.7718150649889,126.77647269377485,335.0468169460073,9.188199964351952,237.74539984380442,25.709765356529704,135.5029826844111,42.57964158648759,65.29680028464848,7.289257936293478,273.50042873620987,36.38901098035479,-0.1628856062889099,-0.1628856062889099,0.2662825286388397,0.0,0.0,0.006069682072848082,0.00020759180188179016,1.0,1.000011682510376,0.0,0.006068191025406122,1.000011682510376,1.000421166419983,0.47354669476228534,2e-06,2e-06,128,4,1790509611.881397,1790509678.301484,True,2,
5,30.614294290542603,482.3400671482086,30.61245346069336,0.0,0.0017096996307373047,4,2.5546875,0.25,250,0,70,9,2,7,0.2158384595240932,0.21660316728957696,85.36419958434999,62.53245740942657,1.7944482415914536,167.31845663610875,14.817136669531465,1.9671246092621004,2.180587709625,0.23548810662759934,1.5447355276555754,2.21305259843939,172.56584705406567,104.31899507716298,6.8359375,7,3,2,4,0,37,65,35,22,1343.1796875,1322.5,3921,175,1,0.0,0.0,0.0,0.0,482.3400671482086,156.38384384813253,140.61960742948577,464.8678883323446,20.890328096225858,199.1755192583116,25.21250219145342,23.653184629045427,26.512639588056963,59.40725631485915,8.12911940569763,381.63105490244925,38.93395350191318,0.004843436181545258,0.004843436181545258,0.38059520721435547,0.0,0.0,0.008382477797567844,0.00031799779389984906,1.0,1.0001317262649536,0.0,0.008381757885217667,1.0001317262649536,1.000811219215393,0.7037646245368522,2e-06,2e-06,128,5,1790509710.635649,1790509787.842575,True,3,
6,2.076765537261963,810.9350688457489,2.072986125946045,0.0,0.0014109611511230469,6,2.8515625,0.3125,252,0,68,12,2,8,0.3006569726348971,0.2733832201702171,84.51327336765826,53.573280811309814,1.5561655201017857,157.86718719286728,15.452278673648834,2.509276994387619,2.4496092854609373,0.2431528418455855,2.4871734964472125,2.254390313551994,164.7825526278175,103.89742589555681,7.0625,8,2,1,5,0,42,72,40,22,1431.8203125,1159.0,5303,63,3,0.0,0.0,0.0,0.0,810.9350688457489,147.50648470854503,117.25845851330087,786.5888757808134,6.710152601823211,122.0140844825405,14.32543793738647,68.83475807495415,15.654217942495956,37.66701080454837,6.539364498748425,559.9323814064264,21.12726383171475,-0.1025315374135971,-0.1025315374135971,0.3231687545776367,0.0,0.0,0.007140604313462973,0.0004877566243521869,1.0,1.0002199411392212,0.0,0.007123342249542475,1.0002199411392212,1.001043677330017,0.5147290971874074,2e-06,2e-06,128,6,1790509799.073688,1790509879.427326,True,2,2
7,50.27069664001465,855.3899435997009,50.26951718330383,0.0,0.001043558120727539,7,3.125,0.3125,250,0,71,13,2,9,0.1525883562717354,0.13439592786016874,98.956603275612,59.51819173619151,2.7950949016958475,177.1212458828595,13.755786150693893,1.1535063332485151,1.7500744654921876,0.3008593229824328,1.4822403728685458,1.732128503608692,181.92453065484733,117.13364749029279,8.1953125,8,3,1,4,0,45,81,45,25,1435.0703125,1288.0,4947,150,3,0.0,0.0,0.0,0.0,855.3899435997009,165.9629778117378,125.87721823249012,836.8702725507319,37.05459148529917,110.69941536626193,12.994073735804305,91.1350204097107,14.543576577310269,35.79049948202365,5.783327284842456,268.15476323105395,8.424222807793013,-0.004085607826709747,-0.004085607826709747,0.3470344543457031,0.0,0.0,0.007829267531633377,0.00033830307074822485,1.0,1.0000362396240234,0.0,0.007815246470272541,1.0000362396240234,1.0005921125411987,0.5576442571639996,2e-06,2e-06,128,7,1790509933.684997,1790510014.4886,True,2,2
8,47.140077114105225,1079.844041109085,47.135549783706665,0.0,0.0010142326354980469,8,2.515625,0.25,249,0,76,15,4,9,0.12724917654122692,0.3610424269645591,73.7999605499208,59.78884990513325,1.591242054477334,147.2788336612066,9.717737397179008,2.3244974311455735,2.0686713427890626,0.21896460584684974,2.3650266341501265,2.991540849507146,154.842399195506,87.16099608875811,5.78125,3,7,1,5,0,49,93,51,26,1067.40625,1068.0,2435,12,4,0.0,0.0,0.0,0.0,1079.844041109085,143.19456887148408,112.1762237213552,1044.6467344453558,7.76462444011122,83.29983767002754,10.758961070033221,25.376925874501467,11.01788745438058,21.087613087113372,2.2549552595567994,312.9775707619265,3.175259441057165,-0.15423771739006042,-0.15423771739006042,0.33375251293182373,0.0,0.0,0.00697616720572114,0.0004648469330277294,1.0,0.9998666048049927,0.0,0.006961900275200605,0.9998666048049927,1.0001814365386963,0.6647252982529334,2e-06,2e-06,128,8,1790510069.169451,1790510144.024772,True,,2
9,12.368038892745972,543.1268084049225,12.361900806427002,0.0,0.0012407302856445312,5,2.2265625,0.4375,252,0,73,20,5,12,0.24892927614564542,0.3171033923717914,62.60715811513364,58.75535808876157,1.7243717070668936,139.70732816534291,13.436069075018167,2.18448278264259,2.37421221959375,0.3374634110950865,1.3362055488178157,2.783405573158234,145.73727834878082,80.21613402664661,5.65625,8,5,0,3,0,53,106,52,26,1283.8671875,1095.0,4843,127,4,0.0,0.0,0.0,0.0,543.1268084049225,130.2590469938441,121.50040039001033,530.9936717804521,15.184368167072535,165.34444371055298,20.74101264322327,206.0246524689719,33.41716984491891,50.42867750738417,8.916886305470953,155.78273490536958,12.50309564890139,-0.11836257576942444,-0.11836257576942444,0.2654484808444977,0.0,0.0,0.006262288428843021,0.00038210986531339586,1.0,1.0000723600387573,0.0,0.006252318155020475,1.0000723600387573,1.0005651712417603,0.5071714610009931,2e-06,2e-06,128,9,1790510173.55713,1790510246.450505,True,3,3
10,0.01045989990234375,868.9588139057159,0.0,0.0,0.0009889602661132812,9,3.0234375,0.25,253,1,75,21,6,12,0.23915709977882216,0.5098371984640835,101.37549342215061,60.57587505504489,4.196804216131568,186.49806956285465,16.660637952387333,2.696767596185964,2.7517950200234376,0.5097197679424426,1.4433745280402945,3.5405375069749425,193.99549846320588,125.30588223412633,8.65625,8,2,2,4,0,62,113,55,26,1507.9140625,1440.5,4377,149,2,0.0,0.0,0.0,0.0,868.9588139057159,173.78797085907718,130.279311330989,834.414579748176,26.91918420791626,113.65594289725368,12.669185033658572,423.75341742672026,24.727912300855035,37.01997473130381,5.037062666211606,230.62549583613873,6.856919224014114,-0.1335299015045166,-0.1335299015045166,0.34253209829330444,0.0,0.0,0.007870586588978767,0.000468034646473825,1.0,1.000010371208191,5.3916492106509395e-06,0.007863769307732582,1.0000078678131104,1.0005396604537964,0.5090955224985395,2e-06,2e-06,128,10,1790510303.047883,1790510383.701277,True,2,3
11,6.34234881401062,703.6662514209747,6.324878454208374,0.0,0.0016655921936035156,7,3.15625,0.1875,256,0,75,22,6,13,0.43539834962575696,0.6229103564983234,111.27409883029759,59.37403377890587,6.264225663617253,201.25416188167583,20.451465563848615,2.325928024147288,2.5014746152109373,0.20989091571391327,2.7220708563982043,3.0610887843431556,209.49391526418913,140.90580919384956,9.9296875,10,2,3,1,0,64,125,57,27,1417.6484375,1327.5,4456,210,1,0.0,0.0,0.0,0.0,703.6662514209747,182.15333246463706,141.14080213895068,680.0787768764421,37.28733941819519,98.21606932799574,11.708675786798453,211.96360160317272,16.75606182527778,42.97941901518511,6.3325475550399215,211.96360160317272,9.0623876069229,-0.017597388476133347,-0.017597388476133347,0.294770210981369,0.0,0.0,0.007287395652383566,0.0004971974994987249,1.0,0.99996018409729,0.0,0.0072740656323730946,0.99996018409729,1.0004183053970337,0.504760904554274,2e-06,2e-06,128,11,1790510408.764522,1790510480.898028,True,2,3
12,22.764240264892578,594.0653712749481,22.763248443603516,0.0,0.0008971691131591797,6,2.8828125,0.125,252,0,76,23,6,14,0.524083091331704,0.6435457809857326,70.13071941584349,72.35814199224114,13.02856152690947,185.30089443903125,22.534883623942733,3.1305132919806056,2.8432929369296875,0.5511210549520911,2.4954738416636246,4.851080516607908,195.5969762845125,110.13056120835245,6.8828125,8,5,1,2,0,67,133,63,28,1281.1640625,1212.5,3852,190,1,0.0,0.0,0.0,0.0,594.0653712749481,159.54817745185574,148.06584037840366,538.2348101297393,26.778901872225106,139.42489161123885,15.85179082192552,90.18814946059138,18.689076608963088,46.00756300833146,6.484134888611777,254.02429947350174,11.32804334368533,-0.09199866652488708,-0.09199866652488708,0.3182947337627411,0.0,0.0,0.0076804617419838905,0.000646028493065387,1.0,1.0000383853912354,0.0,0.007663366850465536,1.0000383853912354,1.0006011724472046,0.5824967129659616,2e-06,2e-06,128,12,1790510518.1103,1790510593.846341,True,1,3
13,0.005574464797973633,566.5296778678894,0.0,0.0,0.0008883476257324219,5,3.0078125,0.5,252,1,74,25,6,16,0.2935562876518816,0.7536025104054715,66.16288306936622,58.392805797979236,16.523475918918848,173.24121727632155,25.597814997658134,3.1871775473700836,3.0968890408125,0.4825531238966505,2.419142171187559,4.3831874672468984,182.8890822262474,112.35089998319745,6.9296875,8,5,1,2,0,67,140,70,30,1275.1015625,1122.0,3444,219,3,0.0,0.0,0.0,0.0,566.5296778678894,140.013198434448,116.92769064893946,471.11858580913395,10.00008032657206,145.23716917413466,19.838325226486816,289.7550518279895,40.60704610392928,48.0154310168549,6.079116654508461,306.1133348653093,13.224976436927687,-0.09069111943244934,-0.09069111943244934,0.25446978211402893,0.0,0.0,0.0064191450364887714,0.0005963845178484917,1.0,0.9999207258224487,0.0,0.006396732293069363,0.9999207258224487,1.0002880096435547,0.48317690310184097,2e-06,2e-06,128,13,1790510606.897681,1790510678.067794,True,5,3
14,10.029792785644531,663.387006521225,10.028388977050781,0.0,0.001260995864868164,7,3.1640625,0.3125,252,0,74,26,6,17,0.19035550422995584,0.8153476259685704,59.866735680028796,59.721661975607276,18.949407946318388,174.4473683647302,27.76993801817298,4.678241473477101,3.4879090709609373,0.5710124200413702,2.5380081713810796,5.437377530186495,185.84915742040175,111.66096508689225,6.3046875,10,3,0,3,0,71,149,72,32,1598.8828125,1161.0,7905,232,1,0.0,0.0,0.0,0.0,663.387006521225,138.31349178594974,115.69863646570593,549.4784318329766,18.957235214300454,138.48653314515482,16.275567495087124,39.44298417214304,17.304436957902826,51.417196394709116,11.916121241887906,222.713851403445,17.93846506916721,-0.12321999669075012,-0.12321999669075012,0.3059775233268738,0.0,0.0,0.007200139109045267,0.0006250072037801147,0.9999999403953552,0.9999589920043945,0.0,0.007186174392700195,0.9999589920043945,1.0004055500030518,0.4954916386413686,2e-06,2e-06,128,14,1790510705.220164,1790510781.858985,True,4,3
15,0.0007770061492919922,865.7517702579498,0.0,0.0,0.0007250308990478516,9,3.3671875,0.3125,251,3,71,28,6,18,0.4462995278154267,0.6619564081483986,63.03608049824834,49.28089651837945,19.613029029220343,166.01551464539807,25.859054628759623,3.6888914673618274,3.4909537203828127,0.3511530532123288,2.9195956800540444,4.735789810758433,177.03974261782423,112.71464896947145,7.296875,8,2,2,4,0,74,156,76,33,1324.6015625,1141.5,4904,149,4,0.0,0.0,0.0,0.0,865.7517702579498,131.53493202583923,111.27543915528804,743.7671994436532,18.27321460749954,89.14853269893302,9.574337916202357,176.12860730383545,12.019607874672747,32.64003336458345,5.664441204132748,743.7671994436532,40.20180558298321,-0.04147445037961006,-0.04147445037961006,0.295584499835968,0.0,0.0,0.007266869302839041,0.0007994585321284831,1.0,0.9999029040336609,0.0,0.00724630756303668,0.9999029040336609,1.0003020763397217,0.5722249508096191,2e-06,2e-06,128,15,1790510790.544219,1790510862.116757,True,1,4
16,0.024891376495361328,1388.3032627105713,0.018368959426879883,0.0,0.0009367465972900391,14,4.0546875,0.3125,251,0,68,30,6,20,0.37958825356327,1.037762065330753,84.28181580640376,56.97568359039724,20.564716644585133,203.65749991586927,33.3852768689394,3.5428623027764843,2.7512332677109375,0.4868703559259302,2.139617013417592,4.083843805266952,213.25120687029994,142.83073975890875,8.1484375,10,2,1,3,0,79,161,79,35,1721.921875,1482.0,6298,177,2,0.0,0.0,0.0,0.0,1388.3032627105713,161.83688829909806,123.26301162596792,1248.401310368441,23.77478751540184,73.39318629926903,7.6762767085866415,289.3799431435764,9.697673905217647,26.459876829513423,4.53647280760802,289.3799431435764,5.7310641132645905,-0.042978815734386444,-0.042978815734386444,0.30385521054267883,0.0,0.0,0.007542777340859175,0.0007935026660561562,1.0,0.9999533891677856,0.0,0.007521133404225111,0.9999533891677856,1.0004336833953857,0.49643597850929,2e-06,2e-06,128,16,1790510879.488571,1790510967.372508,True,3,4
17,18.30599093437195,1436.0090849399567,18.30433177947998,0.0,0.001497030258178711,14,3.5,0.25,249,0,70,32,6,21,0.3953883281428716,0.6424786864881753,80.73125702887774,51.68748517893255,14.269589476287365,180.40836732595199,25.861653335392475,3.4065867278768565,3.079858340828125,0.3247255220048828,2.272738089239283,4.456079140982183,190.04230130134238,125.31070295348763,7.734375,6,4,2,4,0,86,167,83,38,1349.359375,1248.5,5590,15,2,0.0,0.0,0.0,0.0,1436.0090849399567,150.6181389329504,106.49294210178778,1272.6076738787815,4.661301473155618,58.34387415232578,5.942859338077815,138.9134371727705,6.5793143433102905,20.046066306423796,3.8927330325585876,204.0434944946319,4.537464392961946,-0.08040834963321686,-0.08040834963321686,0.305315762758255,0.0,0.0,0.007033302914351225,0.0039185150526463985,1.0,0.999871551990509,0.0,0.00701846182346344,0.999871551990509,1.0002007484436035,0.7744358439707558,2e-06,2e-06,128,17,1790511007.95664,1790511081.195147,True,2,5
18,0.0014569759368896484,2049.122413635254,0.0,0.0,0.001046895980834961,18,3.359375,0.375,253,3,72,32,6,21,0.3022881107608555,0.5658177873119712,98.03171903453767,54.07567916251719,16.877612736076117,200.87852544744965,25.64801319874823,3.61427583717159,2.5355210964140626,0.44888179290137487,1.9282028550223913,4.467645333948894,210.37723958663992,144.8362312372774,9.21875,6,6,1,3,0,96,170,86,40,1426.2578125,1298.5,5533,200,3,0.0,0.0,0.0,0.0,2049.122413635254,170.1123557634055,119.13300626398996,1931.791699072346,9.008385776542127,42.23873242388912,4.181302172572455,1341.01320874691,12.099828586963532,14.848714323198722,2.7001803128902186,1341.01320874691,7.813766523304065,-0.06282491236925125,-0.06282491236925125,0.2796652615070343,0.0,0.0,0.006894356571137905,0.0008178196148946881,0.9999998807907104,0.9999499320983887,5.612428140011616e-06,0.006881633307784796,0.9999456405639648,1.0003741979599,0.4718775521771462,2e-06,2e-06,128,18,1790511092.026069,1790511171.056366,True,3,5
19,0.024411916732788086,813.5383069515228,0.01850414276123047,0.0,0.0011088848114013672,9,3.0078125,0.3125,253,0,70,33,6,22,0.3905203278118279,0.5072831869038055,76.25479712709785,51.678700560703874,12.378523755818605,167.28616951065487,21.461349995806813,3.385518091650738,3.391396644234375,0.4821367511176504,2.09058129695768,4.151070521715155,176.53021409921348,114.07432813942432,8.046875,6,7,1,2,0,101,177,87,42,1285.9609375,1254.5,3210,42,,0.0,0.0,0.0,0.0,813.5383069515228,142.3926778504392,107.65833516186103,710.7463100580499,18.198625500313938,104.25897089529535,15.27647794062703,18.198625500313938,15.626027834199558,33.72162453681245,3.9457269222250373,536.241955130361,11.576062861693334,-0.03407300263643265,-0.03407300263643265,0.24157185852527618,0.0,0.0,0.0060914610512554646,0.0011277836747467518,1.0,1.0000972747802734,0.0,0.006099937483668327,1.0000972747802734,1.000657320022583,0.6071435468533549,2e-06,2e-06,128,19,1790511187.011173,1790511259.520532,True,5,5
20,7.0269012451171875,699.1305837631226,7.019667625427246,0.0,0.0018169879913330078,8,2.8359375,0.3125,253,0,72,34,7,22,0.3710168924444588,0.5711148616246646,65.83814295381308,52.558668814599514,8.49571300111711,155.55378487687994,23.554437573999166,2.482770751506905,2.2660310994296875,0.4977511410761508,1.0755378368703532,3.247091544086288,162.3436459612276,101.55146168544888,6.703125,6,6,1,3,0,107,187,87,45,1435.265625,1216.0,6307,53,4,0.0,0.0,0.0,0.0,699.1305837631226,131.96705250933883,116.37942606955767,642.1128986570984,33.93848571181297,129.28962833638406,17.7477574120889,81.66292261239141,20.09497951176274,43.7958240007052,9.021204545296962,168.81973847653717,11.893024734562298,-0.041940346360206604,-0.041940346360206604,0.32027286291122437,0.0,0.0,0.007187932264059782,0.001581748714670539,1.0,0.9999902844429016,0.0,0.007176560815423727,0.9999902844429016,1.0004518032073975,1.1780437613488532,2e-06,2e-06,128,20,1790511309.238692,1790511386.699882,True,1,5
21,36.6432569026947,2027.4546740055084,36.64172577857971,0.0,0.0014061927795410156,20,3.640625,0.375,253,0,73,35,7,23,0.17906462775863474,0.6798703122476581,110.60250678285956,62.9200253020972,9.386339655146003,211.88561845011282,23.229742374271154,3.920973717526067,3.802715688109375,0.37634953119413694,1.987783580465475,4.332209254913323,221.43535215657903,147.3313500098884,9.8515625,8,5,2,1,0,109,197,91,47,1490.640625,1143.0,6163,243,3,0.0,0.0,0.0,0.0,2027.4546740055084,192.50248103489866,131.13060636958107,1919.845030172728,42.959096883423626,40.574848711238396,4.076046732859068,432.01327454298735,5.179757779122449,15.684855371147465,3.039772025001263,1919.845030172728,57.27181858883363,-0.13509412109851837,-0.13509412109851837,0.30486607551574707,0.0,0.0,0.0073214066214859486,0.0010057773906737566,0.9999999403953552,1.000004768371582,0.0,0.0073045589961111546,1.000004768371582,1.000510811805725,0.54881406066902,2e-06,2e-06,128,21,1790511435.585532,1790511516.24754,True,3,5
22,20.98278307914734,1879.7379884719849,20.9810791015625,0.0,0.001537322998046875,18,4.0546875,0.3125,253,0,72,38,8,25,0.40252177267393563,0.7478708508861018,115.71402138844132,68.87469671666622,10.681877544149756,229.6271024988455,28.585188383236527,3.492612663540058,3.23332954809375,0.4469900405674707,1.8099120429469622,3.852646748884581,239.04318224793678,159.39723588898778,10.2734375,6,7,2,1,0,114,205,96,47,1580.3359375,1528.5,4884,97,2,0.0,0.0,0.0,0.0,1879.7379884719849,205.42011998137605,135.9123173863627,1857.4956592423841,23.425312316976488,44.82069691806004,4.854399951462169,91.35216060373932,5.102366535121223,17.93538968733556,2.5982344507332864,577.1690433677286,3.749513619495273,-0.07680975645780563,-0.07680975645780563,0.2692921757698059,0.0,0.0,0.007112196180969477,0.0009843999287113547,0.9999999403953552,0.9999693036079407,4.160010576015338e-06,0.007094229571521282,0.9999685883522034,1.0004736185073853,0.4647356436545095,2e-06,2e-06,128,22,1790511542.80454,1790511623.84059,True,3,5
23,0.0020189285278320312,680.7946627140045,0.0,0.0,0.00091552734375,7,2.734375,0.3125,251,0,70,40,8,27,0.34804625665128697,0.5419377471553162,81.37566116265953,58.96183986775577,8.41605618596077,179.2765813507649,24.86761020310223,3.8916705835290486,3.0186606381796874,0.45984093209699495,2.910988611241919,4.532113769018906,190.075935518209,119.13905483298004,8.1015625,9,4,1,2,0,117,212,100,49,1684.8828125,1606.5,5019,115,1,0.0,0.0,0.0,0.0,680.7946627140045,156.58661289763404,131.44416933646426,646.9292628820986,17.256255648098886,135.4032843998045,12.608794501677899,198.818435437046,17.810007038101002,52.797368480202785,7.3722669622462,198.818435437046,10.413376668712598,-0.06262169033288956,-0.06262169033288956,0.2821210026741028,0.0,0.0,0.006732658948749304,0.0011583955492824316,1.0,1.0000356435775757,0.0,0.006726815365254879,1.0000356435775757,1.0005254745483398,0.44647264773903006,2e-06,2e-06,128,23,1790511641.619029,1790511722.013334,True,4,5
24,13.186960697174072,2095.1439712047577,13.177681684494019,0.0,0.0009648799896240234,21,4.078125,0.4375,255,0,72,42,9,28,0.24468952776805963,0.7034330905516981,120.45359042100608,60.6034450288862,9.64230084232986,219.93816976627568,24.333978831768036,2.9634632697707275,3.2452610074140624,0.4388743864692515,1.8402231821382884,4.312452927486447,228.9525698151483,157.87117191776633,10.8515625,5,5,2,4,0,123,217,104,54,1644.3828125,1450.0,7312,18,1,0.0,0.0,0.0,0.0,2095.1439712047577,196.18856345563108,121.87984632793814,2065.461549365893,9.793071725405753,44.519613583578526,5.08843313229194,87.69268634542823,5.310714177926894,16.743558986304283,3.4899749613843607,141.33053563255817,3.742424873774392,-0.06534714251756668,-0.06534714251756668,0.433088481426239,0.0,0.0,0.009498330764472485,0.00444240914657712,0.9999999403953552,0.9998040795326233,0.0,0.009471559897065163,0.9998040795326233,1.0002453327178955,1.0360464622764485,2e-06,2e-06,128,24,1790511751.939788,1790511844.667479,True,6,5
25,0.0015120506286621094,623.6187372207642,0.0,0.0,0.0009462833404541016,7,3.21875,0.25,249,3,72,43,9,29,0.38358631058508763,0.5316620209632674,105.45968650467694,60.59910408221185,11.74572029709816,209.92149590991903,25.971995759755373,4.790167073508201,4.335356755390625,0.46593832870712504,3.0083066224106005,4.121386522063403,220.9721815955636,148.21038464084268,10.296875,9,4,3,0,0,128,224,107,56,1540.9921875,1530.0,3069,672,1,0.0,0.0,0.0,0.0,623.6187372207642,183.05857207010558,150.63661609683186,573.3012640066445,47.155718884430826,148.8302512316543,18.11844212756567,105.38192111812532,21.802773652735215,52.715702781012276,4.921276120851319,116.06161567848176,6.046610065630484,-0.06079377233982086,-0.06079377233982086,0.2627316415309906,0.0,0.0,0.006654871162027121,0.0011588474735617638,1.0,0.9999408721923828,0.0,0.006642502266913652,0.9999408721923828,1.0003407001495361,0.45233628261905284,2e-06,2e-06,128,25,1790511855.113572,1790511940.151915,True,3,5
26,15.664787292480469,352.94519305229187,15.660354137420654,0.0,0.0011286735534667969,4,2.4765625,0.4375,253,0,70,46,10,30,0.2934569221979473,0.4116957105361507,51.047568406909704,52.462553437799215,5.760181326419115,130.04777567669953,16.47845943644643,2.9956081396667287,2.5477503207578125,0.3948871339161997,1.5735705074039288,3.191816598904552,137.22501570421446,76.8991629742086,5.3984375,4,7,0,5,0,134,229,110,59,1156.640625,1141.5,3289,15,4,0.0,0.0,0.0,0.0,352.94519305229187,114.5727599603415,104.89136733859777,341.5679157124832,16.086643770337105,244.9237682459643,31.064313145003194,150.8425160460174,54.249652515288616,69.91170438279404,9.318727283283064,174.9100585533306,18.473881625984276,-0.15108506381511688,-0.15108506381511688,0.3717600405216217,0.0,0.0,0.007878848351538181,0.019406169652938843,1.0,0.9998743534088135,3.011757826243411e-06,0.007872817106544971,0.9998728036880493,1.0002564191818237,0.7903324143693854,2e-06,2e-06,128,26,1790511967.596375,1790512036.738939,True,3,6
27,39.53049945831299,1424.2087140083313,39.52013921737671,0.0,0.004346370697021484,13,3.4609375,0.3125,254,0,76,46,10,30,0.46486722510599066,0.31184767713421024,105.49001279473305,56.67525581642985,8.387535510584712,195.20932822438772,20.997341783717275,2.044159113240312,2.3840120968828127,0.23272532311239047,1.9586925896801404,2.607624556774681,202.34431293301895,137.51242827624083,10.53125,6,5,2,3,0,140,234,118,62,1657.21875,1493.5,6110,152,3,0.0,0.0,0.0,0.0,1424.2087140083313,173.69390069119254,120.61844671377912,1353.4237381406128,34.06631772965193,67.30602922906466,7.316343382476345,107.84040396474302,7.915717752013467,24.82360882380698,4.290101541931906,826.6415637759492,10.22479230597589,-0.09449094533920288,-0.09449094533920288,0.28817319869995117,0.0,0.0,0.006910746451467276,0.0012841281713917851,1.0,1.0000561475753784,0.0,0.006907511968165636,1.0000561475753784,1.0005916357040405,0.5132730190133894,2e-06,2e-06,128,27,1790512089.612913,1790512173.734475,True,2,6
28,7.560757875442505,814.3753056526184,7.557713985443115,0.0,0.0012483596801757812,7,2.71875,0.375,249,0,73,50,11,33,0.24703014210535912,0.26544309216114925,68.54167706519365,68.94163690321147,5.237395383417606,164.8116386174297,18.511342618614435,2.2275280876783654,2.4097116841328123,0.20319342980656074,2.183414225335582,2.2853479272089317,171.288619456609,95.04924229159951,6.546875,8,3,1,4,0,143,245,119,64,1567.609375,1386.0,6431,222,3,0.0,0.0,0.0,0.0,814.3753056526184,149.1633675021003,121.77037663338706,785.9828110318631,12.519488555379212,119.60660642651634,13.136449405752685,353.8003639737144,23.227490321126187,41.0650140066975,7.896850451336279,625.5191383874044,34.05236955258567,-0.07120338082313538,-0.07120338082313538,0.27823176980018616,0.0,0.0,0.006556930486112833,0.0015161598566919565,1.0,1.0000503063201904,0.0,0.006551343947649002,1.0000503063201904,1.0005507469177246,0.5488261429828952,2e-06,2e-06,128,28,1790512195.53798,1790512278.640372,True,3,6
29,0.0009295940399169922,634.4626245498657,0.0,0.0,0.0008747577667236328,7,3.0078125,0.375,252,0,70,52,12,34,0.3663495749933645,0.5300278680733754,82.5701030921191,63.57876889593899,5.01518065854907,170.63620961888955,16.05989410355687,2.0162990060125594,2.458403842125,0.2668794507480925,3.107355135543912,3.1051636976917507,178.88135683981818,106.44701789133251,8.3046875,5,7,2,2,0,147,252,122,65,1458.7265625,1312.5,3405,560,3,0.0,0.0,0.0,0.0,634.4626245498657,157.27531468654342,131.44917003344744,614.4510450344533,30.882516144774854,148.02080222344998,19.299797223969655,42.641774689778686,20.690382913840992,49.048594504803894,5.366746390168777,387.62596053257585,13.794547149452214,-0.11128702759742737,-0.11128702759742737,0.28506723046302795,0.0,0.0,0.006915992591530085,0.001845657010562718,1.0,0.999910831451416,0.0,0.006900148931890726,0.999910831451416,1.0003042221069336,0.5371589499049583,2e-06,2e-06,128,29,1790512291.066178,1790512374.909567,True,3,6
30,0.0056645870208740234,1162.5453498363495,0.0,0.0,0.0013628005981445312,11,3.1875,0.125,252,0,77,52,12,34,0.38895869295083685,0.44227623111510184,97.42513017170131,57.504256531596184,6.749045293778181,187.04973836878344,20.631169660016894,2.973960010429437,3.581281718390625,0.46895928800222464,1.3877386514359387,3.3241442132130032,194.2291858141034,128.65649157203734,9.65625,6,5,2,3,0,156,258,128,67,1533.296875,1382.0,6171,216,1,0.0,0.0,0.0,0.0,1162.5453498363495,167.35148625893635,118.21468505263329,1126.1820956831798,14.701008262112737,78.17530158812882,8.531280092768982,256.5166460368782,10.946673056171875,28.13682351225089,5.308180021423411,592.7532317275181,10.830265642286978,-0.059832364320755005,-0.059832364320755005,0.265400767326355,0.0,0.0,0.006371042691171169,0.0015717210480943322,0.9999998807907104,0.9999934434890747,0.0,0.006365959066897631,0.9999934434890747,1.0004163980484009,0.46224123636585934,2e-06,2e-06,128,30,1790512424.158348,1790512504.377772,True,1,6
31,0.00565028190612793,424.11307978630066,0.0,0.0,0.0014486312866210938,5,2.5625,0.25,256,4,76,54,12,36,0.5485791390310624,0.5151330320732086,48.85512460395694,62.69198801741004,4.993856780230999,139.88061073672725,18.72864405810833,2.535255241455161,2.4547138475,0.43115640635369346,2.0587584689928917,4.003297552189906,148.51078392851923,76.2703158762306,5.1796875,8,3,0,5,0,162,265,130,69,1303.3828125,1262.5,4601,51,2,0.0,0.0,0.0,0.0,424.11307978630066,124.34729709951353,115.28551060706377,390.4249367369339,11.216516968794167,227.5749195205972,24.851862633689173,18.87465164717287,26.00937933848014,65.5615243321674,10.84852181950701,196.40383905451745,20.20559194354119,-0.10265406966209412,-0.10265406966209412,0.2920234501361847,0.0,0.0,0.006632039789110422,0.0025926230009645224,1.0,0.9999319911003113,0.0,0.0066162776201963425,0.9999319911003113,1.0003019571304321,0.681035119911422,2e-06,2e-06,128,31,1790512520.470734,1790512596.171303,True,2,6
32,0.004068851470947266,1799.8595294952393,0.0,0.0,0.0014591217041015625,18,4.234375,0.1875,252,3,74,54,12,36,0.3700031898188172,0.590836374736682,131.9653774742037,47.68930055014789,10.274206859990954,218.17673707353242,23.98621187545359,2.0156381772030727,2.79717735534375,0.5824008187555592,2.276994763255061,4.236704898816242,227.39496733655687,169.2705549802631,12.7265625,7,4,4,1,0,169,269,131,71,1488.5078125,1262.0,6274,166,2,0.0,0.0,0.0,0.0,1799.8595294952393,196.2325210649069,121.5505464435555,1711.3400906454772,23.077211868949234,44.04667810691114,4.678698455074226,375.11645470466465,5.910539344953698,17.642950915307708,3.4858275866447803,361.234820459038,4.361109579581204,-0.07842116057872772,-0.07842116057872772,0.2896735668182373,0.0,0.0,0.007638345938175917,0.0018264118116348982,1.0,1.0000156164169312,0.0,0.007613826543092728,1.0000156164169312,1.000598430633545,0.5082012155952913,2e-06,2e-06,128,32,1790512610.360072,1790512697.229918,True,1,6
33,0.0052280426025390625,1215.9776966571808,0.0,0.0,0.0031120777130126953,12,4.3359375,0.25,251,3,72,56,12,38,0.3010637911138474,0.7281455503107281,138.08626082912087,57.59365335479379,13.267419854179025,243.38350923761027,28.870979577302933,3.113151682737225,3.327358855640625,0.5752978108866955,2.7774835705567966,4.196264294179855,253.5261712675201,184.41574449650943,13.5859375,5,7,4,0,0,174,275,134,73,1825.71875,1543.5,6617,415,3,0.0,0.0,0.0,0.0,1215.9776966571808,213.7375923144864,141.02490179473534,1106.2990441471338,38.60613300651312,73.74820024511433,9.224675773936005,225.74500453006476,11.327640552752095,32.030741002684216,5.441711651612245,225.74500453006476,6.68226776656509,-0.09786731004714966,-0.09786731004714966,0.27248436212539673,0.0,0.0,0.007258490659296513,0.0016337907873094082,0.9999999403953552,0.9999203085899353,0.0,0.007238840684294701,0.9999203085899353,1.0003494024276733,0.4209275379432238,2e-06,2e-06,128,33,1790512714.203604,1790512804.754549,True,1,6
34,0.002212047576904297,956.6053550243378,0.0,0.0,0.0008018016815185547,10,3.6328125,0.3125,250,2,74,58,12,40,0.477865905573708,0.5552010644169059,96.06020881608129,54.103472692891955,10.892476115375757,187.61230149195762,21.49284894950688,3.0893040653245407,2.9559824858125,0.42673455674230354,2.519632979259768,3.6612897925879224,197.01523621869273,132.37800996005535,10.25,5,6,4,1,0,178,283,139,76,1392.140625,1387.5,3547,72,4,0.0,0.0,0.0,0.0,956.6053550243378,164.1906146344336,133.33899322105572,922.4345709970221,49.47489150054753,85.8884313178897,10.072074078818916,122.60199771635234,11.552711287757962,31.046240588151846,3.7079031403809757,169.19268673937768,4.50462653556948,-0.08481643348932266,-0.08481643348932266,0.3129012882709503,0.0,0.0,0.007916205562651157,0.0020603269804269075,0.9999999403953552,1.000044822692871,0.0,0.007900528609752655,1.000044822692871,1.0006437301635742,0.5077375503396138,2e-06,2e-06,128,34,1790512813.49698,1790512892.002582,True,1,6
35,0.003113985061645508,514.9420058727264,0.0,0.0,0.0012431144714355469,6,3.2734375,0.375,251,2,74,61,12,42,0.31643137198261684,0.4922981783020077,65.35680977068841,61.952275251969695,9.170725300908089,164.21163078944664,23.28134779073298,3.0997885308097466,2.7063200792890627,0.34732295997673646,3.306389069490251,3.295534012839198,173.19137036459142,101.33535048924387,7.875,6,7,1,2,0,183,291,143,78,1534.6015625,1446.5,5873,115,3,0.0,0.0,0.0,0.0,514.9420058727264,140.24581839939492,123.52951863082126,450.5815143492073,13.211324718780816,173.041492667345,19.046805054051376,65.03343645762652,21.799984856369402,63.57641500071809,11.405167830591735,170.7261955300346,17.061970495059487,-0.13931027054786682,-0.13931027054786682,0.2319866269826889,0.0,0.0,0.005892549175769091,0.002318402985110879,0.9999999403953552,0.9999576807022095,0.0,0.0058800759725272655,0.9999576807022095,1.0003384351730347,0.4003499266246463,2e-06,2e-06,128,35,1790512904.032459,1790512979.583781,True,3,7
36,12.9395112991333,1034.0774223804474,12.931249380111694,0.0,0.0012242794036865234,11,3.0390625,0.375,254,0,76,63,12,44,0.285042653180426,0.582375507481629,51.24627808853984,56.5296682883054,5.40812311321497,136.03108565278671,19.001788508147,2.2332455853465945,2.6067454999453123,0.31482023232092615,2.567661801702343,2.9743679576422437,143.87128773906443,78.8306105285883,6.4296875,8,4,0,4,0,191,295,149,80,1429.7890625,1109.0,6182,31,4,0.0,0.0,0.0,0.0,1034.0774223804474,120.90654330881807,96.72682124515995,954.2149087367579,13.72120679076761,83.14657891096195,10.826075260621296,105.56431702524424,12.05691113613022,29.49698543504668,5.978275771430178,302.0068091535941,8.444540578880371,-0.11704841256141663,-0.11704841256141663,0.2899409532546997,0.0,0.0,0.006226057652384043,0.004156813025474548,1.0,1.0000395774841309,0.0,0.00621660053730011,1.0000395774841309,1.000490427017212,0.4694036694442978,2e-06,2e-06,128,36,1790513005.533415,1790513077.27304,True,2,7
37,0.0047893524169921875,449.32187581062317,0.0,0.0,0.0023741722106933594,5,2.890625,0.5,252,1,73,65,13,45,0.19591061141545651,0.40418010185385356,64.41845020838082,50.70874663442373,7.145342634990811,143.83053810735146,18.664752919226885,1.5533588606995181,1.8020515615,0.34232382856862387,1.2129498636641074,1.8779642352455994,148.83242174265615,92.43642088025808,7.21875,7,6,1,2,0,195,302,153,80,1489.484375,1408.5,5148,171,4,0.0,0.0,0.0,0.0,449.32187581062317,122.61737078795704,103.86514166835696,394.7328249271959,13.298786617815495,194.97158877909408,20.87145208116368,283.9042690740898,56.692876804442484,70.71916231396496,11.457265441867204,283.9042690740898,31.121233716066314,-0.08757728338241577,-0.08757728338241577,0.27973052859306335,0.0,0.0,0.006876152008771896,0.0031012175604701042,1.0000001192092896,1.0000333786010742,0.0,0.006864609662443399,1.0000333786010742,1.0005484819412231,0.4139695693041277,2e-06,2e-06,128,37,1790513088.839586,1790513167.214014,True,4,7
38,29.18799328804016,1213.3340656757355,29.183369159698486,0.0,0.0015285015106201172,12,3.4375,0.5,254,0,74,68,13,48,0.38123880230705254,0.39710962168464903,87.55948017910123,51.53984887897968,5.737035371363163,168.99450672597595,20.056798439472914,1.9289956376014743,2.7879424314375,0.36010455583164,2.123677919655165,2.6811402383464156,175.69173549603875,116.50415081344545,9.1875,6,5,2,3,0,201,308,159,82,1512.984375,1299.5,5685,219,7,0.0,0.0,0.0,0.0,1213.3340656757355,150.19057027396775,113.43582033365965,1119.9266284788027,9.700553433038294,67.7355360393364,7.584061356486501,374.08097346127033,10.964511284336734,26.601907020573222,4.685436732408798,1119.9266284788027,60.862391374834566,-0.19539715349674225,-0.19539715349674225,0.25657379627227783,0.0,0.0,0.006659045349806547,0.0022653003688901663,1.0,0.9999587535858154,0.0,0.006640976760536432,0.9999587535858154,1.0003937482833862,0.45158014362013776,2e-06,2e-06,128,38,1790513209.98387,1790513283.810639,True,1,7
39,0.0010035037994384766,977.24298620224,0.0,0.0,0.000946044921875,11,3.3671875,0.375,253,4,75,68,13,48,0.29727693492895924,0.44520359132729936,102.99244294501841,58.7618583291769,7.907201966270804,189.43413243418036,16.532500403001904,1.688161394376948,2.6064671778125,0.29064801162166987,2.576892351593415,3.8324065690976568,197.98406243295904,129.30727779679,11.046875,4,5,3,4,0,205,318,161,83,1171.625,1076.5,3372,110,4,0.0,0.0,0.0,0.0,977.24298620224,173.09820581025997,123.8947526072152,911.0716359065846,19.818286432884634,86.39577654558269,8.40834891221158,83.94597309734672,9.198508311854322,25.576716353627564,3.450523613481495,154.32447364274412,4.0976110617710875,-0.09965211898088455,-0.09965211898088455,0.27691328525543213,0.0,0.0,0.006975340656936169,0.0029913741163909435,1.0,0.9999971389770508,0.0,0.006963998544961214,0.9999971389770508,1.0004788637161255,0.7077999678085463,2e-06,2e-06,128,39,1790513292.759104,1790513364.911902,True,2,7
40,0.0015244483947753906,1370.926498413086,0.0,0.0,0.0014274120330810547,14,3.9765625,0.5,252,5,79,69,13,49,0.31920211243414087,0.45965642521332484,97.63216799125075,57.94985702447593,9.094822896644473,192.8021221762392,23.420231414958835,3.058460432032007,3.291977175234375,0.534469988917408,1.8570287179973093,3.5580129642330576,201.17242127503414,133.55250210501254,9.796875,5,7,2,2,0,207,328,167,86,1298.8203125,1140.0,5598,183,6,0.0,0.0,0.0,0.0078125,1370.926498413086,171.60327886747837,112.63346526259556,1324.596118803136,21.00617018248886,57.779659783626634,7.465024574144823,51.51299613341689,7.756476633229689,20.21127077107359,4.083369900924636,1142.2743214257061,24.48260092581133,-0.17712754011154175,-0.17712754011154175,0.2852340042591095,0.0,0.0,0.00735906045883894,0.0027611299883574247,1.0,0.9998520612716675,0.0,0.00733567588031292,0.9998520612716675,1.0002405643463135,0.4827786875122263,2e-06,2e-06,128,40,1790513398.501412,1790513471.856778,True,2,7
41,0.005977630615234375,857.6079642772675,0.0,0.0,0.004873752593994141,10,3.2578125,0.3125,256,5,77,70,13,50,0.31589892333431635,0.5784631909045856,77.76291832327843,42.939571898430586,7.967574322596192,155.86418102715106,22.269227856770158,3.418690283266187,2.600888640328125,0.45977840445993934,2.4205872557868133,3.1985423584847013,164.31845579636138,111.98855136334896,8.21875,7,5,1,3,0,215,331,169,88,1383.921875,1381.0,4310,16,3,0.0,0.0,0.0,0.0,857.6079642772675,134.16666388348676,107.90077508380637,760.915123921819,18.25791080389172,102.83331118664184,11.486600416895312,108.52080500591546,13.150672626109639,34.42559758822572,5.025606313756857,261.9963004970923,7.236258559219064,-0.11805859208106995,-0.11805859208106995,0.3006003201007843,0.0,0.0,0.006632814183831215,0.011191298253834248,1.0,1.0000202655792236,0.0,0.006620974745601416,1.0000202655792236,1.0004841089248657,0.6614497677306006,2e-06,2e-06,128,41,1790513480.353918,1790513553.736219,True,2,7
42,1.6507940292358398,551.8567080497742,1.6496546268463135,0.0,0.001069784164428711,7,3.421875,0.625,251,0,70,72,13,50,0.38837341743783327,0.2662005508391303,68.61818769387901,49.549555039033294,6.521495513617992,149.3695553240177,20.28512096963823,2.7770726740927785,2.51894059846875,0.2545718182664132,2.0489984456580714,3.822539959124697,157.57840522528568,98.99319319427013,7.5703125,8,4,1,3,0,215,338,172,89,1495.6953125,1176.5,6380,100,7,0.0,0.0,0.0078125,0.0078125,551.8567080497742,130.50482716256374,104.81726137222722,541.6242330279201,14.351511699147522,168.68207267480986,22.482285381372883,23.732346647419035,23.49257278542325,57.819658982542876,11.560972091009832,361.7891647275537,33.5670145911447,-0.2618132531642914,-0.2618132531642914,0.3002856373786926,0.0,0.0,0.00746108079329133,0.005075821187347174,1.0,1.0000388622283936,0.0,0.007451110519468784,1.0000388622283936,1.0005953311920166,0.5040119858633532,2e-06,2e-06,128,42,1790513563.957629,1790513640.477726,True,3,9
43,34.619410037994385,369.68921995162964,34.618104457855225,0.0,0.0011410713195800781,5,2.5546875,0.25,252,0,68,81,14,56,0.20803648296714528,0.2696874569810461,60.44868164882064,52.529533518478274,3.886541485786438,136.39095809631544,16.2255833838135,1.9988503349377424,2.1470184126093748,0.33272716269857483,1.4350516824997612,3.013839250219462,142.65075112241902,83.25762331299484,6.6484375,7,4,1,4,0,220,347,179,91,1313.9296875,1278.5,2776,202,4,0.0,0.0,0.0,0.0,369.68921995162964,122.4576984893938,103.97984014591202,329.5522233005613,19.158462572842836,242.39413854622185,32.65715998313296,215.11440925765783,78.10457567955365,75.82179432677947,7.509009866079443,181.53534273710102,14.753881456478679,-0.08911465108394623,-0.08911465108394623,0.24570375680923462,0.0,0.0,0.006078407634049654,0.003495620097965002,0.9999999403953552,0.999991774559021,0.0,0.006052748765796423,0.999991774559021,1.0004255771636963,0.6456031440366414,2e-06,2e-06,128,43,1790513684.287508,1790513760.742852,True,,11
44,54.54805827140808,404.6713070869446,54.546979665756226,0.0,0.0009675025939941406,5,2.328125,0.5,251,0,72,82,14,57,0.2104866593144834,0.3891854566099937,54.562874821946025,63.630457105115056,3.379477072507143,142.6329371638858,16.226856272667646,2.9756315363774775,2.98793746140625,0.2820135696820216,2.2765579255792545,3.5914060592331225,150.61039924135548,77.52091149054468,5.8671875,6,5,0,5,0,223,359,181,95,1281.8359375,1017.0,5021,50,5,0.0,0.0,0.0,0.0,404.6713070869446,131.08189432785002,113.57343012839556,381.14471818413585,29.32892615441233,225.7976578351809,28.31680872678726,169.5434963144362,48.73519624221249,67.57541949337667,12.407600717095631,146.8348916657269,19.47358751399557,-0.15190576016902924,-0.15190576016902924,0.3231852650642395,0.0,0.0,0.007536499295383692,0.007164346054196358,1.0,1.0001627206802368,4.954026735504158e-06,0.007542099338024855,1.0001496076583862,1.0008046627044678,0.5963249588078571,2e-06,2e-06,128,44,1790513821.499473,1790513893.285162,True,3,11
45,0.022179126739501953,1294.7399158477783,0.01748347282409668,0.0,0.0018181800842285156,14,3.5546875,0.3125,249,0,69,82,14,57,0.3393061625320115,0.4829037235249416,120.15670526213944,54.84467991255224,6.911394132301211,211.91531998811843,24.289233485236764,2.2140289278395358,3.0925381748671876,0.406409080591402,2.319393201461935,4.156159834630671,220.50107757116348,154.60253186523914,12.4296875,8,2,3,3,0,226,366,183,96,1542.9453125,1525.0,5434,110,4,0.0,0.0,0.0,0.0,1294.7399158477783,190.76275338233972,124.51171932881698,1204.5188351357356,12.508181378245354,68.99751234968201,8.494370078023476,294.364304789342,10.993870580634896,25.42299520063348,4.196981906162899,294.364304789342,5.431959695869251,-0.10159800946712494,-0.10159800946712494,0.2959729731082916,0.0,0.0,0.007755582220852375,0.005325691774487495,1.0,1.0000406503677368,0.0,0.007744778413325548,1.0000406503677368,1.0006543397903442,0.7412056300761068,2e-06,2e-06,128,45,1790513911.837523,1790513991.127968,True,1,11
46,30.173598289489746,1129.6158773899078,30.161600828170776,0.0,0.0026941299438476562,12,3.859375,0.4375,254,0,73,84,14,58,0.5316421118186554,0.558327364444267,126.65955576114357,61.76676853746176,9.012543195858598,234.8446944575844,29.85126463137567,2.6879069443966728,3.26228224646875,0.40514592443651054,2.804865839992999,4.49543452821672,244.46672200097237,170.08477662689984,13.2109375,8,3,4,1,0,231,375,190,97,1824.6328125,1471.0,6435,57,4,0.0,0.0,0.0,0.0,1129.6158773899078,206.69280870626244,154.55221909377724,1074.4869026783854,31.27378894109279,82.33949421365577,9.892743386203966,169.89156326744705,11.643968831005433,34.459058852768,5.696626728431545,194.51652625016868,6.881621714480655,-0.1756988912820816,-0.1756988912820816,0.2988959848880768,0.0,0.0,0.007925751619040966,0.006720676552504301,0.9999999403953552,1.00025475025177,0.0,0.007926310412585735,1.00025475025177,1.0011235475540161,0.5192013316830248,2e-06,2e-06,128,46,1790514040.302648,1790514134.198094,True,3,12
47,0.027156591415405273,1323.6405215263367,0.022897720336914062,0.0,0.0012078285217285156,13,2.953125,0.375,250,1,72,87,14,61,0.2606933041824959,0.7960074533475563,71.50883673503995,62.2171094045043,10.12817413546145,180.2424120965079,29.077279267832637,3.3606043197287363,3.7606105711328124,0.7350866533088265,2.5193526881485013,4.963558659423143,190.93755186381168,115.72005504369736,7.40625,9,5,1,1,0,235,381,196,99,1453.78125,1290.5,5931,407,4,0.0,0.0,0.0,0.0,1323.6405215263367,153.0730598431328,114.56938940891996,1170.994365574792,22.099042740650475,63.21542642371811,6.343867434881128,83.00363583303988,6.768297877349956,23.430832990997178,4.480823836641655,246.14826984982938,5.504447935260558,-0.14745691418647766,-0.14745691418647766,0.21026256680488586,0.0,0.0,0.005540505517274141,0.0036910786293447018,1.0,0.9999587535858154,0.0,0.005526926834136248,0.9999587535858154,1.0003080368041992,0.3896850721685895,2e-06,2e-06,128,47,1790514151.738882,1790514224.966517,True,2,12
48,0.006330966949462891,831.7074046134949,0.0,0.0,0.0015370845794677734,9,3.0078125,0.5625,249,2,69,89,15,62,0.3166232153089368,0.531565824712743,83.38894335366786,60.950798166915774,11.031802905723453,184.16338006075966,23.9998675044626,3.428752073989017,2.9055020752109373,0.6640087376217707,4.524839019773935,5.075644850803656,197.54750183964643,121.89045367017388,8.4609375,7,3,2,4,0,237,389,198,102,1315.671875,1173.0,3670,144,7,0.0,0.0,0.0,0.0,831.7074046134949,161.9833636225958,126.74048665491864,746.232695675455,23.100951020605862,95.43961361053557,13.825775670884802,50.46316431462765,14.718828513348175,33.74704434633484,4.412609506230735,734.4999365555122,37.75430091246597,-0.17822521924972534,-0.17822521924972534,0.30115991830825806,0.0,0.0,0.007736983243376017,0.006172584369778633,1.0,0.9997596740722656,0.0,0.007707622833549976,0.9997596740722656,1.0000675916671753,0.4064217351172813,2e-06,2e-06,128,48,1790514240.147838,1790514313.898788,True,2,12
49,35.821772813797,1463.3485383987427,35.811554193496704,0.0,0.0018291473388671875,14,3.921875,0.4375,255,0,72,90,15,62,0.36969057065289235,0.3913617370490101,133.370738055557,60.114520670846105,14.821764262393117,246.3598753786573,32.85784200206399,2.8004744423160446,3.6116340968046874,0.5108615892604575,3.218278914988332,4.456325020430086,256.94482049719954,184.69121802411973,12.90625,6,4,4,2,0,242,399,203,102,1535.21875,1232.5,5040,51,5,0.0,0.0,0.0,0.0,1463.3485383987427,212.91800186226465,143.38158663688228,1331.4634254937991,22.64954804442823,62.3133616318409,7.166440342008552,201.64680537208915,8.311790120826014,22.381088629214208,3.4441555567581865,1083.2657299842685,13.260268258447411,-0.0910794585943222,-0.0910794585943222,0.33728301525115967,0.0,0.0,0.008699866011738777,0.008638189174234867,0.9999999403953552,0.9999896883964539,0.0,0.008669033646583557,0.9999896883964539,1.000596523284912,0.4678488652652483,2e-06,2e-06,128,49,1790514360.80756,1790514448.476658,True,2,13
50,0.001497507095336914,750.0174925327301,0.0,0.0,0.0014026165008544922,7,3.109375,0.5625,255,4,77,91,16,62,0.43912379541870905,0.6195239543594653,61.24077324196696,57.9115959238261,14.419538136571646,164.2485431265377,25.19724831916392,3.269579906431318,3.322483779679688,0.5531621346817701,3.510008179495344,5.070691151508072,175.5764549698797,105.09874829463661,6.4375,10,4,0,2,0,249,409,208,102,1619.7109375,1537.0,4501,164,3,0.0,0.0,0.0,0.0,750.0174925327301,135.33818976470502,112.32152355834842,712.4885140880942,30.658505733124912,134.02242969990476,14.936984952402442,192.2922892086208,20.086953096666193,46.070703253398364,6.001193365238185,169.04111158382148,7.7473028983528,-0.07161926478147507,-0.07161926478147507,0.2505188584327698,0.0,0.0,0.00640109134837985,0.005491644609719515,1.0,0.9999812841415405,0.0,0.0063804336823523045,0.9999812841415405,1.000434398651123,0.3571816976748457,2e-06,2e-06,128,50,1790514485.573809,1790514566.280042,True,6,13
51,0.006302356719970703,366.3309850692749,0.0,0.0,0.0010223388671875,5,2.4140625,0.25,250,2,75,92,16,63,0.193923886254197,0.7440022811642848,46.8519031945616,54.6777639426291,6.147991480305791,134.144078836478,22.284993160516024,2.956732995378843,2.5516571800703125,0.5206874119612621,2.1796352534001926,4.35930703523627,143.6496349336885,78.64030846208334,5.4453125,8,5,0,3,0,255,413,212,103,1200.4765625,1130.0,2925,70,4,0.0,0.0,0.0,0.0,366.3309850692749,114.47167788398656,107.19414634536952,295.0301084825769,17.451059400103986,213.97134429813653,28.367788758122177,106.8770565316081,40.05335382112481,69.90991128370881,7.9845825748178765,105.35116947814822,11.207763302977252,-0.16310551762580872,-0.16310551762580872,0.27813225984573364,0.0,0.0,0.006885824725031853,0.010041882283985615,1.0,0.9999435544013977,0.0,0.006888843607157469,0.9999435544013977,1.000428557395935,0.6310315443427507,2e-06,2e-06,128,51,1790514584.356528,1790514651.895055,True,,13
52,0.0011005401611328125,596.1081862449646,0.0,0.0,0.0010044574737548828,6,3.046875,0.25,256,2,74,93,16,64,0.44732556000963086,0.41690158185519977,56.499911937862635,54.95491895824671,8.987167809158564,144.43681633346569,19.37508642487228,3.118095455203729,2.28183356453125,0.21052475118631264,2.206533173644857,5.767640813093749,155.17244657091942,88.78673060238361,5.328125,7,2,0,7,0,257,418,218,106,1140.203125,998.0,5617,53,3,0.0,0.0,0.0,0.0,596.1081862449646,126.39204023532511,102.85583059117198,402.4577462123707,31.59471430722624,131.70763598226497,17.488436227775527,67.23356323968619,19.711666142650135,40.8052328329165,9.42278621500385,271.6481587467715,17.311839745903,-0.06234611198306084,-0.06234611198306084,0.29793423414230347,0.0,0.0,0.007667074911296368,0.012472745962440968,1.0,1.0001662969589233,0.0,0.007648328319191933,1.0001662969589233,1.000950574874878,0.6241255364747113,2e-06,2e-06,128,52,1790514660.745483,1790514725.909385,True,1,13
53,11.34528660774231,394.6434586048126,11.343422651290894,0.0,0.0017547607421875,4,2.796875,0.3125,256,0,73,96,16,67,0.4379125920822844,0.9436102893014322,52.60926705598831,48.63111315108836,10.706846402958035,141.34400640371314,23.916333816945553,4.331462076275784,3.2604239943125,0.4161688385720481,2.547924267259077,5.281602705224941,152.90701350691234,91.90757770091295,5.5078125,8,6,0,2,0,261,428,221,107,1108.5859375,1154.5,2876,159,5,0.0,0.0,0.0,0.0,394.6434586048126,117.33912328215229,106.76485467981547,368.87082169018686,30.280606979504228,183.2776693905938,19.166667621303272,127.14208848122507,28.276490683039782,59.92708815431237,7.287590703181942,120.52906458545476,10.491970005037013,-0.07456699758768082,-0.07456699758768082,0.21514247357845306,0.0,0.0,0.00568067841231823,0.006029793061316013,1.0,1.0000250339508057,0.0,0.00567907840013504,1.0000250339508057,1.0004507303237915,0.39572879598783783,2e-06,2e-06,128,53,1790514746.968167,1790514813.56691,True,,13
54,0.0020568370819091797,781.1461098194122,0.0,0.0,0.0009229183197021484,8,3.4296875,0.6875,249,1,68,99,16,69,0.2895652917723055,0.7340680180350319,71.92525659874082,48.00126203149557,11.739347798749804,162.37044530949788,25.478646896779537,3.655178212124156,2.793478153765625,0.6468620903688134,3.9384784743233467,6.914711498480756,176.4071107146592,113.44761778600514,7.2109375,5,5,1,5,0,263,435,225,108,1264.4296875,1165.5,5645,52,8,0.0,0.0,0.0,0.0,781.1461098194122,139.2898071060481,112.71327979443595,692.4993615280837,33.60345522221178,101.03892943269354,13.43666680030769,112.21205702237785,15.690634908049239,34.53195203933877,7.226560983968836,252.98958408180624,10.688119383011275,-0.21103796362876892,-0.21103796362876892,0.32357385754585266,0.0,0.0,0.00812335405498743,0.017752762883901596,1.0,1.0001864433288574,0.0,0.00811163429170847,1.0001864433288574,1.0010478496551514,0.6106664714962149,2e-06,2e-06,128,54,1790514826.071,1790514894.069638,True,3,14
55,18.32748508453369,1040.944030046463,18.32633900642395,0.0,0.00106048583984375,11,2.9453125,0.3125,256,0,72,99,16,69,0.3649822638108162,0.706274356591166,69.22982096672058,45.30125408619642,11.67832580767572,157.39277637675696,26.462484324350953,3.32999667776312,2.6179106564609373,0.4568117755916319,2.729078464974009,4.431414260121528,168.17530759903457,111.19379224814475,7.1171875,7,4,2,3,0,270,441,228,112,1463.53125,1209.5,7082,113,3,0.0,0.0,0.0,0.0,1040.944030046463,131.5756406080618,110.53845884976909,974.7951596518978,32.77293042745441,74.3206785702143,10.37519759781699,291.7547116363421,14.415581929169829,29.993927722133524,6.8034397581240675,291.7547116363421,9.45288437244266,-0.04353909194469452,-0.04353909194469452,0.2760959267616272,0.0,0.0,0.0069380649365484715,0.0069548701867461205,1.0,1.0000903606414795,0.0,0.0069246902130544186,1.0000903606414795,1.0006816387176514,0.49439715334595885,2e-06,2e-06,128,55,1790514922.188561,1790514995.501073,True,2,14
56,5.076435089111328,804.5436894893646,5.074382543563843,0.0,0.0009222030639648438,9,3.3125,0.3125,251,0,70,99,16,69,0.414008277009998,0.7391138334351126,70.0078039728105,52.88680197112262,10.215100701898336,164.26325321422337,25.42007363215089,4.058868803360383,3.1616335708515626,0.47484805688873166,2.202915675661643,5.4451657970421365,175.4874140134125,110.23144495487213,7.5,9,4,1,2,0,274,449,228,114,1445.375,1352.0,3825,395,3,0.0,0.0,0.0,0.0,804.5436894893646,140.48912277515046,113.28540216572583,746.6841790219769,26.586013216525316,105.85234145256335,14.022855622869363,62.367735624313354,15.201247010559156,38.32565846888576,4.75424771826585,469.97575444355607,11.432655671190625,-0.09083806723356247,-0.09083806723356247,0.23384274542331696,0.0,0.0,0.006101681850850582,0.0057267178781330585,1.0,0.9999449849128723,7.719861969235353e-06,0.006077880971133709,0.999941885471344,1.0003283023834229,0.4577542316734934,2e-06,2e-06,128,56,1790515015.31991,1790515092.388102,True,2,14
57,25.779571056365967,1594.3517479896545,25.777891397476196,0.0,0.0014774799346923828,16,3.296875,0.375,249,0,74,100,16,69,0.5638555511686718,0.6880015592614654,95.33542551286519,57.481663309037685,9.551211509853601,194.94255478855484,27.414751525968313,2.8132022963254713,3.331950347796875,0.43391010720370105,2.605487863154849,3.5519805023723166,204.2740433701183,136.20303698256612,9.9296875,10,2,2,2,0,279,457,233,117,1624.9296875,1300.0,6820,91,4,0.0,0.0,0.0,0.0,1594.3517479896545,169.9710800892426,128.17064717039466,1528.5025606779382,9.36440253071487,53.477847725578094,7.391091717908954,215.0426740720868,8.543407871979426,21.74248355820889,4.277600603881456,306.03703167662024,5.293737557790094,-0.1846417784690857,-0.1846417784690857,0.27642762660980225,0.0,0.0,0.00722522335126996,0.008449477143585682,0.9999999403953552,0.9998860359191895,0.0,0.007205582223832607,0.9998860359191895,1.000307321548462,0.49235671026035305,2e-06,2e-06,128,57,1790515133.471828,1790515213.35007,True,2,15
58,0.0010385513305664062,1069.917695760727,0.0,0.0,0.0009932518005371094,12,3.4140625,0.125,251,4,76,101,16,70,0.46341482132993406,0.5741016271349508,89.30655822716653,57.74301170744002,9.981823109090328,185.9360435720737,24.05188656039536,3.331461384303111,3.27375745140625,0.6907733238840592,2.6877276364102727,3.762205579150759,195.66050560508302,127.38669384270906,8.921875,6,7,2,1,0,286,464,236,119,1547.4609375,1408.0,4335,65,2,0.0,0.0,0.0,0.0,1069.917695760727,162.14062850852497,144.17132706800476,995.441543046385,35.03462393023074,79.59038999361546,9.709158041931424,125.92841921839863,11.004362293234381,30.85517711390654,4.0517135263547095,410.53509356919676,6.574331784903262,-0.04766397923231125,-0.04766397923231125,0.2574140727519989,0.0,0.0,0.007173184305429459,0.007428930606693029,1.0,1.0000559091567993,0.0001201923078042455,0.007149129640311003,1.0000452995300293,1.0007840394973755,0.8415432789190846,2e-06,2e-06,128,58,1790515247.147292,1790515328.855884,True,,15
59,0.001313924789428711,1416.805101633072,0.0,0.0,0.001252889633178711,15,3.171875,0.4375,252,1,71,103,17,71,0.2841833163620322,0.26307104986335617,68.96754123270512,48.91204387880862,10.030872900038958,148.39708418614464,17.726212315261364,1.9625593151795329,1.9457712210546876,0.3339094101684168,1.4532527286064578,2.977535995654762,154.97864821024268,98.91913313791156,7.3515625,5,5,1,5,0,291,467,240,120,1097.0,1002.5,4973,39,6,0.0,0.0,0.0,0.0,1416.805101633072,128.3255664228709,88.75035255216062,1321.8768939850852,9.418430526740849,41.53558825099001,6.945203675973486,177.9187707155943,7.942617296223477,16.517915300906047,3.510009947217088,812.5300788683817,8.229696433996954,-0.16660411655902863,-0.16660411655902863,0.3422184884548187,0.0,0.0,0.00846138782799244,0.025248682126402855,1.0,0.9999279975891113,0.0,0.008428378961980343,0.9999279975891113,1.0004220008850098,0.6464360844304241,2e-06,2e-06,128,59,1790515337.753517,1790515396.496092,True,1,15
60,28.011332035064697,1181.88911318779,28.009700298309326,0.0,0.001455545425415039,13,3.3828125,0.3125,253,0,69,107,19,72,0.28219582640304,0.3151689726510085,99.06523826904595,55.31708765774965,12.860956152901053,187.21212076485972,17.127757830545306,1.8402338993910234,2.1766596425234375,0.2017127755243564,1.4773923664106405,2.4680414671383915,193.24427105088398,131.24435303919017,10.3359375,5,7,2,2,0,296,476,242,122,1487.828125,1329.0,5064,16,3,0.0,0.0,0.0,0.015625,1181.88911318779,162.93940375396778,113.1338333338499,1150.2707291292027,13.370660722255707,66.14904263096568,7.502395868664817,863.534836102277,27.852617785368224,26.855593286347602,4.284665916196982,488.38901065755635,7.302089763972647,-0.09775032103061676,-0.09775032103061676,0.3268730342388153,0.0,0.0,0.00747951352968812,0.017579225823283195,1.0,0.9999219179153442,0.0,0.007461796049028635,0.9999219179153442,1.0003622770309448,0.6547464676478048,2e-06,2e-06,128,60,1790515452.717053,1790515521.983232,True,2,16
61,60.40911555290222,1921.057373046875,60.40764904022217,0.0,0.0012819766998291016,18,4.0078125,0.5,253,0,72,110,19,75,0.23213600362942088,0.4956305279483786,92.98439990915358,76.24893457628787,11.517109652981162,206.42150420601683,21.289765175431967,1.3058699025568785,2.038467354234375,0.4131599618558539,0.9763166042175726,2.144510254423949,211.43329054192145,128.37316780537367,9.6328125,8,5,1,2,0,303,486,246,123,1436.203125,1015.0,5688,153,3,0.0,0.0,0.0078125,0.0078125,1921.057373046875,181.52750192443636,120.71412787074223,1836.270565930754,37.48417461849749,40.10143983596002,4.620892704480094,131.93106480594724,4.961639633329121,15.94902912837283,2.9608694044252313,394.66143991053104,3.7264250228396834,-0.1326645463705063,-0.1326645463705063,0.26888537406921387,0.0,0.0,0.0075436923652887344,0.00768138887360692,0.9999998807907104,0.9999423027038574,0.0,0.0075111775659024715,0.9999423027038574,1.0004678964614868,0.44457344163343626,2e-06,2e-06,128,61,1790515592.020895,1790515666.727753,True,5,16
62,7.948739528656006,765.4789352416992,7.942702293395996,0.0,0.0010569095611572266,7,3.1640625,0.375,251,0,72,110,19,75,0.29607543544261716,0.41683258504781406,123.25639889016747,68.5322952978313,10.766620736569166,229.43306048423983,20.96012152545154,2.449355776931043,3.0048188117265626,0.4717664238778525,2.2928591029485688,3.225141305294528,237.4591138366377,157.95349092409015,12.6640625,6,6,3,1,0,304,497,248,125,1675.984375,1633.0,5974,336,1,0.0,0.0,0.0,0.0,765.4789352416992,205.40971776600782,149.0417301375419,729.4484716793522,14.696175288408995,123.05128505845202,13.066329508913107,265.11086646001786,19.989285136346368,46.708448380808726,7.804264395745541,477.3737495671958,20.73548237604209,-0.026664894074201584,-0.026664894074201584,0.23426327109336853,0.0,0.0,0.006247884593904018,0.006192030850797892,0.9999999403953552,0.9998756051063538,0.0,0.006226114928722382,0.9998756051063538,1.0001827478408813,0.4061077308963479,2e-06,2e-06,128,62,1790515690.985915,1790515775.967093,True,5,16
63,0.016309738159179688,696.4913487434387,0.013081789016723633,0.0,0.0008804798126220703,7,2.828125,0.1875,256,0,70,113,20,77,0.24789556331961649,0.42996437758847605,89.05485098809004,54.80950000323355,11.491555593907833,179.68468249700527,19.65503380075097,2.3705933822420775,2.9930613950156246,0.38744335875526303,2.1186822847885196,3.0365882857804536,187.04473862451414,123.16405455954373,9.796875,9,4,2,1,0,309,504,251,127,1260.65625,1175.5,3687,111,3,0.0,0.0,0.0,0.0,696.4913487434387,155.46745466312132,117.82408242346719,604.9408256160095,24.048883248120546,92.0329689411243,10.835741195659892,604.9408256160095,82.43535637142487,38.613544947141534,5.293676664687694,604.9408256160095,40.27284469874699,-0.10691994428634644,-0.10691994428634644,0.23279353976249695,0.0,0.0,0.006340149324387312,0.008786053396761417,1.0,1.0000516176223755,1.415307997376658e-05,0.006333863362669945,1.0000507831573486,1.0005543231964111,0.5602828410820341,2e-06,2e-06,128,63,1790515790.227943,1790515858.139386,True,,16
64,31.993196725845337,1633.8143272399902,31.992127418518066,0.0,0.0009512901306152344,16,3.46875,0.5,256,0,69,115,20,78,0.1704474895814201,0.4085072831658181,81.37938395701349,55.01556405797601,9.413832388818264,169.04774482906942,19.31825591251254,1.9169881796551635,2.717378445375,0.40611221115250373,2.6844505993285566,4.058539397090499,177.805560265675,112.93453428894281,8.2890625,8,5,1,2,0,315,510,256,127,1234.1171875,1179.0,3485,176,3,0.0,0.0,0.0,0.0,1633.8143272399902,149.53730119347892,108.27329284604639,1579.0744909243658,22.153057787567377,42.036498388011125,6.566229602186717,290.0363115267828,7.98346146056433,16.11433618519496,2.1330453172651667,695.028180686757,3.7122405489207817,-0.10660805553197861,-0.10660805553197861,0.22606663405895233,0.0,0.0,0.006191845517605543,0.009867577813565731,1.0,0.999948263168335,0.0,0.006173382978886366,0.999948263168335,1.00034761428833,0.40662432811082316,2e-06,2e-06,128,64,1790515901.300888,1790515969.722196,True,5,17
65,53.4598286151886,1041.0743298530579,53.4543673992157,0.0,0.0010919570922851562,9,2.828125,0.3125,249,0,76,115,20,78,0.34077340711519355,0.636039626719139,64.95216751471162,59.729750441387296,7.581810507923365,156.9337967895408,20.00694691389799,2.8942460722173564,2.2635365793281252,0.4942416053600027,2.4261294302050374,4.067233461195428,166.26214011033153,96.04114590026438,6.6796875,8,3,1,4,0,319,526,258,128,1302.4609375,1144.0,6474,100,4,0.0,0.0,0.0,0.0,1041.0743298530579,139.2035323789314,117.29397305333987,983.4423252092674,6.825684058479965,70.51465769054316,10.49877005568153,58.96388825867325,11.129094587626971,26.689576850151667,6.218576151919692,283.4388156393543,8.545005980506216,-0.10963628441095352,-0.10963628441095352,0.23150178790092468,0.0,0.0,0.006246486678719521,0.015505798161029816,1.0,0.9999567866325378,0.0,0.006226375233381987,0.9999567866325378,1.000373363494873,0.4561257807274637,2e-06,2e-06,128,65,1790516040.889331,1790516109.737927,True,1,17
66,0.001483917236328125,676.593915939331,0.0,0.0,0.0009281635284423828,7,2.484375,0.375,250,0,74,116,20,79,0.34090445101901423,0.876092137186788,60.93224142678082,59.07068305276334,10.422673270106316,154.04416440211207,18.900134751573205,2.7404023463022895,2.5735107250625,0.566194806531712,2.027768828396802,3.990102016607125,163.10558797439444,93.46780356019735,6.3203125,8,5,1,2,0,325,531,262,128,1119.328125,1143.5,2704,29,5,0.0,0.0,0.0,0.0,676.593915939331,132.90593570929923,115.06566134281456,626.4809727268293,24.7994228862226,97.97925329350873,12.601354814376592,150.74563700240105,16.213802234432347,35.29295702703479,3.9964887893589376,255.81789268925786,6.4262216727899775,-0.22434501349925995,-0.22434501349925995,0.2779516875743866,0.0,0.0,0.006916980259120464,0.01323162391781807,1.0,0.9999358654022217,0.0,0.006900449749082327,0.9999358654022217,1.0003345012664795,0.44006064912731585,2e-06,2e-06,128,66,1790516119.882396,1790516187.322213,True,1,17
67,0.13762831687927246,838.5994961261749,0.13113975524902344,0.0,0.0016214847564697266,8,2.8671875,0.1875,254,0,74,116,20,79,0.33407626862754114,0.7607969318851246,80.10029090195894,59.24362045712769,8.890526598319411,174.60262922601396,21.4642974101007,2.7989802184165455,3.0062848101875,0.4014298983383924,1.8642516644249554,4.789634465421841,183.89882702341856,114.10741754993796,8.28125,8,4,1,3,0,328,538,264,132,1227.4140625,1096.5,3943,68,2,0.0,0.0,0.0,0.0,838.5994961261749,153.29890841979068,110.23078539874405,768.5607158793136,28.329680469818413,77.7675560676953,11.792279921084177,356.90839013271034,20.529754186771658,31.22448016519388,4.701886917669624,659.2049271194264,21.97948367016435,-0.07368031144142151,-0.07368031144142151,0.2986680269241333,0.0,0.0,0.007315149065107107,0.021516982465982437,1.0,1.000186562538147,0.0,0.007291354704648256,1.000186562538147,1.0008716583251953,0.772711596227939,2e-06,2e-06,128,67,1790516205.408819,1790516269.126661,True,1,17
68,11.34581184387207,514.363842010498,11.33878755569458,0.0,0.0009577274322509766,6,2.859375,0.375,249,0,68,119,21,81,0.3937593742302852,0.6200154309626669,60.31695290282369,44.944837072864175,9.187588684260845,144.68389820624725,24.63417817465961,4.0942886699631345,3.0363267653437496,0.323318008602655,2.406788626103662,4.013333620088815,155.1049592782001,98.25646420940757,6.4296875,11,3,0,2,0,330,544,268,133,1371.03125,1377.0,3355,16,3,0.0,0.0,0.0,0.0,514.363842010498,121.39184397851204,112.0663680662401,447.43304345197976,15.560682795010507,163.29264709788654,18.667719648544086,185.60762343928218,29.207052087807106,56.863768946787104,6.522620227126162,146.18710364494473,9.112471404070362,-0.10233569145202637,-0.10233569145202637,0.2754935622215271,0.0,0.0,0.0064307874999940395,0.018752161413431168,0.9999999403953552,1.0000264644622803,0.0,0.006419249810278416,1.0000264644622803,1.0004774332046509,0.7080737274004406,2e-06,2e-06,128,68,1790516290.591111,1790516364.618004,True,3,17
69,20.740570783615112,415.3620545864105,20.7351233959198,0.0,0.0009698867797851562,5,3.03125,0.1875,254,0,68,122,21,82,0.37071305778226815,0.5879534446648904,54.03712360933423,57.19696791097522,10.688786629587412,147.67165683006897,20.603807231411338,3.6893494631076464,2.4443905080468755,0.6134620674565667,1.6955076923477463,4.798263095690345,157.54774163908587,89.465540420264,5.5859375,5,8,0,3,0,333,554,272,135,1331.3125,1391.5,3950,133,2,0.0,0.0,0.0,0.0,415.3620545864105,125.66647907666629,108.85531617095694,341.81082823406905,27.235129022970796,200.6811465152563,23.28330162375985,108.94298732001334,31.56135186454355,68.37729402512096,9.509775764021446,333.1227287873626,48.03054939496753,-0.05621705576777458,-0.05621705576777458,0.2300080955028534,0.0,0.0,0.005861416459083557,0.011049303226172924,1.0,0.9999364614486694,0.0,0.005844568833708763,0.9999364614486694,1.000278115272522,0.6185108194553596,2e-06,2e-06,128,69,1790516398.904626,1790516471.08472,True,1,19
70,13.629788398742676,440.1316018104553,13.624170303344727,0.0,0.0008265972137451172,5,2.5,0.4375,252,0,74,125,21,85,0.23475334682007087,0.5018097568390658,51.6250814255327,57.22391987964511,8.253892064094543,145.66860762830765,23.53190721385181,3.3897689101140713,2.9289953012734378,0.45386018784483895,3.1079184014161,4.474714485681034,155.69635542906326,87.68358705565333,6.015625,10,3,0,3,0,336,566,279,138,1480.9453125,1291.5,4235,45,4,0.0,0.0,0.0,0.0,440.1316018104553,123.40800199592195,113.98882441595197,411.7584883114323,5.08677157945931,189.12335838705349,22.41375070415509,268.3591599352658,57.43063259919157,71.78193947001762,9.622122071170482,268.3591599352658,24.65471151115827,-0.06675466895103455,-0.06675466895103455,0.20519913733005524,0.0,0.0,0.0054426053538918495,0.012570087797939777,0.9999999403953552,0.9999336004257202,0.0,0.005425917450338602,0.9999336004257202,1.0002511739730835,0.48679409148134123,2e-06,2e-06,128,70,1790516527.415399,1790516597.081964,True,3,19
71,28.755126237869263,358.53884291648865,28.75404930114746,0.0,0.0010192394256591797,4,2.1171875,0.5625,255,0,73,127,21,87,0.31941693293629214,0.555438682269596,54.04584915190935,50.950176019221544,7.31088300421834,138.7373695757924,20.534504242241383,3.770462414926442,2.7908657514062503,0.4035093107377179,2.703342321648961,4.35874591452739,148.88110172225424,86.0084217954427,6.3046875,10,2,0,4,0,339,577,280,140,1370.8984375,1089.0,6367,124,6,0.0,0.0,0.0,0.0,358.53884291648865,120.47958429603023,112.27531976997852,276.25037620589137,20.92665487434715,211.66186453520788,31.053818072909177,209.94928745180368,74.93124240920284,81.56949772983262,17.758187504060782,209.94928745180368,42.84957970355618,-0.1874510794878006,-0.1874510794878006,0.2379463016986847,0.0,0.0,0.005978985223919153,0.014114799909293652,1.0,1.000080943107605,0.0,0.00597327621653676,1.000080943107605,1.0005857944488525,0.5086381216074598,2e-06,2e-06,128,71,1790516640.950545,1790516705.887558,True,3,19
72,61.4761164188385,1680.3108756542206,61.46934485435486,0.0,0.0010409355163574219,16,3.6328125,0.25,253,0,75,130,21,89,0.3224979196311324,0.5967244035491603,118.65046145953238,47.419895401224494,11.991885483264923,208.6784853585632,25.332047294825315,2.961601027622237,2.99827386878125,0.4443691608539666,2.7084448709574644,3.653744448311045,218.10811826407007,159.87975918874145,12.0,7,4,4,1,0,345,583,286,143,1588.8046875,1193.0,4998,260,3,0.0,0.0,0.0,0.0,1680.3108756542206,182.91334677986015,120.0080225453712,1603.020313527435,40.25924333464354,47.38498164454228,5.083583117721722,167.6991082765162,5.647186002531629,20.17156497115651,2.974449592879088,432.36362422443926,4.004976968596837,-0.16929826140403748,-0.16929826140403748,0.2551262080669403,0.0,0.0,0.007040772121399641,0.006454455200582743,0.9999999403953552,1.0001012086868286,2.2592539608012885e-06,0.00702343974262476,1.000099778175354,1.0007073879241943,0.43039798951162456,2e-06,2e-06,128,72,1790516776.347514,1790516854.005936,True,1,20
73,16.03576350212097,755.9337174892426,16.029051065444946,0.0,0.0009679794311523438,7,2.2578125,0.5625,253,0,79,131,21,90,0.4058711520046927,0.6583898870521807,67.17802973277867,58.33994139358401,7.782443601638079,156.09128952801257,18.218631403520703,3.31785259017488,2.6617577343593752,0.44014922923088307,2.247187047083571,3.9445697682895116,165.61829489484808,96.63738257437944,7.4375,10,2,1,3,0,347,594,292,145,1171.3828125,1101.5,3202,170,7,0.0,0.0,0.0,0.0,755.9337174892426,138.95815795521776,115.23658473230898,650.9704409968108,11.425044257193804,85.5244736907153,9.49289578434781,140.40605541039258,11.658290020247286,33.057792531070184,4.2358211122466125,598.9881996177137,20.401984353710986,-0.16445140540599823,-0.16445140540599823,0.22549016773700714,0.0,0.0,0.0058381385169923306,0.015121973119676113,1.0,1.0001558065414429,0.0,0.005832962226122618,1.0001558065414429,1.000713586807251,0.3515880363514785,2e-06,2e-06,128,73,1790516885.389515,1790516947.272561,True,2,20
74,36.242716550827026,1319.3761858940125,36.24152970314026,0.0,0.0010900497436523438,12,3.2578125,0.5,255,0,77,135,21,94,0.3842997953761369,0.5202820254125982,110.41800041310489,62.38686210103333,8.554816845804453,214.45687909483968,27.419354237616062,3.5180354024414555,4.13009542025,0.5757253512128955,2.8134855639582383,4.210940024720912,224.27051405640668,150.84179781377316,11.609375,8,6,2,0,0,351,605,294,146,1704.6171875,1427.0,5590,446,5,0.0,0.0,0.0,0.0,1319.3761858940125,189.44390066435153,131.36247902410105,1185.4479401232675,37.45715475268662,71.82586312115382,7.104114884147945,142.90505329798907,7.967046313594929,27.562394300777488,4.236850763084073,240.8360152533278,5.182931662785796,-0.13103434443473816,-0.13103434443473816,0.19027265906333923,0.0,0.0,0.005455861333757639,0.005935494787991047,1.0,0.9999944567680359,0.0,0.005439789034426212,0.9999944567680359,1.0003838539123535,0.37045751540945,2e-06,2e-06,128,74,1790516991.529179,1790517072.188878,True,3,20
75,0.005034208297729492,1546.933977842331,0.0,0.0,0.0011169910430908203,15,3.2265625,0.3125,250,0,77,140,23,96,0.21273742128687445,0.7484947816919885,81.7535573001951,62.24084388278425,8.798244841396809,180.39147448230506,23.442646699026227,2.369926630752161,2.8582658089453123,0.6975998437701492,3.142435732370359,3.891500012949109,190.44195664805738,117.26882704906166,8.09375,8,3,2,3,0,352,615,299,151,1568.328125,948.5,8492,73,3,0.0,0.0,0.0,0.0,1546.933977842331,159.18240338731266,110.49060659203678,1446.201642244123,16.01546081341803,49.5324953084777,6.980905555557377,188.82144190743566,7.951476563439717,21.62837402623578,5.4895684765064585,149.25563068967313,6.075789910675695,-0.11476776003837585,-0.11476776003837585,0.24888384342193604,0.0,0.0,0.006822983734309673,0.009979010559618473,1.0,0.9998800158500671,0.0,0.006793563719838858,0.9998800158500671,1.000243067741394,0.4509545996180455,2e-06,2e-06,128,75,1790517089.507725,1790517166.40141,True,2,21
76,0.001024484634399414,967.018167257309,0.0,0.0,0.0009758472442626953,9,2.46875,0.375,249,1,75,141,23,97,0.34994947436643997,0.4866391132964054,65.38354373537004,46.4634281527251,6.2504556849598885,142.16792216077738,20.18108074553311,2.502177135174861,2.3940484196796876,0.6588024049488013,1.8261050191576942,4.126362357055768,151.1077105811928,94.983363725245,7.09375,10,2,1,3,0,358,618,303,153,1058.3046875,979.5,4222,61,6,0.0,0.0,0.0,0.0,967.018167257309,126.80280819465406,85.11467242240906,932.4060424920171,18.524350612424314,59.31326002145125,10.463091948620809,172.1900517679751,12.72979629535485,23.347200115899398,4.365998636793542,470.55810281820595,8.504208701600168,-0.19523076713085175,-0.19523076713085175,0.24414262175559998,0.0,0.0,0.006374504417181015,0.0215799268335104,1.0,0.9999817609786987,0.0,0.006355869118124247,0.9999817609786987,1.0003936290740967,0.6103763178573466,2e-06,2e-06,128,76,1790517169.262773,1790517231.787452,True,,21
77,6.342566013336182,849.8543412685394,6.335568428039551,0.0,0.0009250640869140625,8,3.625,0.1875,249,0,68,145,24,99,0.27062330466287676,0.5528737154818373,104.97953200340271,51.04542641527951,8.240530101582408,191.08036682776583,21.918479619547725,3.2060035408867407,3.5606747232265623,0.44899475968122715,2.307827192322293,4.480753702322545,200.9854070177753,139.16407517530024,10.6875,10,2,3,1,0,361,625,305,154,1486.1328125,1307.5,4754,368,2,0.0,0.0,0.0,0.0,849.8543412685394,171.73328431806294,115.97209846740589,785.2687220899388,17.175640690140426,84.31346783463117,11.031302124086768,153.1344839176163,13.455910436722359,37.30541238318943,5.59389976511024,137.5842204168439,6.674434123834107,-0.10536468774080276,-0.10536468774080276,0.24365384876728058,0.0,0.0,0.006476753391325474,0.007802760228514671,1.0,1.0000804662704468,0.0,0.006460600066930056,1.0000804662704468,1.000607967376709,0.4599380487469068,2e-06,2e-06,128,77,1790517248.982734,1790517322.153266,True,1,22
78,75.93475079536438,1844.433872461319,75.93343782424927,0.0,0.0011265277862548828,17,3.546875,0.4375,252,0,75,148,24,102,0.31592744628869696,0.37586401405133074,93.80231964588165,55.74265543371439,7.0461080223321915,185.17763131292304,24.389523381367326,2.809254916894133,2.657858171195312,0.5557041989959544,1.9080170643792371,4.026301469617465,193.90034811021178,128.5625291056931,8.640625,8,4,2,2,0,368,638,309,156,1613.0703125,1236.5,6453,60,5,0.0,0.0,0.0,0.0,1844.433872461319,163.69265597582853,118.36752181313932,1699.2251591291279,28.57181676197797,47.34704849215538,5.692261542556431,122.60517880413681,6.097586849769598,18.657305735089917,3.4986345112979,658.6572824642062,5.442003202319682,-0.13778388500213623,-0.13778388500213623,0.22869709134101868,0.0,0.0,0.0065215351060032845,0.017339123412966728,1.0,0.9999721050262451,0.0,0.006488896440714598,0.9999721050262451,1.000421404838562,0.46972641974623447,2e-06,2e-06,128,78,1790517402.889095,1790517488.93174,True,2,22
79,2.317682981491089,531.9306411743164,2.3164753913879395,0.0,0.0011167526245117188,5,2.234375,0.375,251,0,71,150,24,103,0.3879350411807536,0.34256104476662586,50.258795173838735,59.3758641872555,4.447529213503003,138.5935549040223,20.106873160228133,3.244285070912156,2.5108390543515626,0.41096265408123145,1.7107247073945473,3.381283922455623,145.98817115608836,78.70516034588218,5.46875,6,7,0,3,0,373,643,311,158,1310.828125,1251.5,3401,93,2,0.0,0.0,0.0,0.0,531.9306411743164,121.33868120716215,110.85863225068897,462.19979086797684,7.8367697931826115,185.61505145739025,21.982189208326023,39.910428429953754,23.765283817872934,52.571390269223606,6.393690712179663,158.8335191551596,9.115588942616862,-0.06618303060531616,-0.06618303060531616,0.21376439929008484,0.0,0.0,0.005319912917912006,0.00810532458126545,1.0,1.0000261068344116,1.5879064449109137e-05,0.005332960747182369,0.9999921321868896,1.0003697872161865,0.44698834882396543,2e-06,2e-06,128,79,1790517506.759831,1790517585.029344,True,4,23
80,21.01711916923523,1284.381751537323,21.013400077819824,0.0,0.0011649131774902344,12,3.078125,0.4375,249,0,71,153,25,105,0.5078071707976051,0.5174904221421457,113.29823286086321,64.39981199428439,5.799823729321361,211.60204164688184,21.825720949098468,3.7049548632858205,3.281053158421875,0.3830462671830901,2.120367392504704,3.7187000576232094,220.31807002788992,145.1515740659088,10.90625,7,5,2,2,0,376,652,315,161,1492.4765625,1241.0,6000,316,5,0.0,0.0,0.0,0.0,1284.381751537323,192.1738009610781,137.47069533448666,1257.1686187209561,39.42634052503854,63.796842256535996,8.714698715239992,116.46375833079219,9.58372083066338,24.789748033939404,4.671508290131328,103.37344651203603,5.080404578417873,-0.17400334775447845,-0.17400334775447845,0.22333171963691711,0.0,0.0,0.006201541051268578,0.010309464298188686,1.0,0.9998947978019714,0.0,0.0061735291965305805,0.9998947978019714,1.0002332925796509,0.4093881954366931,2e-06,2e-06,128,80,1790517643.587237,1790517716.701952,True,2,23
81,37.37127089500427,876.9676222801208,37.35539102554321,0.0,0.0016782283782958984,9,2.828125,0.1875,255,0,72,155,26,106,0.6603295036329655,0.5713735007157084,84.99679332971573,66.09607936255634,7.745687663555145,187.56488551753137,22.235025046393275,3.319341573827842,3.203293631992188,0.2692126272304449,2.0991470619483152,4.066326507621852,196.9009268826776,119.09958340972662,8.15625,6,6,1,3,0,378,660,321,164,1475.1328125,1312.0,6929,72,1,0.0,0.0,0.0,0.0,876.9676222801208,166.47580496220326,134.40727071510628,809.5526452511549,28.25893108639866,95.98948071514779,12.280955107553387,163.94558711070567,15.104722531388571,35.88444909537153,7.9010898737453505,228.8497605090961,10.690956705106153,-0.0758749321103096,-0.0758749321103096,0.23781663179397583,0.0,0.0,0.006327051669359207,0.015804363414645195,1.0,0.9999364614486694,0.0,0.0063008773140609264,0.9999364614486694,1.000311255455017,0.5369034806003533,2e-06,2e-06,128,81,1790517768.478824,1790517844.54658,True,2,23
82,25.76623821258545,1289.4766492843628,25.76495909690857,0.0,0.0011582374572753906,12,3.140625,0.4375,253,0,68,159,28,108,0.4204648318118416,0.9677409468786209,101.68242964334786,59.599876856431365,8.024225106462836,202.7806607537932,26.41688467003405,3.8190860645336215,3.7912575244062503,0.7416037622751901,2.5893324920762097,5.530895353993401,214.7250539073575,140.91301314905286,9.546875,11,3,2,0,0,380,667,325,167,1563.5078125,1308.5,5221,270,2,0.0,0.0,0.0,0.0,1289.4766492843628,182.09372365690797,139.51938768429682,1189.2074922500178,51.34367222338915,67.10758718639174,7.669002773713059,298.6991766942665,9.98105051192587,25.86695412580343,4.048929465219525,1189.2074922500178,52.06985033505031,-0.062162451446056366,-0.062162451446056366,0.24312102794647217,0.0,0.0,0.006787972990423441,0.00715659512206912,1.0,1.0000603199005127,0.0,0.006768692284822464,1.0000603199005127,1.0006027221679688,0.4193879747728757,2e-06,2e-06,128,82,1790517881.609016,1790517960.327498,True,5,23
83,51.127217054367065,2574.7986238002777,51.12570786476135,0.0,0.0012123584747314453,24,3.6171875,0.375,255,0,73,163,28,111,0.3169871901991428,0.5587094226211775,129.5480890199542,71.8079843558371,9.714778732508421,245.60874968850112,27.724767925217748,4.016186810193176,3.842796619054687,0.5577685742973699,2.1444582098920364,4.94520974929037,255.80458344778162,172.47625907883048,12.3046875,10,2,2,2,0,385,674,333,172,1671.40625,1460.0,5727,18,4,0.0,0.0,0.0,0.0,2574.7986238002777,222.67404398699,145.084309454076,2472.1235090931877,7.527719745412469,34.61157408954947,4.105563791391855,183.10526971891522,4.419880994342717,13.848332190747856,2.224251616053463,528.2211078675464,2.798330361501069,-0.1536368578672409,-0.1536368578672409,0.32934582233428955,0.0,0.0,0.00797183532267809,0.02941293828189373,1.0,1.0003517866134644,1.1559289305296261e-05,0.007952551357448101,1.000347375869751,1.0012773275375366,0.7663355274603209,2e-06,2e-06,128,83,1790518018.221223,1790518099.513487,True,2,24
84,5.5938639640808105,1042.5387053489685,5.591269254684448,0.0,0.0014121532440185547,10,2.6328125,0.4375,255,0,69,167,28,114,0.28375394419708755,0.28509904586098855,91.16209418699145,56.70387467555702,4.3317128494381905,169.5606945812251,14.007023518905044,1.811194019021059,2.191595139335938,0.2630394467196311,2.227038644356071,2.806172020777012,176.0255978901987,112.13151970505714,9.765625,3,4,4,5,0,390,682,335,173,1084.609375,921.0,3322,13,4,0.0,0.0,0.0,0.0,1042.5387053489685,158.26381450338522,112.87753573711962,1009.7052405681461,4.631117622368038,64.21088539914281,9.00302305501284,43.09210169967264,9.391197054178527,22.194219950412535,3.186452438605652,70.05061596632004,3.415980140290315,-0.1921374499797821,-0.1921374499797821,0.43881335854530334,0.0,0.0,0.009103330783545971,0.04756699129939079,1.0,1.000076174736023,0.0,0.009147431701421738,1.000076174736023,1.0009597539901733,1.3330234624481963,2e-06,2e-06,128,84,1790518115.751326,1790518185.38761,True,3,25
85,54.3448166847229,503.0116331577301,54.343586444854736,0.0,0.001087188720703125,5,2.203125,0.3125,254,0,71,171,28,118,0.1840888962324243,0.3015617760247551,95.84739004634321,45.1066350992769,3.9535121098160744,165.0704108970458,17.618935512378812,1.4458300420810701,2.7889970968593754,0.20451902873173822,2.0246909464040073,2.4279007119548623,170.85462437994283,119.29536576755345,9.828125,4,6,4,2,0,394,691,341,176,1723.7421875,1363.0,7728,104,4,0.0,0.0,0.0,0.0,503.0116331577301,148.97851648960932,130.27381709497422,428.53000191040337,21.92533608712256,168.518634054638,19.933932615144546,187.47981059271842,31.778094261582925,73.10599644747312,15.363461778182613,187.47981059271842,24.491982891544115,-0.13310526311397552,-0.13310526311397552,0.27542242407798767,0.0,0.0,0.007304208353161812,0.008671345189213753,0.9999999403953552,0.9999657273292542,0.0,0.007288188673555851,0.9999657273292542,1.000433325767517,0.5743248251168352,2e-06,2e-06,128,85,1790518248.900405,1790518332.892682,True,1,25
86,28.99879026412964,1276.2621200084686,28.9969801902771,0.0,0.001626729965209961,11,2.7265625,0.375,249,0,71,175,28,122,0.3231362522856216,0.46255780572391814,98.67387193255126,59.16246651113033,6.0775217562913895,185.2918112589905,17.357917852699757,2.0821428690251196,2.8163457392031246,0.4208463405666407,2.133066886475717,3.5824462774253334,193.03053644132888,125.10362793691456,9.5625,8,3,3,2,0,401,700,345,176,1347.2109375,1082.5,4990,191,5,0.0,0.0,0.0,0.0078125,1276.2621200084686,169.98756211726868,120.89247157331556,1186.2758372277021,4.0538325086236,55.38987555278294,8.46612919917133,177.57795564550906,9.834491431179377,22.519276839313616,3.909855132241086,254.93179470673203,4.885784624602995,-0.12306126952171326,-0.12306126952171326,0.21265678107738495,0.0,0.0,0.005908743012696505,0.009977156296372414,1.0000001192092896,1.000050663948059,0.0,0.005896111950278282,1.000050663948059,1.0005302429199219,0.4289827636399484,2e-06,2e-06,128,86,1790518371.754719,1790518442.479755,True,1,25
87,20.083593130111694,938.3904526233673,20.082406520843506,0.0,0.0011000633239746094,9,2.78125,0.5625,253,0,71,176,28,123,0.43387589577469043,0.5065869836616912,99.08993524126709,58.61510538868606,7.422252435237169,194.09213904730132,23.175378870218992,2.6379243834962836,3.2653745631796873,0.450257071723172,1.7804941362410318,3.970685841071827,201.96103370643687,133.5946779847145,9.0390625,10,3,2,1,0,403,710,348,178,1686.3046875,1317.0,7036,462,7,0.0,0.0,0.0,0.0,938.3904526233673,171.5962218344721,119.08430160908028,908.9857758050784,36.90388803649694,99.05915645965719,11.912951553106655,185.34736143890768,14.845100009372079,38.33638748074384,7.497944997554201,113.01368219777942,8.524591740535703,-0.17778511345386505,-0.17778511345386505,0.23259630799293518,0.0,0.0,0.006189293228089809,0.008400012739002705,1.0,1.0000351667404175,0.0,0.006180410273373127,1.0000351667404175,1.000504493713379,0.34861639929851734,2e-06,2e-06,128,87,1790518467.528641,1790518550.795727,True,2,25
88,16.277791023254395,755.7848045825958,16.27284002304077,0.0,0.0014383792877197266,7,2.9921875,0.375,250,0,73,179,29,125,0.22980176695273258,0.5085853566488368,98.75385262072086,54.56091175042093,8.661337852478027,191.2087090706118,23.789121091365814,2.504254891682649,2.9997617092109374,0.6618542556534521,1.9489352637974662,3.605769791203784,199.72925536448747,134.99986478686333,10.1171875,8,3,2,3,0,408,719,352,181,1511.2421875,1220.5,6109,62,4,0.0,0.0,0.0,0.0078125,755.7848045825958,168.89934160461416,116.15530119463801,678.3490352248773,10.34236045461148,105.84979504959591,13.732745005017804,663.4726152746007,112.43368917804527,42.65742462385007,8.082988653594159,476.2607751144096,21.85500835696593,-0.1697825789451599,-0.1697825789451599,0.2530660033226013,0.0,0.0,0.0068643116392195225,0.018489403650164604,1.0,0.9998632073402405,0.0,0.006834656000137329,0.9998632073402405,1.0002210140228271,0.5072441441746459,2e-06,2e-06,128,88,1790518584.174949,1790518659.042673,True,2,25
89,0.0006747245788574219,430.2495107650757,0.0,0.0,0.0006353855133056641,4,2.625,0.375,248,1,70,180,29,125,0.40132208434079075,0.6037566231389064,58.10567945800722,59.55632030963898,9.411377377808094,154.83354052088544,20.462344225496054,3.459119826729875,2.7828720563281246,0.5594784685163177,2.0091717596369563,4.547096394693654,164.66360483891185,91.98999535664916,6.546875,8,4,1,3,0,408,727,355,184,1233.109375,1039.0,4039,38,3,0.0,0.0,0.0,0.0,430.2495107650757,134.6793809421215,123.84550945973024,379.1066683214158,22.186383574269712,155.4694775776055,22.972716418489664,71.3822497036308,27.54221706032881,61.14204124614818,9.387576043532958,188.67064103391021,16.719177486403062,-0.10705834627151489,-0.10705834627151489,0.2216394990682602,0.0,0.0,0.0061669559217989445,0.021641135215759277,0.9999999403953552,0.9999516010284424,0.0,0.006153520662337542,0.9999516010284424,1.0003639459609985,0.5774013526685282,2e-06,2e-06,128,89,1790518668.519911,1790518733.668625,True,3,26
90,0.0290067195892334,513.3183987140656,0.02635025978088379,0.0,0.001226663589477539,6,2.9765625,0.25,251,1,69,181,29,126,0.283850090476335,0.4530983266158728,51.12898335419595,44.55665578506887,10.376932766288519,137.6388945819126,24.443448435515165,3.713500568526797,2.592146001679687,0.4137799144446035,3.05393027698301,5.092052159423474,148.78129496400652,89.96298881061375,6.0546875,6,5,1,4,0,412,736,356,186,1323.09375,1116.5,4485,53,4,0.0,0.0,0.0,0.0,513.3183987140656,113.50681075488683,94.22384274983779,476.55306870955974,24.912529160268605,166.9408958416616,20.462932998922287,124.39948453009129,27.008200467800304,54.98731405441551,8.737267183945779,252.68749026209116,17.208242977161845,-0.16166940331459045,-0.16166940331459045,0.21313834190368652,0.0,0.0,0.005923928692936897,0.0182051882147789,1.0,1.0000377893447876,0.0,0.005908997263759375,1.0000377893447876,1.0004993677139282,0.6547198394581336,2e-06,2e-06,128,90,1790518778.097599,1790518848.492993,True,,26
91,24.16560935974121,1805.9096393585205,24.164404153823853,0.0,0.000986337661743164,16,3.8515625,0.3125,249,0,66,183,29,127,0.3569874858876574,0.6076734416928957,145.65582093596458,60.99778285622597,14.745153449475765,259.8531065786228,32.4853187315166,3.020243828650564,3.7487536634140626,0.39818368523265235,2.40636585104221,4.730911143946287,270.1781035326203,197.36340722814202,13.859375,10,2,4,0,0,416,746,357,186,1595.7890625,1226.5,5729,292,5,0.0,0.0,0.0,0.0,1805.9096393585205,229.16457212255045,145.77249826677144,1701.5411042775959,39.72402468509972,42.25654392492567,4.763250504081437,376.7384004862979,6.018872872636276,18.851164675156525,3.17236248987242,923.5358530236408,6.492713279478275,-0.13901394605636597,-0.13901394605636597,0.24740377068519592,0.0,0.0,0.007399247959256172,0.008692261762917042,0.9999999403953552,1.0000369548797607,0.0,0.007371129002422094,1.0000369548797607,1.000632643699646,0.4269179124612308,2e-06,2e-06,128,91,1790518885.139032,1790518968.191685,True,,27
92,56.76287126541138,595.9809651374817,56.76146054267883,0.0,0.0012888908386230469,5,2.5,0.5,251,0,72,184,29,128,0.5024063212840701,0.9364542641997105,63.53897691518068,61.31326395832002,13.249986097216606,168.22397082943644,24.713350865989923,3.5161107229578192,2.835018666070313,0.47774021887016715,2.1276403752417536,4.057254272738646,177.98986824451276,105.71328135207295,7.03125,11,3,1,1,0,416,757,365,190,1397.578125,1258.5,3373,237,5,0.0,0.0,0.0,0.0,595.9809651374817,139.4487862727401,118.64075002539903,504.1592481639236,29.607372959144413,141.17564976356405,18.175077114251895,218.72078276239336,28.71228002861526,50.026765524503354,5.659576726954546,461.14335140492767,25.015275090007414,-0.12020931392908096,-0.12020931392908096,0.20714500546455383,0.0,0.0,0.005800571758300066,0.009157040156424046,1.0,1.000072956085205,0.0,0.005794110707938671,1.000072956085205,1.0005652904510498,0.4208546414347213,2e-06,2e-06,128,92,1790519032.876065,1790519108.060298,True,3,27
93,24.463997840881348,2044.6808824539185,24.463191032409668,0.0,0.0007526874542236328,19,3.4921875,0.375,253,0,72,187,29,131,0.3648133980896091,0.6033002569311066,92.42314078100026,57.27282136119902,11.620834223926067,191.9119458402929,25.13282391987741,3.292690354923252,3.2884732523515625,0.5210420282164705,2.289175532576337,5.440105815512652,202.46825019802054,133.46913941204548,8.7265625,9,3,1,3,0,421,763,373,190,1459.984375,1135.5,5425,111,5,0.0,0.0,0.0,0.0078125,2044.6808824539185,165.90620768287044,108.70289162406698,2021.774816825986,19.288623523898423,39.23301708759822,5.505993671975228,340.4299617456272,6.605834776560452,15.232857900032371,2.6532257657190987,185.67685193847865,2.9182292835028596,-0.19672152400016785,-0.19672152400016785,0.22467456758022308,0.0,0.0,0.006562438793480396,0.014376125298440456,1.0,0.9999749660491943,0.0,0.006533633451908827,0.9999749660491943,1.0004645586013794,0.5753710337487027,2e-06,2e-06,128,93,1790519146.000589,1790519217.243547,True,1,27
94,32.8498330116272,1191.4002556800842,32.84432601928711,0.0,0.0009818077087402344,11,3.3125,0.5,251,0,71,192,29,135,0.409633525305253,0.5462728975398932,111.88077258691192,66.23664308898151,12.441385356709361,226.2785897155045,29.00173973478377,3.8112561914676917,3.1988068107109373,0.6483069447858725,2.51031652274105,5.010255860528559,237.12660632407642,158.09444683790207,11.0546875,9,3,3,1,0,423,773,375,196,1607.8984375,1417.0,4648,176,3,0.0,0.0,0.0,0.0,1191.4002556800842,197.3201791942265,134.89103286108002,1127.2749188104644,21.154700495302677,64.54128210347453,7.084101215994967,235.92547110002488,8.833304799047589,28.791191851602296,3.901291759709077,423.14993702899665,6.050111385779925,-0.07737969607114792,-0.07737969607114792,0.2327081859111786,0.0,0.0,0.006732720881700516,0.01061587780714035,1.0,0.9998888373374939,0.0,0.006705103907734156,0.9998888373374939,1.0002861022949219,0.449207239418171,2e-06,2e-06,128,94,1790519261.773093,1790519337.890734,True,5,28
95,105.1540641784668,703.1898896694183,105.15265345573425,0.0,0.0012362003326416016,6,2.078125,0.25,255,0,74,199,29,141,0.4616211146931164,0.7076631950039882,72.84050170518458,58.75724474340677,9.313169987872243,175.22061304371164,28.571489844471216,3.6908069506607717,3.1204398798359376,0.483069138826977,1.8075268558823154,4.696743335582141,185.4313799422598,115.38254522718489,7.3828125,7,4,1,4,0,431,788,377,197,1356.2734375,1286.5,3052,332,3,0.0,0.0,0.0,0.0,703.1898896694183,148.31765340398852,120.82608726900071,654.1821122225374,33.77132223639637,130.93073154102083,14.370229362584457,265.4367298902944,23.083785403396416,41.14654342788635,4.340221673884984,279.832129961811,7.209032857004601,-0.1311207413673401,-0.1311207413673401,0.2387508898973465,0.0,0.0,0.0060972049832344055,0.011681980453431606,1.0,0.9999812841415405,0.0,0.006085565779358149,0.9999812841415405,1.0003798007965088,0.47563653633673897,2e-06,2e-06,128,95,1790519451.219853,1790519529.693402,True,1,29
96,30.74277424812317,849.1499156951904,30.737233638763428,0.0,0.0011353492736816406,7,2.03125,0.5,249,0,73,201,30,142,0.6022232213799725,0.5292386054279632,73.15841729193926,62.992706747725606,6.964608384296298,173.9610057631653,23.734100492671132,4.988319278541894,4.148628504335938,0.6363130440659006,2.214145574711438,4.728285352488456,184.72975796086394,109.21565615199506,7.6171875,9,6,1,0,0,434,798,380,198,1252.0,1151.0,2630,546,7,0.0,0.0,0.0,0.0,849.1499156951904,154.4295090351079,129.55239036818966,778.0851980894804,34.372099401429296,104.21402828602385,13.401638261582242,100.97641063202173,15.210375565276372,31.45420242015413,3.0972151694166343,624.4292960064486,11.703420912788443,-0.17152099311351776,-0.17152099311351776,0.1702144742012024,0.0,0.0,0.004824385978281498,0.006412067916244268,1.0,1.000078797340393,0.0,0.004818536341190338,1.000078797340393,1.0005093812942505,0.4515050673343016,2e-06,2e-06,128,96,1790519571.519201,1790519646.10588,True,1,29
97,10.934837341308594,1523.9143590927124,10.933881998062134,0.0,0.0008647441864013672,13,2.671875,0.4375,250,0,70,202,30,143,0.2441714353626594,0.5182791639308562,88.70888091623783,62.34566546045244,6.894387824460864,190.38202469325188,24.671843552961946,3.884655955560447,3.19311644115625,0.3477318644145271,2.773236446220835,4.913020271189453,200.62432919375715,125.44000696763396,8.25,11,2,1,2,0,437,803,383,201,1583.9453125,1590.0,5114,181,3,0.0,0.0,0.0,0.0,1523.9143590927124,171.53663046423753,152.47311777994037,1487.651585355401,22.265780448913574,56.83904270375317,6.200479668441223,248.4245501998812,7.408134454795884,22.17370886474963,3.3558316249770783,518.2389578800648,5.085139791461059,-0.059140995144844055,-0.059140995144844055,0.20450742542743683,0.0,0.0,0.005970878526568413,0.0092471269890666,1.0,1.000047206878662,0.0,0.00595829775556922,1.000047206878662,1.0005491971969604,0.44793963558240957,2e-06,2e-06,128,97,1790519659.623616,1790519733.231723,True,4,29
98,51.11643052101135,2166.674638748169,51.11365580558777,0.0,0.0010950565338134766,18,3.921875,0.5625,249,0,73,206,30,146,0.4145800552869332,0.4818956534290919,128.45597632415593,74.11276173405349,10.002290489152074,248.3012830395819,29.642603423446417,2.947166595244198,3.27998032715625,0.2827490486961324,2.700059870046971,3.983449408391607,257.74035223867395,172.16948712803423,11.96875,9,2,3,2,0,445,810,386,206,1420.3359375,1220.0,5754,113,6,0.0,0.0,0.0,0.0,2166.674638748169,224.81439623567712,133.2937588733621,2104.5207791635767,33.632927504368126,35.04756335290853,4.93890490460657,77.70339939370751,5.122617199510533,13.984794697881634,2.6556825363149428,1449.1358867324889,8.019079086441119,-0.18635576963424683,-0.18635576963424683,0.25654539465904236,0.0,0.0,0.007593194488435984,0.01765744574368,1.0,1.0000286102294922,0.0,0.007572575006633997,1.0000286102294922,1.0006369352340698,0.5048793003100306,2e-06,2e-06,128,98,1790519798.678556,1790519873.784235,True,3,30
99,9.338932752609253,615.8491473197937,9.337875843048096,0.0,0.001001119613647461,5,2.4453125,0.375,251,0,72,207,30,147,0.19873295567958849,0.4061204400204588,76.82359423488379,59.46758616156876,6.147402562201023,174.8658828609914,26.48359419964254,3.5819813170601265,2.9913241590937503,0.5386630268912995,2.0290120911522536,4.140304752974771,183.08318146194506,114.18000745587051,8.1484375,6,7,1,2,0,451,815,390,207,1746.6484375,1346.0,9018,421,4,0.0,0.0,0.0,0.0,615.8491473197937,150.0450682748924,124.20546819875017,529.0371342962608,15.018178892321885,145.04526049723577,18.2723318672659,230.1488399328664,29.175501767778478,60.50480624272794,14.643196372434366,230.1488399328664,23.38084732443138,-0.11804451793432236,-0.11804451793432236,0.1753469705581665,0.0,0.0,0.0048400950618088245,0.007541848812252283,1.0,0.9999788999557495,0.0,0.004836013540625572,0.9999788999557495,1.000306248664856,0.3561409683021702,2e-06,2e-06,128,99,1790519888.877231,1790519964.896732,True,2,30
100,30.077869176864624,775.013179063797,30.076941967010498,0.0,0.0008392333984375,7,2.359375,0.5,255,0,76,211,32,149,0.26653551102936035,0.38940951916447375,55.539699045941234,59.24859232082963,3.396262526512146,140.25037238446384,17.70695786550641,2.609122816378658,2.4968419066718748,0.4120772593669244,1.52183202431479,3.4385447353633936,147.32275932574703,80.16734243743122,5.7421875,11,3,0,2,0,457,827,395,208,1293.8203125,1247.5,3740,64,4,0.0,0.0,0.0,0.0,775.013179063797,125.82910046139295,108.50419612322003,754.5598850762472,30.141292826272547,98.50843236699177,13.675896470307014,99.53391752205789,15.691081286209211,35.61423308096793,4.825724388994078,348.5307002728805,8.769410669819191,-0.10156616568565369,-0.10156616568565369,0.24424420297145844,0.0,0.0,0.006366990506649017,0.014974451623857021,1.0,0.9999035000801086,0.0,0.006354864686727524,0.9999035000801086,1.0002607107162476,0.6219842393095734,2e-06,2e-06,128,100,1790520033.20032,1790520100.608987,True,4,30
101,15.23001480102539,1185.8698828220367,15.227381229400635,0.0,0.0012500286102294922,10,2.5390625,0.6875,252,0,73,213,33,150,0.36605717046768405,0.5159253027741215,66.04815134778619,54.41295888274908,5.933817807585001,151.16670066514052,19.970433274284005,2.685235962693696,2.917802423421875,0.5741169495304348,1.8667774287387147,3.22891569245985,158.64303241245216,95.77308475412428,7.265625,4,9,1,2,0,461,833,398,210,1239.6328125,1102.0,3874,551,9,0.0,0.0,0.0,0.0,1185.8698828220367,133.91885427880334,117.83221619110554,1149.525708454661,30.247792958281934,61.255736725910765,10.29370943374561,78.26160837896168,11.021044426684059,22.300507317942124,3.2668002249799697,277.07952743396163,4.262809323439298,-0.1962946504354477,-0.1962946504354477,0.20106267929077148,0.0,0.0,0.005452108569443226,0.00932765007019043,1.0,0.999999463558197,0.0,0.005442227702587843,0.999999463558197,1.0003892183303833,0.28678226650922917,2e-06,2e-06,128,101,1790520132.457456,1790520199.794744,True,2,30
102,47.182148933410645,1058.3885095119476,47.18130326271057,0.0,0.0007219314575195312,9,2.8046875,0.3125,249,0,77,215,33,152,0.4947269678450539,0.6170572325863759,95.97890226729214,59.35858744382858,10.660054683685303,192.21764165865898,20.90678869187832,2.956414475593192,3.0156172122734377,0.44653285318781855,2.414326856000116,4.828432207381411,202.39041657529015,131.85090649686754,8.7734375,4,5,3,4,0,464,845,404,211,1257.1015625,1316.0,4155,46,3,0.0,0.0,0.0,0.0,1058.3885095119476,171.2372692791032,128.50773666799068,933.3292846092954,15.727108067832887,72.94816535338477,10.570787474968997,138.4991603223607,12.162332360795908,25.3386789686835,3.925779581560259,390.6138775246218,6.222159095254251,-0.07656633108854294,-0.07656633108854294,0.2278333455324173,0.0,0.0,0.006158019881695509,0.01509056892246008,1.0,1.0000944137573242,0.0,0.006145657505840063,1.0000944137573242,1.0006353855133057,1.4382579298061062,2e-06,2e-06,128,102,1790520260.521974,1790520331.392216,True,2,30
103,13.950185060501099,673.5660085678101,13.944615840911865,0.0,0.0009264945983886719,6,2.890625,0.375,251,0,78,219,33,156,0.4472539446214796,0.5544257511937758,88.29401388764381,57.754400830715895,11.543415818363428,191.36265819196706,28.074937311932445,3.8526187260067672,3.1718228620937503,0.4644768668586039,1.8161057194156456,4.158813044377894,200.19421600882924,132.51807747408748,9.03125,7,6,2,1,0,467,852,410,216,1452.5390625,1198.5,5610,51,6,0.0,0.0,0.0,0.0,673.5660085678101,162.7808482817709,133.76553665054962,641.0143823437393,31.878771393559873,118.03322266174426,17.0124380598793,244.64177498128265,26.715674011196576,46.00514219220786,8.32880508909354,507.38164662383497,33.757688956866296,-0.1880011260509491,-0.1880011260509491,0.2141484171152115,0.0,0.0,0.0060105109587311745,0.02160719595849514,1.0,0.9999816417694092,0.0,0.005996007472276688,0.9999816417694092,1.0003862380981445,0.5520462227590462,2e-06,2e-06,128,103,1790520358.187282,1790520430.061337,True,,30
104,0.002382993698120117,741.0746610164642,0.0,0.0,0.0011744499206542969,7,3.40625,0.3125,253,3,74,224,33,160,0.44897483970271423,0.7116781393415295,77.61343680880964,62.42199578508735,11.572302395477891,181.86189073079004,24.99359771795571,3.581697511297534,3.3660692891640625,0.4440335900435457,3.5918187684874283,3.8127332167277928,192.49010469717905,118.704979326576,8.2265625,10,2,3,1,0,472,858,414,218,1313.9609375,1190.5,4010,38,5,0.0,0.0,0.0,0.0,741.0746610164642,156.06532775178493,121.24665238242596,651.510363268666,27.02864370215684,98.6645977519246,11.853056732437446,240.09644281864166,17.533696438138232,37.82502376780618,5.4110607350949635,226.9824750488624,7.800157460966953,-0.1921244114637375,-0.1921244114637375,0.24436548352241516,0.0,0.0,0.007345543708652258,0.028071356937289238,1.0,0.9999836683273315,0.0,0.0073235309682786465,0.9999836683273315,1.0005073547363281,0.6937957679841593,2e-06,2e-06,128,104,1790520444.401845,1790520517.152007,True,,31
105,12.83104920387268,1888.9871654510498,12.830163478851318,0.0,0.0006990432739257812,16,3.703125,0.5,249,0,74,227,34,162,0.3582994925964158,0.41458797808445524,121.51584401912987,49.24077615886927,11.925774205476046,214.5856871662254,28.031698793172836,1.885478973381396,2.8766751347890622,0.31598636406852165,2.894381713194889,4.249274784866429,224.17465090004407,164.30228962749243,11.4453125,6,3,3,4,0,474,866,421,220,1337.046875,969.0,5634,166,8,0.0,0.0,0.0,0.0,1888.9871654510498,192.46712576520076,95.92293255962431,1742.6826431676745,6.672168172895908,35.0487646912402,5.928044512322643,96.35781767219305,6.246690100145238,15.099979072571317,2.9825507039137142,424.4393063262105,3.8469210581938063,-0.20890992879867554,-0.20890992879867554,0.2419254034757614,0.0,0.0,0.007316611707210541,0.013328622095286846,1.0,1.0000947713851929,0.0,0.007295262534171343,1.0000947713851929,1.0007482767105103,0.4127115848508815,2e-06,2e-06,128,105,1790520545.721131,1790520617.66104,True,,31
106,0.019156694412231445,317.63973569869995,0.01811051368713379,0.0,0.000997781753540039,4,2.46875,0.5,249,1,70,232,34,167,0.3074953601026209,0.5449515112486552,50.58425793424249,46.31298713944852,5.972731607034802,121.16627565979434,15.052560705691576,2.4203992993498105,2.259085946257813,0.291643154087069,2.2023434341244865,4.882007875850832,130.53683721707785,74.44071448408067,6.2265625,8,3,2,3,0,481,871,424,222,934.546875,895.0,3018,52,8,0.0,0.0,0.0,0.0,317.63973569869995,109.21458811128105,97.10162800783291,242.81764414906502,34.98032593354583,178.7113731487898,32.84853507716448,215.5034573804587,102.15762872707413,62.766076656452775,9.501330157454706,236.24949191790074,37.080611382957635,-0.15159264206886292,-0.15159264206886292,0.25839748978614807,0.0,0.0,0.0072741336189210415,0.03613084927201271,1.0,1.0001041889190674,0.0,0.007256293669342995,1.0001041889190674,1.0007250308990479,0.802017708773129,2e-06,2e-06,128,106,1790520628.116217,1790520685.514784,True,,31
107,47.29022669792175,1768.803318977356,47.288105964660645,0.0,0.0008482933044433594,15,3.296875,0.375,251,0,71,234,35,168,0.44280925278144423,0.7484657649692963,93.119031438604,47.56415378302336,13.592244885861874,190.49372306886653,29.89716131798923,4.278540799263283,3.520556241640625,0.4458728622048511,1.9504895235586446,3.8457847058743937,199.47111198124912,141.93369645997882,8.890625,10,4,1,1,0,483,884,427,223,1681.359375,1442.5,5971,16,3,0.0,0.0,0.0,0.0,1768.803318977356,158.7831718546804,100.03457077173516,1609.3854932263494,13.39251503162086,52.28337091399584,6.382846458320408,227.90003998856992,7.326871292926986,20.278681985251968,3.3757286273366836,227.90003998856992,3.8749998662592593,-0.09165382385253906,-0.09165382385253906,0.25080835819244385,0.0,0.0,0.006733587943017483,0.036224354058504105,0.9999999403953552,0.9999225735664368,0.0,0.0067041777074337006,0.9999225735664368,1.0003360509872437,0.6433001696565779,2e-06,2e-06,128,107,1790520742.125195,1790520827.701256,True,3,31
108,0.0006837844848632812,665.2965540885925,0.0,0.0,0.0006401538848876953,7,2.7109375,0.5625,255,3,71,237,36,169,0.4388401895921561,0.5623058158162166,69.00729594938457,49.04644059203565,7.831133486703038,154.39293783218454,23.323551807552576,3.3584265910831164,2.615563392296875,0.45263355901261093,1.2967764384447946,3.4244264628214296,161.68401367462502,104.19459163956344,7.7578125,6,6,1,3,0,487,894,432,223,1392.96875,1427.5,6766,26,5,0.0,0.0,0.0,0.0,665.2965540885925,129.96608350432507,104.93760666064918,576.4894812712446,25.232428543269634,117.13197599039869,15.755379966396445,269.9541713055223,26.51372697814597,44.6667978122573,10.169900863636553,269.9541713055223,17.114279406042325,-0.13354875147342682,-0.13354875147342682,0.24782994389533997,0.0,0.0,0.006207658909261227,0.014918898232281208,1.0,1.0000500679016113,0.0,0.006191970780491829,1.0000500679016113,1.0005309581756592,0.394926307721263,2e-06,2e-06,128,108,1790520876.286234,1790520946.833323,True,4,32
109,0.014483213424682617,869.2892401218414,0.012275457382202148,0.0,0.001005411148071289,9,3.546875,0.5625,254,0,68,237,36,169,0.44749512260750635,0.5876148823444964,88.60441553220153,63.05339476466179,15.029545366764069,197.221887764259,24.965704936534166,2.727771993901115,2.8771200562890624,0.32845774100132985,1.8358483533229446,3.4581518044142285,205.12753993290244,132.1300477795303,9.5703125,8,4,3,1,0,492,897,435,225,1455.3203125,1221.5,5116,193,4,0.0,0.0,0.0,0.0,869.2892401218414,167.36374186760077,137.6422634292394,771.8417640822008,35.96360681485385,93.1220545058787,12.606851084989806,157.09307477530092,15.387614442809543,35.71519340211981,5.8852678301677015,364.75719969999045,10.140089409826963,-0.1486525684595108,-0.1486525684595108,0.25100046396255493,0.0,0.0,0.007257288787513971,0.01169929001480341,1.0,1.0000734329223633,0.0,0.007233630400151014,1.0000734329223633,1.0006840229034424,0.4259673945346815,2e-06,2e-06,128,109,1790520951.694241,1790521027.936942,True,5,32
110,0.0007812976837158203,733.5829472541809,0.0,0.0,0.0007309913635253906,8,2.59375,0.3125,249,0,67,242,36,174,0.19186284973693546,0.4852849791495828,54.351899955421686,72.57148677483201,16.344034703448415,162.98823719113716,15.793745465576649,2.5797930703265592,2.4898325453593744,0.2586427719434141,1.6648646699686651,3.55672941076773,170.75970105470333,89.15158049017191,5.765625,10,3,0,3,0,497,906,440,226,1127.8125,967.0,3957,163,4,0.0,0.0,0.0,0.0,733.5829472541809,139.55957072251476,117.58964371541515,650.7846942925826,27.195112077519298,100.14772963528422,14.455079742094652,250.7782391756773,21.96333180387255,32.797927064767755,5.394073042198089,250.7782391756773,8.195860425115397,-0.09144415706396103,-0.09144415706396103,0.19179034233093262,0.0,0.0,0.005642944946885109,0.01332633662968874,1.0,0.9999531507492065,0.0,0.005625885911285877,0.9999531507492065,1.0003107786178589,0.5427128579896228,2e-06,2e-06,128,110,1790521067.953093,1790521135.196415,True,1,32
111,45.446792125701904,497.44613814353943,45.43800210952759,0.0,0.0009608268737792969,5,2.8125,0.4375,249,0,69,245,37,176,0.21384015940566314,0.5412277636860381,63.29440267384052,62.360849507153034,17.568376759067178,168.54118655615457,20.685423891991377,3.0473794599893154,3.042743698265625,0.46636293682968244,2.3948553964073653,3.184869668111787,176.64929769981973,105.44387786462903,6.7734375,9,5,0,2,0,500,915,447,228,1568.34375,1180.0,7116,467,7,0.0,0.0,0.0,0.0,497.44613814353943,137.93263369906344,114.92301633441821,453.2061892002821,12.076696215197444,161.8664356986105,20.08257625093344,139.32196928933263,27.8953526983736,67.25954316353663,14.305066326490726,139.32196928933263,19.870203183346,-0.1691807210445404,-0.1691807210445404,0.17119809985160828,0.0,0.0,0.004962019622325897,0.011187880299985409,1.0,0.9999964237213135,0.0,0.004949694965034723,0.9999964237213135,1.00035560131073,0.36207390192754696,2e-06,2e-06,128,111,1790521195.257897,1790521263.656296,True,,32
112,23.620231866836548,749.3356909751892,23.619280099868774,0.0,0.000865936279296875,7,2.4140625,0.3125,251,0,68,246,37,177,0.4062015146992053,0.8112191349791829,70.79385812394321,52.25597112439573,13.198624558746815,159.4184959137856,18.404793905094266,2.9806391200472717,2.947544882984375,0.2673846110337763,2.210103190751397,4.0253287826199085,168.20670598927245,106.18265932612121,7.09375,6,6,1,3,0,507,918,452,229,1287.015625,1198.5,4751,51,5,0.0,0.0,0.0,0.0,749.3356909751892,135.7842766791291,112.42237914353609,565.8641792656854,10.572036551311612,95.57754625761983,11.281992972999754,189.26391250174493,15.094493821921516,36.64089895091147,6.340282542550489,565.8641792656854,25.89502836561573,-0.11637306958436966,-0.11637306958436966,0.237683966755867,0.0,0.0,0.006667800713330507,0.021435100585222244,0.9999999403953552,0.9999892711639404,0.0,0.006642219144850969,0.9999892711639404,1.0004547834396362,0.6308253134398679,2e-06,2e-06,128,112,1790521298.823501,1790521366.027028,True,,32
113,38.96409320831299,977.1640565395355,38.96207547187805,0.0,0.0017821788787841797,10,2.453125,0.5,252,0,73,248,37,179,0.18787684527342208,0.3622160252634785,70.82042290829122,55.877527076750994,11.197484474629164,159.7857529689427,18.34072873927653,2.6849375155288726,2.650652082492187,0.3098648550003418,2.5357819570199354,3.6988128643133678,168.5685804583627,103.25471876189113,7.8125,8,2,1,5,0,509,929,460,231,1259.3046875,902.5,4761,42,7,0.0,0.0,0.0,0.0,977.1640565395355,138.66111296727468,105.48261813120916,835.5904286867008,20.3628666754812,63.610267130360626,8.587094402259673,30.6245041443035,8.86492273753004,27.492995149458526,4.8722627159049345,117.80480129271746,5.5401742297318775,-0.21814888715744019,-0.21814888715744019,0.19733554124832153,0.0,0.0,0.005702677648514509,0.03672349825501442,1.0,0.9999809861183167,0.0,0.005679753143340349,0.9999809861183167,1.0003992319107056,0.5913249737260845,2e-06,2e-06,128,113,1790521416.533039,1790521475.731618,True,1,32
114,57.255040884017944,660.8880705833435,57.24906253814697,0.0,0.001821279525756836,6,2.484375,0.75,256,0,76,251,37,182,0.18409072591020958,0.4220857137843268,63.9718514457345,60.284717513248324,9.770053124055266,159.03470439010562,21.13355292752385,2.214254920640087,1.946125827609375,0.27529000669164816,2.185021431192581,3.7250714740512194,166.8579401444731,97.90080887079239,7.0,5,6,1,4,0,514,937,465,235,1471.03125,1076.0,7314,85,8,0.0,0.0,0.0,0.0,660.8880705833435,136.54731077906035,123.53230603085831,537.7841155342758,22.777669083327055,124.55386975590129,17.25103010247518,316.88030799571425,33.1416939962098,47.484591410918,11.066926951101085,316.88030799571425,21.2611481351003,-0.14538177847862244,-0.14538177847862244,0.18306787312030792,0.0,0.0,0.005208706948906183,0.011123334057629108,1.0,1.0000780820846558,0.0,0.005193223711103201,1.0000780820846558,1.0005372762680054,0.3377634040486682,2e-06,2e-06,128,114,1790521548.993908,1790521625.962303,True,4,32
115,0.003027200698852539,858.435272693634,0.0,0.0,0.002196788787841797,8,2.890625,0.5625,255,1,72,252,37,183,0.2854241463064682,0.5064779954118421,89.52749402821064,57.31481713242829,12.232683090493083,187.5877074120799,23.472228543832898,3.4572206070442917,2.5117321005078126,0.24317538753530243,1.5470017352199648,3.5855569402338006,194.70873207544355,129.24164681881666,9.25,5,4,2,5,0,514,943,470,237,1486.7421875,1257.0,8359,25,5,0.0,0.0,0.0,0.0,858.435272693634,163.31729150800675,112.6796641102992,764.7019256893545,25.14515449013561,86.58253261981925,12.599668657674217,174.99152822513133,15.82573560375673,36.947650772950205,9.73748431115928,651.7154932431877,40.436382150861235,-0.04210340231657028,-0.04210340231657028,0.3304919898509979,0.0,0.0,0.00794052891433239,0.04502221941947937,1.0,1.000108003616333,0.0,0.007921776734292507,1.000108003616333,1.0007617473602295,0.8255891661336059,2e-06,2e-06,128,115,1790521644.045422,1790521714.602656,True,4,32
116,1.5759227275848389,2007.601390838623,1.572749137878418,0.0,0.0008802413940429688,18,3.109375,0.5,255,0,72,254,37,184,0.36373797932174057,0.5605948383235955,84.45441250503063,65.2252280972898,10.346885735169053,190.75167535089713,24.3578438218683,4.17087038095633,3.3489511576406246,0.37438463373837294,3.121114863162802,6.6657288886999595,203.3966088490415,124.14586409553885,7.875,8,2,1,5,0,518,949,475,240,1308.8828125,1214.5,4340,139,5,0.0,0.0,0.0,0.0,2007.601390838623,174.8361316022274,123.63237356487662,1941.634771598503,15.934512400999665,45.01101019307393,5.515039016472768,176.9321358371526,6.0480613686774936,13.908554487337398,2.161783718523466,324.4805507455021,2.578543320609044,-0.20174051821231842,-0.20174051821231842,0.18147532641887665,0.0,0.0,0.005619523581117392,0.01936449110507965,0.9999999403953552,0.9999527931213379,0.0,0.0055936104618012905,0.9999527931213379,1.0003490447998047,0.38521955793885065,2e-06,2e-06,128,116,1790521732.233459,1790521809.849776,True,3,33
117,17.26129984855652,1969.8145096302032,17.2600736618042,0.0,0.001146554946899414,19,3.5390625,0.625,251,0,73,255,37,184,0.5446927575321752,0.7252861041997676,109.90939727798104,50.41589171253145,11.639857273548841,201.58515091168374,23.29622177965939,2.6088050551188644,3.015136399554687,0.5400857639833703,1.9973348186831572,5.285038009744312,212.09284166237921,148.85951174981892,11.0546875,6,2,3,5,0,520,958,479,243,1321.0546875,1068.5,4855,155,7,0.0,0.0,0.0,0.0,1969.8145096302032,183.15568253389938,108.5119691756554,1869.8551124418154,15.501061068847775,39.550847530288074,5.091342332473102,203.86159351561219,5.679086859272315,14.307184692882961,2.4646990750979074,409.20040856301785,3.110954845711079,-0.15510255098342896,-0.15510255098342896,0.20193663239479065,0.0,0.0,0.006320710759609938,0.01603941060602665,1.0,0.9999099969863892,0.0,0.0062860543839633465,0.9999099969863892,1.0003248453140259,0.47645501972820425,2e-06,2e-06,128,117,1790521835.536767,1790521906.093635,True,3,34
118,39.83570075035095,1521.5602669715881,39.83469867706299,0.0,0.0008833408355712891,15,3.375,0.5625,249,0,72,260,37,187,0.40719385469856206,0.4046316810272401,105.78354849666357,52.57754124328494,13.357759157195687,203.6535564469741,26.59327212534845,3.070954443064693,3.484465758359375,0.5553248366340995,3.051422005984932,3.199502189156192,212.65301845996873,149.69593087024987,11.1875,7,5,3,1,0,525,965,484,246,1571.484375,1372.0,5593,543,6,0.0,0.0,0.0,0.0,1521.5602669715881,175.23535422849818,125.74423924414441,1383.4975286573172,23.589900649152696,54.61280007794678,6.879780069990134,230.25721975509077,8.106540151488511,22.033304054873827,3.6758320530621726,659.5328238354996,6.488192510034778,-0.11320032179355621,-0.11320032179355621,0.20264925062656403,0.0,0.0,0.006325747352093458,0.010349366813898087,1.0,1.0000030994415283,0.0,0.006309371441602707,1.0000030994415283,1.0004963874816895,0.3642767934481595,2e-06,2e-06,128,118,1790521948.62895,1790522023.429645,True,3,36
119,49.36292886734009,1442.1423897743225,49.35960578918457,0.0,0.0009260177612304688,14,3.234375,0.25,249,0,74,265,38,191,0.321034431202861,0.4152257896348601,93.09090095944703,57.50144174322486,9.607814781367779,192.50109525572043,27.25553427822888,3.2659830168122426,3.156919087546875,0.2997844507408445,2.158433636686823,3.2550277466216357,200.5730569713487,133.858138859272,9.765625,11,2,2,1,0,533,976,486,248,1854.5625,1203.0,7208,105,3,0.0,0.0,0.0,0.0,1442.1423897743225,168.17842725887022,123.77233472652733,1371.373384798877,8.530748072080314,63.775602639620566,7.00832322221776,162.01998501457274,7.895338728874804,27.434184225172995,4.99811949992536,174.7527593439445,5.687280238794695,-0.20780067145824432,-0.20780067145824432,0.22451400756835938,0.0,0.0,0.0064897253178060055,0.020742839202284813,1.0,0.9999572038650513,6.00499606662197e-06,0.0064748660661280155,0.9999551773071289,1.0003938674926758,0.5619788404669418,2e-06,2e-06,128,119,1790522086.985319,1790522165.137973,True,1,36
120,0.0010495185852050781,742.0911433696747,0.0,0.0,0.0009942054748535156,7,2.5625,0.625,251,2,74,267,38,193,0.4584875125729013,0.6749908451311057,67.65762729011476,57.21855596266687,4.468051934614778,153.8437758525397,18.453890370205045,2.5689920481090667,2.977412968460938,0.3445305355344317,1.796035802733968,4.029433786148729,162.01041587309737,94.20106011629105,7.21875,10,4,1,1,0,536,984,490,251,1232.1015625,1081.0,3287,541,8,0.0,0.0,0.0,0.0,742.0911433696747,139.24230899081886,112.49675307096913,719.9311265163124,29.70264939032495,97.7330533874919,14.123602058377973,221.9656650815159,20.150906728305547,35.4199528833879,4.429375056377101,515.3625883497298,14.49751223312321,-0.19956019520759583,-0.19956019520759583,0.1797146052122116,0.0,0.0,0.005362444557249546,0.012353607453405857,1.0,1.0000765323638916,0.0,0.005353484768420458,1.0000765323638916,1.0005507469177246,0.32388811602622036,2e-06,2e-06,128,120,1790522199.942051,1790522269.655233,True,2,36
121,26.631341457366943,1387.8085639476776,26.62171459197998,0.0,0.0009121894836425781,13,4.40625,0.25,251,0,74,270,38,196,0.295510954943893,0.7509100675451919,162.14563142508268,69.46717160195112,10.159958412870765,272.7038598641375,25.78227468393743,2.2647437160194386,3.349211474015625,0.2924332573165884,2.2183537379969493,4.661992415327404,282.152134952732,201.18420293927193,16.6875,5,2,6,3,0,538,994,495,253,1680.3515625,1400.5,5649,35,4,0.0,0.0,0.0,0.0,1387.8085639476776,247.90629668099427,168.8997539919801,1288.7394353169948,19.028863852843642,63.64974893611981,8.122157690060897,106.3064997214824,8.795928086784887,25.83029167800373,4.070446131223741,582.7971223043278,7.017291566028099,-0.10142632573843002,-0.10142632573843002,0.2919873595237732,0.0,0.0,0.008672093041241169,0.018228620290756226,1.0,1.0000865459442139,0.0,0.008641105145215988,1.0000865459442139,1.0008295774459839,0.6647468182450694,2e-06,2e-06,128,121,1790522315.492651,1790522405.564112,True,,36
122,14.778784990310669,806.1626806259155,14.772229194641113,0.0,0.0009648799896240234,8,2.8984375,0.3125,253,0,77,272,39,197,0.2655586307810154,0.43309796840912895,70.2506901267916,58.339368062093854,6.399523643776774,164.90146593283862,22.96138514392078,4.297644352744101,3.4287862819687502,0.4707380569088855,2.281421599058376,4.226350384335092,174.76043142849085,104.39493958465755,7.921875,6,5,1,4,0,541,1007,497,256,1541.359375,1392.0,5443,91,3,0.0,0.0,0.0,0.0,806.1626806259155,146.43532332596806,111.34544932702556,730.2392727164552,20.32105970196426,125.90118070775719,13.195847755865495,459.031118565239,30.645441563566443,40.788706949077635,6.751738986198148,166.9103101650253,8.514634049891264,-0.12783598899841309,-0.12783598899841309,0.17854231595993042,0.0,0.0,0.005252907518297434,0.011004823260009289,1.0,0.999934732913971,0.0,0.005234155338257551,0.999934732913971,1.000259280204773,0.41177039645874924,2e-06,2e-06,128,122,1790522435.80549,1790522517.299689,True,2,36
123,0.0006754398345947266,453.2128200531006,0.0,0.0,0.00063323974609375,5,2.84375,0.5625,253,0,74,274,39,199,0.6389886030083289,0.8753451195298112,57.07006012648344,58.22364689782262,10.010690953582525,158.82043325584527,24.11990032158792,4.60115307594242,3.105987966906249,0.42458740196889266,2.889277810922067,3.2914827367276303,168.81822863143316,96.38216320797801,5.96875,8,6,0,2,0,545,1014,500,257,1402.6171875,1294.0,3420,179,7,0.0,0.0,0.0,0.0,453.2128200531006,134.8684361335254,119.32605080632493,399.140637120232,22.594477401115,179.01339740822195,22.157360859349545,175.05687522608787,36.10205061856649,66.0230661535438,7.546123694381144,306.600442786701,23.32681635593253,-0.14387163519859314,-0.14387163519859314,0.18607747554779053,0.0,0.0,0.005461919587105513,0.013414920307695866,1.0,1.0000619888305664,0.0,0.005455821752548218,1.0000619888305664,1.000533103942871,0.37529119470808825,2e-06,2e-06,128,123,1790522530.482453,1790522598.579109,True,2,36
124,41.8199827671051,773.8036935329437,41.8157742023468,0.0,0.0018422603607177734,7,3.34375,0.5,250,0,77,276,39,201,0.37086068855569465,0.9150683859479614,101.58535565435886,56.52940880507231,8.80010961741209,197.34591729359818,23.360252721235156,3.3558199609688018,3.3291727366406247,0.28930423836573027,2.7390705992802395,4.413776610221248,207.2178739113806,138.25480735488236,10.484375,11,1,3,1,0,547,1025,505,260,1677.8203125,1462.5,6943,65,4,0.0,0.0,0.0,0.0,773.8036935329437,174.44606709346408,138.8918593870476,734.3917621048167,4.050608940422535,113.7599032791198,13.681764623871327,256.05357812158763,20.448088150764686,46.25656390521757,8.972559911546107,266.5963434558362,13.688681756966849,-0.14334340393543243,-0.14334340393543243,0.21575792133808136,0.0,0.0,0.006506355945020914,0.012109928764402866,1.0,1.0000380277633667,2.5690562779345782e-06,0.006498860195279121,1.0000369548797607,1.0005756616592407,0.3817687695054098,2e-06,2e-06,128,124,1790522652.495161,1790522734.151724,True,4,36
125,0.0007064342498779297,572.2428660392761,0.0,0.0,0.0006649494171142578,6,2.5390625,0.5625,251,2,77,279,39,204,0.639476129967079,0.6028395953690051,51.63378202915192,59.62778949178755,6.579502787441015,142.01168687034078,19.564234079793096,2.99778775600862,3.1144965166640617,0.40391680539323715,2.326590348580794,4.228600812253717,151.26860440523888,81.49676656536758,6.1640625,10,6,0,0,0,551,1032,513,260,1192.015625,1086.5,3022,462,7,0.0,0.0,0.0,0.0,572.2428660392761,125.83666750838165,102.94936429522932,533.2777994666249,30.78216331731528,126.34495646999933,14.486856004651376,131.59930533822626,18.813391909803183,44.438590982663804,5.28097452907798,131.59930533822626,6.8581508264686635,-0.20494700968265533,-0.20494700968265533,0.16899189352989197,0.0,0.0,0.005132291465997696,0.01602490246295929,1.0,0.9999948740005493,0.0,0.005121399648487568,0.9999948740005493,1.000372052192688,0.3298772279527542,2e-06,2e-06,128,125,1790522745.569897,1790522810.866463,True,2,36
126,0.0026493072509765625,758.1131901741028,0.0,0.0,0.0026128292083740234,7,3.203125,0.4375,256,0,74,282,39,207,0.5417028904121253,0.5241714228614001,76.87523649446666,50.936183823272586,8.651701018214226,164.77432483571465,23.669432189315557,2.1958777721738443,2.5489124556953127,0.4049930680121179,2.364652176576783,3.0082923031950486,172.6264639818619,112.45282181538641,7.96875,10,1,3,2,0,553,1038,519,262,1453.2265625,1204.0,6273,194,4,0.0,0.0,0.0,0.0,758.1131901741028,142.0082300228023,109.4872109615244,732.8891678676009,16.6170455198735,92.00385145299373,12.545619998796978,223.01777722872794,17.774400172200558,40.89384945214702,8.27448998553816,502.673949056305,24.557699015035663,-0.15295808017253876,-0.15295808017253876,0.2797528803348541,0.0,0.0,0.007889953441917896,0.02111959457397461,1.0,0.9999873638153076,0.0,0.00786490086466074,0.9999873638153076,1.0005513429641724,0.6845548576319157,2e-06,2e-06,128,126,1790522824.141637,1790522901.589299,True,3,36
127,21.545503616333008,741.1393859386444,21.54447293281555,0.0,0.0009489059448242188,8,3.1015625,0.4375,255,0,70,289,39,213,0.2043687411060091,0.4725103994132951,64.4045976754278,57.877297807484865,7.277581484988332,153.84745720226056,19.594396511092782,2.6267722889315337,2.6806064507031246,0.5862206600868376,2.5908989665840636,3.4519335918448633,162.03817730022274,94.90964875742793,6.7578125,7,4,1,4,0,558,1048,521,264,1345.546875,1261.0,7397,107,6,0.0,0.0,0.0,0.0,741.1393859386444,136.5235675893491,111.4378241756931,676.5104859219864,8.347518651746213,110.32562594566491,13.629015258995041,467.04617600049824,36.85242696190637,38.73090614884196,9.980578741786587,467.04617600049824,26.987169808654727,-0.13862928748130798,-0.13862928748130798,0.22598497569561005,0.0,0.0,0.006519804708659649,0.021154193207621574,1.0,0.9999424815177917,0.0,0.006491427775472403,0.9999424815177917,1.0003662109375,0.6296077630457518,2e-06,2e-06,128,127,1790522935.208,1790523005.845076,True,1,37
128,25.271138906478882,1288.4195318222046,25.270016193389893,0.0,0.0007700920104980469,12,3.8125,0.3125,252,0,65,291,39,215,0.23827053343120497,0.5593918595550349,121.02143150568008,55.325253600254655,8.356077402830124,207.40449410126894,19.522115025669336,1.3143816543815774,2.295471088820313,0.2780759911329369,1.3297243138513295,3.192115893958544,213.9009757625463,151.16922323405743,11.453125,8,3,3,2,0,560,1057,522,265,1298.6015625,1130.5,4873,49,3,0.0,0.0,0.0,0.0,1288.4195318222046,189.11777188991255,111.55469674803317,1230.6245596148074,25.49655398912728,51.75539878098382,6.208381511173662,161.35113973356783,7.097173566527389,21.501924889961188,3.782153157138299,295.48158969543874,4.907658165990274,-0.1185716986656189,-0.1185716986656189,0.24728454649448395,0.0,0.0,0.008082221262156963,0.030231699347496033,1.0,1.0000289678573608,0.0,0.008050703443586826,1.0000289678573608,1.0006976127624512,0.7795503056059544,2e-06,2e-06,128,128,1790523044.307619,1790523115.490275,True,2,37
129,117.86761426925659,1293.2960691452026,117.86430525779724,0.0,0.0009613037109375,13,2.3046875,0.5,252,0,76,295,40,217,0.18897525149805006,0.5643046795012197,88.5547657571733,53.702553475275636,8.333842298015952,177.70513910698355,21.432985063642263,3.628923346012016,3.226350214,0.26910913894244004,2.6955408139983774,4.219048715167446,186.79063306010357,122.31631594151258,8.15625,8,6,1,1,0,566,1069,528,272,1500.875,1298.0,5212,64,4,0.0,0.0,0.0,0.0,1293.2960691452026,159.2360748199353,115.89762158086523,1180.5985729191452,32.76198599487543,61.88644805276519,5.908159919677386,555.9553932603449,10.362916694959617,24.75741435433979,4.0300130220335735,488.9779089493677,6.480022779457056,-0.15753304958343506,-0.15753304958343506,0.21843983232975006,0.0,0.0,0.0062682488933205605,0.021574072539806366,1.0,0.999986469745636,0.0,0.00624419329687953,0.999986469745636,1.0004346370697021,0.7417393988046851,2e-06,2e-06,128,129,1790523247.202784,1790523323.144722,True,4,38
130,0.00804901123046875,580.760951757431,0.0,0.0,0.0012509822845458984,5,2.0234375,0.5,252,1,77,297,40,219,0.2584830032355967,0.551660667755641,68.71308027021587,64.37425763718784,6.36684730835259,165.12658761736384,20.630650591105223,3.6630485488058184,2.7119615529218755,0.5482926298936945,3.104961103927053,5.041798739148362,175.98069006076548,99.61795197427273,6.9140625,8,4,2,2,0,572,1077,533,272,1403.0703125,1229.5,4378,38,5,0.0,0.0,0.0,0.0,580.760951757431,148.4307547174467,138.03097058134153,553.4364331373945,6.075959454290569,129.58659342642412,17.282498021995455,287.6356937913224,34.24133447128765,51.53956473156371,7.538385607282665,132.37430571205914,9.763894706973485,-0.20475628972053528,-0.20475628972053528,0.23103109002113342,0.0,0.0,0.006512136664241552,0.021755341440439224,1.0,0.9999271035194397,0.0,0.006497543305158615,0.9999271035194397,1.000335931777954,0.8033388187160493,2e-06,2e-06,128,130,1790523358.624728,1790523427.736718,True,3,38
131,24.933674812316895,1004.4390239715576,24.929473638534546,0.0,0.0008432865142822266,9,2.65625,0.5625,253,0,80,301,40,223,0.3084750532070757,0.34519361792627024,110.76765205711126,56.00790258497,5.795586712658405,197.1280067671978,20.901262938976288,2.8594599698481034,3.189627982046875,0.4952302427554969,2.3760337355925003,2.9177585873330827,205.442863027376,140.3883819002658,11.125,7,5,2,2,0,575,1087,540,275,1397.078125,1059.0,6284,120,6,0.0,0.0,0.0,0.0,1004.4390239715576,179.40085234204162,113.45814328081906,945.7018255665898,20.803968673571944,65.74150521575432,8.916419798772777,866.8083141818643,65.0726862753612,29.67261588014256,6.25622845193034,866.8083141818643,45.65841453264513,-0.12459427118301392,-0.12459427118301392,0.19962432980537415,0.0,0.0,0.005933732260018587,0.017355045303702354,1.0,0.9999799728393555,0.0,0.0059232707135379314,0.9999799728393555,1.0004034042358398,0.47612573589449353,2e-06,2e-06,128,131,1790523465.345483,1790523534.776049,True,3,38
132,4.675278663635254,609.1995396614075,4.673190355300903,0.0,0.0008516311645507812,5,2.5390625,0.5625,253,0,75,305,40,227,0.260691121853597,0.48198479253187543,72.31562171690166,55.53919588774443,2.0765174217522144,147.32013485506468,13.849349847063422,2.1337394799120375,2.2187396944296878,0.30590019642113475,1.2769614327407908,3.6073750723007834,154.1133406733643,91.15163436345756,6.90625,9,3,2,2,0,579,1093,542,278,983.0,875.0,3096,85,5,0.0,0.0,0.0,0.0,609.1995396614075,137.6557544794632,114.40535735804588,602.1451014271006,22.3774934085086,86.77561820885198,9.996724559878716,211.34624666906893,15.3071499149745,34.42331338320141,5.0820786925097705,245.64964615181088,8.516025049855434,-0.17153656482696533,-0.17153656482696533,0.23327447474002838,0.0,0.0,0.0076108514331281185,0.030386967584490776,1.0,1.0001155138015747,0.0,0.007589590735733509,1.0001155138015747,1.000879168510437,0.9898425047278757,2e-06,2e-06,128,132,1790523551.681607,1790523611.043432,True,4,38
133,56.699928283691406,1104.7438073158264,56.681272745132446,0.0,0.0008480548858642578,10,2.984375,0.625,255,0,73,315,42,232,0.46507356099027675,0.6330208700383082,93.51887548528612,53.20233352854848,7.161327011883259,186.23164753577294,26.048111215233803,4.107662147660449,3.365876376671875,0.35358208526304225,2.869458776600368,3.3714472909923643,195.14630092074367,131.4462564662099,9.1015625,6,5,1,4,0,586,1103,548,279,1682.21875,1568.5,5689,19,6,0.0,0.0,0.0,0.0,1104.7438073158264,164.43719268523273,113.43056871555746,1064.6202435623854,8.538150309585035,87.07584451975946,9.502655665938311,688.6360222743824,25.22904011265833,32.48475628075985,5.149610219424943,483.34982850402594,9.155222280843839,-0.1534791737794876,-0.1534791737794876,0.2540648281574249,0.0,0.0,0.007032290101051331,0.0388263575732708,1.0,1.000069499015808,0.0,0.007015221752226353,1.000069499015808,1.0006682872772217,0.8839115289803913,2e-06,2e-06,128,133,1790523679.763431,1790523765.267557,True,4,41
134,17.686115741729736,1264.6941730976105,17.685154676437378,0.0,0.0008749961853027344,11,3.15625,0.5,249,0,72,320,44,235,0.3983963322607451,0.49634123651048867,113.75130800157785,55.324891693890095,7.81548336148262,210.6504285928313,27.494677936658263,4.245358442043653,3.5628938659375002,0.44482489416986937,2.4180444881494623,3.8876501932827523,219.8069270231572,154.1759948991239,10.8671875,8,4,4,0,0,588,1117,551,280,1539.890625,1248.0,6249,130,5,0.0,0.0,0.0,0.0,1264.6941730976105,186.72818786478456,124.97276873141527,1215.9464367292821,33.04558756202459,62.4021746485706,8.752313591268269,1215.9464367292821,227.0669537630385,25.97544979553292,4.94111551466577,490.42269062809646,8.07081255281289,-0.14207670092582703,-0.14207670092582703,0.24385160207748413,0.0,0.0,0.007543018553406,0.014554460532963276,1.0,0.9999947547912598,0.0,0.00752604752779007,0.9999947547912598,1.0005778074264526,0.44186050536947524,2e-06,2e-06,128,134,1790523796.308103,1790523874.91973,True,3,41
135,10.166518688201904,435.61097478866577,10.165703058242798,0.0,0.0007538795471191406,4,2.21875,0.375,250,0,75,321,44,236,0.35429789189220173,0.7965354186671902,67.82463298924267,47.8224411662668,7.606285331770778,152.02407539655542,23.485981030389667,3.7818521245280863,3.1427775731484373,0.6005324884608854,2.2746661464334466,4.131138789030956,161.68681831139838,103.29353952594101,7.453125,10,4,1,1,0,594,1125,555,282,1289.4921875,1217.5,4048,176,3,0.0,0.0,0.0,0.0,435.61097478866577,129.79726230387314,112.57080471282825,397.25212941598147,23.20528566185385,190.19875866732278,22.960854016252494,242.83606372214854,51.884345035691894,63.15076584104105,9.29269516674566,242.83606372214854,20.998583153817314,-0.13507530093193054,-0.13507530093193054,0.18391099572181702,0.0,0.0,0.005454300902783871,0.014869241043925285,1.0,1.0000115633010864,0.0,0.0054464032873511314,1.0000115633010864,1.000421404838562,0.45924149474116116,2e-06,2e-06,128,135,1790523895.850603,1790523968.383445,True,3,41
136,8.076463222503662,618.4248387813568,8.075502395629883,0.0,0.000885009765625,6,2.859375,0.3125,254,0,74,325,45,239,0.31457759121985873,0.6750627481524134,80.62082881294191,51.55064636096358,9.583128372207284,171.33956986593694,24.614886045455933,2.9982523853177554,2.6070659235468754,0.5446199227080797,3.5048445055872435,4.385943620058242,182.0354792569342,118.97512767650187,7.796875,9,4,2,1,0,599,1131,562,283,1297.7265625,1257.5,3091,189,4,0.0,0.0,0.0,0.0,618.4248387813568,147.16167772687186,114.01150436233729,555.5282149231061,24.037760112434626,125.9293424998845,16.043986880526816,179.2584970453754,22.592806089782083,44.766690464580876,4.99818216566301,179.2584970453754,7.038335378302401,-0.12019261717796326,-0.12019261717796326,0.20659030973911285,0.0,0.0,0.006395179778337479,0.016724415123462677,1.0,0.9999306797981262,0.0,0.006376358214765787,0.9999306797981262,1.0003515481948853,0.4792338217102481,2e-06,2e-06,128,136,1790523984.821974,1790524056.636472,True,1,41
137,0.0006287097930908203,477.08139753341675,0.0,0.0,0.0005879402160644531,5,2.5625,0.375,255,2,74,330,45,243,0.38789845379506005,0.5581054987560492,48.05818556621671,51.218383288010955,7.3135208655148745,128.49870101601118,17.82143285870552,3.124966061950545,2.4165339460546873,0.5615634585119551,2.9641175151482457,4.61504975281423,139.35026595059026,76.50204395502806,5.2421875,11,1,0,4,0,601,1143,567,285,1170.6875,1157.5,2697,62,4,0.0,0.0,0.0,0.0,477.08139753341675,113.6801014666271,99.79155773902312,459.3839454911649,12.906886391341686,133.58552019878888,17.25491717463873,151.36380412708968,25.27342755394463,52.34885869746648,5.653123374635648,112.35813433118165,7.394647592041703,-0.11679491400718689,-0.11679491400718689,0.21193677186965942,0.0,0.0,0.006545859854668379,0.025554334744811058,1.0,1.000083565711975,4.474513389141066e-06,0.006535718683153391,1.0000821352005005,1.000694751739502,0.6784344885437283,2e-06,2e-06,128,137,1790524069.381856,1790524132.554703,True,2,42
138,0.0006613731384277344,353.45609974861145,0.0,0.0,0.0006210803985595703,4,2.7578125,0.5,251,0,71,331,45,244,0.44580754537309986,0.5538288211755571,41.45551707409322,40.8272900711745,11.084471635520458,118.90821284215781,20.802176034078002,3.413244494186074,2.2966005054062495,0.5020712887780974,3.003054005515878,3.57175759490201,128.50395280940575,77.28399990871549,5.0625,4,7,0,5,0,602,1150,571,287,1101.34375,1109.0,2687,31,6,0.0,0.0,0.0,0.0,353.45609974861145,97.49955973026226,89.02071068482473,326.7501051565632,5.746450627222657,206.08924291251014,23.45694417467065,52.5693945819512,27.555222140531733,66.4731301851741,7.602075623849963,130.9105694387108,12.073933797988575,-0.17430296540260315,-0.17430296540260315,0.20679600536823273,0.0,0.0,0.0063779582269489765,0.04709460213780403,1.0,1.0001229047775269,0.0,0.006379086058586836,1.0001229047775269,1.0007705688476562,0.5980601223924169,2e-06,2e-06,128,138,1790524143.767892,1790524205.313778,True,2,42
139,5.8061683177948,1888.4178812503815,5.805197715759277,0.0,0.0009043216705322266,18,4.1328125,0.375,250,0,69,331,45,244,0.1646650471011526,0.6500038974336348,97.436448097229,45.586654257029295,10.790054010227323,182.09036954682233,23.102065483108163,2.9533484460334876,2.6993761466953123,0.5177006529047503,2.1054321214396623,4.287179029590334,191.30574261867878,134.99925896339118,10.015625,6,5,2,3,0,604,1156,575,289,1227.6953125,1065.5,4714,59,5,0.0,0.0,0.0,0.0,1888.4178812503815,160.32148311240599,93.14004676043987,1822.2760950149968,14.398444915190339,32.671882256174335,3.963635419001616,392.7662249878049,5.004507546031115,13.869193674437964,2.4962695210652797,392.7662249878049,3.15180341643162,-0.1651841402053833,-0.1651841402053833,0.21261361241340637,0.0,0.0,0.007729843724519014,0.030126681551337242,1.0,1.0001640319824219,1.4382680092239752e-05,0.007724763359874487,1.0001617670059204,1.0010581016540527,0.49232786689883984,2e-06,2e-06,128,139,1790524224.673507,1790524286.548172,True,1,42
