group,sample,task,old_reward,corrected_reward,error,basis
28,227,telecom_94,0.0,0.0,,DB+COMMUNICATE
32,262,telecom_91,0.0,0.0,,DB+COMMUNICATE
32,259,telecom_91,0.0,0.0,,DB+COMMUNICATE
28,224,telecom_94,0.0,0.0,,DB+COMMUNICATE
28,228,telecom_94,0.0,0.0,,DB+COMMUNICATE
32,256,telecom_91,0.0,0.0,,DB+COMMUNICATE
28,225,telecom_94,0.0,0.0,,DB+COMMUNICATE
28,230,telecom_94,0.0,0.0,,DB+COMMUNICATE
28,226,telecom_94,0.0,0.0,,DB+COMMUNICATE
32,258,telecom_91,0.0,0.0,,DB+COMMUNICATE
28,231,telecom_94,0.0,0.0,,DB+COMMUNICATE
32,261,telecom_91,0.0,0.0,,DB+COMMUNICATE
28,229,telecom_94,0.0,0.0,,DB+COMMUNICATE
32,257,telecom_91,0.0,0.0,,DB+COMMUNICATE
32,263,telecom_91,0.0,0.0,,DB+COMMUNICATE
32,260,telecom_91,0.0,0.0,,DB+COMMUNICATE
14,115,telecom_118,0.0,1.0,,DB+COMMUNICATE
14,119,telecom_118,0.0,1.0,,DB+COMMUNICATE
14,116,telecom_118,0.0,1.0,,DB+COMMUNICATE
36,294,telecom_53,0.0,0.0,,DB+COMMUNICATE
14,114,telecom_118,0.0,1.0,,DB+COMMUNICATE
47,377,telecom_213,1.0,1.0,,ENV_ASSERTION+ACTION
87,701,telecom_148,0.0,0.0,,DB+COMMUNICATE
14,112,telecom_118,0.0,0.0,,DB+COMMUNICATE
86,690,telecom_227,1.0,1.0,,ENV_ASSERTION
47,381,telecom_213,1.0,1.0,,ENV_ASSERTION+ACTION
102,816,telecom_146,0.0,0.0,,ENV_ASSERTION+ACTION
102,821,telecom_146,0.0,0.0,,ENV_ASSERTION+ACTION
102,822,telecom_146,0.0,0.0,,ENV_ASSERTION+ACTION
102,823,telecom_146,0.0,0.0,,ENV_ASSERTION+ACTION
47,379,telecom_213,0.0,0.0,,ENV_ASSERTION+ACTION
86,693,telecom_227,1.0,1.0,,ENV_ASSERTION
102,818,telecom_146,0.0,0.0,,ENV_ASSERTION+ACTION
102,819,telecom_146,0.0,0.0,,ENV_ASSERTION+ACTION
96,775,telecom_82,0.0,0.0,,DB+COMMUNICATE
47,380,telecom_213,0.0,0.0,,ENV_ASSERTION+ACTION
86,694,telecom_227,1.0,1.0,,ENV_ASSERTION
87,699,telecom_148,0.0,0.0,,DB+COMMUNICATE
81,655,telecom_179,1.0,1.0,,ENV_ASSERTION
47,382,telecom_213,1.0,1.0,,ENV_ASSERTION+ACTION
102,817,telecom_146,0.0,0.0,,ENV_ASSERTION+ACTION
87,702,telecom_148,0.0,0.0,,DB+COMMUNICATE
81,653,telecom_179,1.0,1.0,,ENV_ASSERTION
47,383,telecom_213,0.0,0.0,,ENV_ASSERTION+ACTION
86,689,telecom_227,1.0,1.0,,ENV_ASSERTION
86,692,telecom_227,1.0,1.0,,ENV_ASSERTION
81,654,telecom_179,1.0,1.0,,ENV_ASSERTION
81,652,telecom_179,1.0,1.0,,ENV_ASSERTION
117,940,telecom_238,0.0,0.0,,DB+COMMUNICATE
117,937,telecom_238,0.0,0.0,,DB+COMMUNICATE
81,650,telecom_179,1.0,1.0,,ENV_ASSERTION
117,942,telecom_238,0.0,0.0,,DB+COMMUNICATE
86,688,telecom_227,1.0,1.0,,ENV_ASSERTION
86,691,telecom_227,1.0,1.0,,ENV_ASSERTION
14,118,telecom_118,0.0,0.0,,DB+COMMUNICATE
117,943,telecom_238,0.0,0.0,,DB+COMMUNICATE
117,939,telecom_238,0.0,0.0,,DB+COMMUNICATE
86,695,telecom_227,1.0,1.0,,ENV_ASSERTION
83,666,telecom_125,0.0,0.0,,ENV_ASSERTION+ACTION
117,938,telecom_238,0.0,0.0,,DB+COMMUNICATE
102,820,telecom_146,0.0,0.0,,ENV_ASSERTION+ACTION
63,510,telecom_253,0.0,1.0,,DB+COMMUNICATE
63,507,telecom_253,0.0,0.0,,DB+COMMUNICATE
81,651,telecom_179,0.0,0.0,,ENV_ASSERTION
87,697,telecom_148,0.0,0.0,,DB+COMMUNICATE
14,117,telecom_118,0.0,1.0,,DB+COMMUNICATE
96,774,telecom_82,1.0,1.0,,DB+COMMUNICATE
63,506,telecom_253,0.0,1.0,,DB+COMMUNICATE
135,1086,telecom_93,0.0,0.0,,DB+COMMUNICATE
83,669,telecom_125,0.0,0.0,,ENV_ASSERTION+ACTION
135,1085,telecom_93,0.0,0.0,,DB+COMMUNICATE
133,1071,telecom_162,0.0,0.0,,DB+COMMUNICATE
36,290,telecom_53,0.0,1.0,,DB+COMMUNICATE
81,649,telecom_179,0.0,0.0,,ENV_ASSERTION
117,941,telecom_238,0.0,0.0,,DB+COMMUNICATE
135,1082,telecom_93,0.0,0.0,,DB+COMMUNICATE
96,769,telecom_82,1.0,1.0,,DB+COMMUNICATE
36,295,telecom_53,0.0,0.0,,DB+COMMUNICATE
96,773,telecom_82,1.0,1.0,,DB+COMMUNICATE
96,771,telecom_82,1.0,1.0,,DB+COMMUNICATE
83,664,telecom_125,1.0,1.0,,ENV_ASSERTION+ACTION
96,770,telecom_82,0.0,0.0,,DB+COMMUNICATE
47,376,telecom_213,1.0,1.0,,ENV_ASSERTION+ACTION
83,668,telecom_125,0.0,0.0,,ENV_ASSERTION+ACTION
83,665,telecom_125,0.0,0.0,,ENV_ASSERTION+ACTION
135,1080,telecom_93,0.0,0.0,,DB+COMMUNICATE
47,378,telecom_213,1.0,1.0,,ENV_ASSERTION+ACTION
63,509,telecom_253,0.0,0.0,,DB+COMMUNICATE
157,1260,telecom_63,0.0,0.0,,ENV_ASSERTION
83,667,telecom_125,0.0,0.0,,ENV_ASSERTION+ACTION
157,1257,telecom_63,0.0,0.0,,ENV_ASSERTION
157,1261,telecom_63,0.0,0.0,,ENV_ASSERTION
157,1256,telecom_63,0.0,0.0,,ENV_ASSERTION
81,648,telecom_179,1.0,1.0,,ENV_ASSERTION
14,113,telecom_118,0.0,0.0,,DB+COMMUNICATE
135,1087,telecom_93,0.0,0.0,,DB+COMMUNICATE
135,1084,telecom_93,0.0,0.0,,DB+COMMUNICATE
96,768,telecom_82,1.0,1.0,,DB+COMMUNICATE
63,511,telecom_253,0.0,0.0,,DB+COMMUNICATE
87,696,telecom_148,0.0,0.0,,DB+COMMUNICATE
148,1184,telecom_209,0.0,0.0,,ENV_ASSERTION+ACTION
133,1065,telecom_162,0.0,0.0,,DB+COMMUNICATE
87,703,telecom_148,1.0,1.0,,DB+COMMUNICATE
63,508,telecom_253,0.0,0.0,,DB+COMMUNICATE
115,925,telecom_89,1.0,1.0,,ENV_ASSERTION+ACTION
36,288,telecom_53,0.0,0.0,,DB+COMMUNICATE
178,1425,telecom_114,0.0,0.0,,DB+COMMUNICATE
148,1191,telecom_209,0.0,0.0,,ENV_ASSERTION+ACTION
128,1027,telecom_64,1.0,1.0,,DB+COMMUNICATE
83,670,telecom_125,0.0,0.0,,ENV_ASSERTION+ACTION
128,1031,telecom_64,1.0,1.0,,DB+COMMUNICATE
128,1024,telecom_64,1.0,1.0,,DB+COMMUNICATE
143,1146,telecom_165,0.0,0.0,,DB+COMMUNICATE
134,1077,telecom_244,0.0,0.0,,DB+COMMUNICATE
128,1029,telecom_64,1.0,1.0,,DB+COMMUNICATE
147,1178,telecom_89,0.0,0.0,,ENV_ASSERTION+ACTION
133,1067,telecom_162,0.0,1.0,,DB+COMMUNICATE
128,1025,telecom_64,0.0,0.0,,DB+COMMUNICATE
147,1181,telecom_89,1.0,1.0,,ENV_ASSERTION+ACTION
143,1144,telecom_165,1.0,1.0,,DB+COMMUNICATE
143,1148,telecom_165,1.0,1.0,,DB+COMMUNICATE
63,505,telecom_253,0.0,0.0,,DB+COMMUNICATE
143,1147,telecom_165,1.0,1.0,,DB+COMMUNICATE
115,921,telecom_89,1.0,1.0,,ENV_ASSERTION+ACTION
134,1076,telecom_244,0.0,0.0,,DB+COMMUNICATE
134,1078,telecom_244,1.0,1.0,,DB+COMMUNICATE
143,1145,telecom_165,0.0,0.0,,DB+COMMUNICATE
133,1069,telecom_162,0.0,0.0,,DB+COMMUNICATE
148,1190,telecom_209,0.0,0.0,,ENV_ASSERTION+ACTION
134,1079,telecom_244,1.0,1.0,,DB+COMMUNICATE
143,1149,telecom_165,1.0,1.0,,DB+COMMUNICATE
128,1028,telecom_64,1.0,1.0,,DB+COMMUNICATE
128,1026,telecom_64,1.0,1.0,,DB+COMMUNICATE
148,1188,telecom_209,0.0,0.0,,ENV_ASSERTION+ACTION
148,1187,telecom_209,0.0,0.0,,ENV_ASSERTION+ACTION
115,927,telecom_89,1.0,1.0,,ENV_ASSERTION+ACTION
143,1151,telecom_165,1.0,1.0,,DB+COMMUNICATE
134,1074,telecom_244,1.0,1.0,,DB+COMMUNICATE
135,1083,telecom_93,0.0,1.0,,DB+COMMUNICATE
178,1426,telecom_114,1.0,1.0,,DB+COMMUNICATE
147,1176,telecom_89,0.0,0.0,,ENV_ASSERTION+ACTION
134,1072,telecom_244,1.0,1.0,,DB+COMMUNICATE
143,1150,telecom_165,1.0,1.0,,DB+COMMUNICATE
36,293,telecom_53,0.0,0.0,,DB+COMMUNICATE
148,1185,telecom_209,0.0,0.0,,ENV_ASSERTION+ACTION
148,1186,telecom_209,1.0,1.0,,ENV_ASSERTION+ACTION
178,1428,telecom_114,1.0,1.0,,DB+COMMUNICATE
183,1465,telecom_208,0.0,0.0,,DB+COMMUNICATE
115,922,telecom_89,1.0,1.0,,ENV_ASSERTION+ACTION
115,920,telecom_89,0.0,0.0,,ENV_ASSERTION+ACTION
115,926,telecom_89,1.0,1.0,,ENV_ASSERTION+ACTION
134,1075,telecom_244,0.0,0.0,,DB+COMMUNICATE
190,1522,telecom_33,1.0,1.0,,DB+COMMUNICATE
190,1525,telecom_33,1.0,1.0,,DB+COMMUNICATE
178,1429,telecom_114,1.0,1.0,,DB+COMMUNICATE
178,1427,telecom_114,1.0,1.0,,DB+COMMUNICATE
128,1030,telecom_64,1.0,1.0,,DB+COMMUNICATE
190,1524,telecom_33,1.0,1.0,,DB+COMMUNICATE
178,1424,telecom_114,1.0,1.0,,DB+COMMUNICATE
117,936,telecom_238,0.0,0.0,,DB+COMMUNICATE
133,1068,telecom_162,0.0,1.0,,DB+COMMUNICATE
183,1470,telecom_208,0.0,1.0,,DB+COMMUNICATE
178,1430,telecom_114,1.0,1.0,,DB+COMMUNICATE
190,1523,telecom_33,1.0,1.0,,DB+COMMUNICATE
190,1527,telecom_33,1.0,1.0,,DB+COMMUNICATE
133,1064,telecom_162,0.0,0.0,,DB+COMMUNICATE
147,1180,telecom_89,1.0,1.0,,ENV_ASSERTION+ACTION
183,1468,telecom_208,0.0,0.0,,DB+COMMUNICATE
190,1520,telecom_33,1.0,1.0,,DB+COMMUNICATE
157,1262,telecom_63,0.0,0.0,,ENV_ASSERTION
157,1258,telecom_63,1.0,1.0,,ENV_ASSERTION
135,1081,telecom_93,0.0,1.0,,DB+COMMUNICATE
183,1464,telecom_208,0.0,1.0,,DB+COMMUNICATE
83,671,telecom_125,1.0,1.0,,ENV_ASSERTION+ACTION
178,1431,telecom_114,1.0,1.0,,DB+COMMUNICATE
87,698,telecom_148,0.0,0.0,,DB+COMMUNICATE
190,1526,telecom_33,1.0,1.0,,DB+COMMUNICATE
190,1521,telecom_33,0.0,0.0,,DB+COMMUNICATE
218,1746,telecom_231,0.0,1.0,,DB+COMMUNICATE
147,1183,telecom_89,1.0,1.0,,ENV_ASSERTION+ACTION
157,1263,telecom_63,0.0,0.0,,ENV_ASSERTION
218,1748,telecom_231,0.0,1.0,,DB+COMMUNICATE
36,292,telecom_53,0.0,0.0,,DB+COMMUNICATE
87,700,telecom_148,0.0,0.0,,DB+COMMUNICATE
36,289,telecom_53,0.0,0.0,,DB+COMMUNICATE
183,1469,telecom_208,0.0,0.0,,DB+COMMUNICATE
218,1749,telecom_231,0.0,1.0,,DB+COMMUNICATE
218,1745,telecom_231,0.0,1.0,,DB+COMMUNICATE
183,1466,telecom_208,0.0,0.0,,DB+COMMUNICATE
133,1066,telecom_162,0.0,0.0,,DB+COMMUNICATE
218,1747,telecom_231,0.0,1.0,,DB+COMMUNICATE
148,1189,telecom_209,1.0,1.0,,ENV_ASSERTION+ACTION
218,1751,telecom_231,0.0,1.0,,DB+COMMUNICATE
63,504,telecom_253,0.0,0.0,,DB+COMMUNICATE
96,772,telecom_82,0.0,0.0,,DB+COMMUNICATE
183,1471,telecom_208,0.0,0.0,,DB+COMMUNICATE
218,1744,telecom_231,0.0,1.0,,DB+COMMUNICATE
279,2239,telecom_28,0.0,0.0,,DB+COMMUNICATE
157,1259,telecom_63,1.0,1.0,,ENV_ASSERTION
279,2236,telecom_28,0.0,0.0,,DB+COMMUNICATE
294,2356,telecom_229,1.0,1.0,,ENV_ASSERTION
36,291,telecom_53,0.0,0.0,,DB+COMMUNICATE
294,2352,telecom_229,1.0,1.0,,ENV_ASSERTION
294,2353,telecom_229,1.0,1.0,,ENV_ASSERTION
218,1750,telecom_231,0.0,0.0,,DB+COMMUNICATE
261,2092,telecom_214,0.0,0.0,,DB+COMMUNICATE
294,2357,telecom_229,1.0,1.0,,ENV_ASSERTION
134,1073,telecom_244,1.0,1.0,,DB+COMMUNICATE
294,2355,telecom_229,1.0,1.0,,ENV_ASSERTION
133,1070,telecom_162,0.0,0.0,,DB+COMMUNICATE
294,2359,telecom_229,1.0,1.0,,ENV_ASSERTION
294,2358,telecom_229,1.0,1.0,,ENV_ASSERTION
294,2354,telecom_229,1.0,1.0,,ENV_ASSERTION
279,2232,telecom_28,0.0,0.0,,DB+COMMUNICATE
261,2089,telecom_214,0.0,0.0,,DB+COMMUNICATE
261,2088,telecom_214,0.0,0.0,,DB+COMMUNICATE
261,2090,telecom_214,0.0,0.0,,DB+COMMUNICATE
300,2405,telecom_20,0.0,1.0,,DB+COMMUNICATE
261,2091,telecom_214,0.0,0.0,,DB+COMMUNICATE
300,2400,telecom_20,0.0,1.0,,DB+COMMUNICATE
261,2094,telecom_214,0.0,0.0,,DB+COMMUNICATE
348,2788,telecom_91,0.0,0.0,,DB+COMMUNICATE
261,2095,telecom_214,0.0,0.0,,DB+COMMUNICATE
348,2790,telecom_91,0.0,0.0,,DB+COMMUNICATE
279,2233,telecom_28,0.0,0.0,,DB+COMMUNICATE
364,2916,telecom_2,0.0,0.0,,ENV_ASSERTION
300,2404,telecom_20,0.0,1.0,,DB+COMMUNICATE
374,2999,telecom_63,0.0,0.0,,ENV_ASSERTION
374,2993,telecom_63,0.0,0.0,,ENV_ASSERTION
147,1177,telecom_89,0.0,0.0,,ENV_ASSERTION+ACTION
374,2992,telecom_63,0.0,0.0,,ENV_ASSERTION
279,2238,telecom_28,0.0,1.0,,DB+COMMUNICATE
364,2918,telecom_2,1.0,1.0,,ENV_ASSERTION
364,2913,telecom_2,1.0,1.0,,ENV_ASSERTION
374,2995,telecom_63,0.0,0.0,,ENV_ASSERTION
364,2912,telecom_2,1.0,1.0,,ENV_ASSERTION
364,2915,telecom_2,1.0,1.0,,ENV_ASSERTION
300,2401,telecom_20,0.0,1.0,,DB+COMMUNICATE
261,2093,telecom_214,0.0,0.0,,DB+COMMUNICATE
360,2880,telecom_52,0.0,1.0,,DB+COMMUNICATE
348,2784,telecom_91,0.0,0.0,,DB+COMMUNICATE
315,2522,telecom_256,0.0,0.0,,DB+COMMUNICATE
315,2525,telecom_256,0.0,0.0,,DB+COMMUNICATE
317,2536,telecom_39,0.0,0.0,,DB+COMMUNICATE
315,2521,telecom_256,0.0,0.0,,DB+COMMUNICATE
364,2914,telecom_2,1.0,1.0,,ENV_ASSERTION
330,2646,telecom_136,0.0,1.0,,DB+COMMUNICATE
353,2825,telecom_188,1.0,1.0,,DB+COMMUNICATE
360,2887,telecom_52,0.0,0.0,,DB+COMMUNICATE
383,3065,telecom_241,0.0,0.0,,DB+COMMUNICATE
353,2829,telecom_188,1.0,1.0,,DB+COMMUNICATE
353,2826,telecom_188,1.0,1.0,,DB+COMMUNICATE
358,2868,telecom_140,0.0,0.0,,DB+COMMUNICATE
353,2824,telecom_188,1.0,1.0,,DB+COMMUNICATE
360,2885,telecom_52,0.0,1.0,,DB+COMMUNICATE
353,2827,telecom_188,1.0,1.0,,DB+COMMUNICATE
147,1179,telecom_89,1.0,1.0,,ENV_ASSERTION+ACTION
330,2647,telecom_136,0.0,1.0,,DB+COMMUNICATE
317,2538,telecom_39,0.0,0.0,,DB+COMMUNICATE
348,2787,telecom_91,0.0,1.0,,DB+COMMUNICATE
358,2864,telecom_140,0.0,1.0,,DB+COMMUNICATE
358,2866,telecom_140,0.0,0.0,,DB+COMMUNICATE
147,1182,telecom_89,0.0,0.0,,ENV_ASSERTION+ACTION
358,2867,telecom_140,0.0,0.0,,DB+COMMUNICATE
353,2830,telecom_188,1.0,1.0,,DB+COMMUNICATE
279,2234,telecom_28,0.0,1.0,,DB+COMMUNICATE
364,2917,telecom_2,1.0,1.0,,ENV_ASSERTION
353,2831,telecom_188,1.0,1.0,,DB+COMMUNICATE
360,2883,telecom_52,0.0,0.0,,DB+COMMUNICATE
317,2543,telecom_39,0.0,0.0,,DB+COMMUNICATE
364,2919,telecom_2,1.0,1.0,,ENV_ASSERTION
279,2237,telecom_28,0.0,0.0,,DB+COMMUNICATE
360,2884,telecom_52,0.0,0.0,,DB+COMMUNICATE
315,2520,telecom_256,0.0,0.0,,DB+COMMUNICATE
358,2869,telecom_140,0.0,0.0,,DB+COMMUNICATE
330,2645,telecom_136,0.0,1.0,,DB+COMMUNICATE
330,2644,telecom_136,0.0,1.0,,DB+COMMUNICATE
317,2542,telecom_39,0.0,0.0,,DB+COMMUNICATE
360,2882,telecom_52,0.0,1.0,,DB+COMMUNICATE
183,1467,telecom_208,0.0,0.0,,DB+COMMUNICATE
360,2881,telecom_52,0.0,1.0,,DB+COMMUNICATE
399,3197,telecom_103,1.0,1.0,,ENV_ASSERTION
353,2828,telecom_188,1.0,1.0,,DB+COMMUNICATE
317,2540,telecom_39,0.0,1.0,,DB+COMMUNICATE
330,2640,telecom_136,0.0,1.0,,DB+COMMUNICATE
416,3331,telecom_170,0.0,0.0,,DB+COMMUNICATE
300,2402,telecom_20,0.0,1.0,,DB+COMMUNICATE
300,2406,telecom_20,0.0,1.0,,DB+COMMUNICATE
317,2537,telecom_39,0.0,1.0,,DB+COMMUNICATE
399,3192,telecom_103,1.0,1.0,,ENV_ASSERTION
383,3069,telecom_241,0.0,1.0,,DB+COMMUNICATE
403,3230,telecom_181,0.0,1.0,,DB+COMMUNICATE
358,2871,telecom_140,0.0,0.0,,DB+COMMUNICATE
383,3067,telecom_241,0.0,1.0,,DB+COMMUNICATE
403,3227,telecom_181,0.0,1.0,,DB+COMMUNICATE
330,2642,telecom_136,0.0,1.0,,DB+COMMUNICATE
358,2870,telecom_140,0.0,0.0,,DB+COMMUNICATE
399,3195,telecom_103,1.0,1.0,,ENV_ASSERTION
360,2886,telecom_52,0.0,0.0,,DB+COMMUNICATE
383,3070,telecom_241,0.0,1.0,,DB+COMMUNICATE
403,3231,telecom_181,0.0,1.0,,DB+COMMUNICATE
315,2524,telecom_256,0.0,0.0,,DB+COMMUNICATE
317,2539,telecom_39,0.0,0.0,,DB+COMMUNICATE
330,2643,telecom_136,0.0,0.0,,DB+COMMUNICATE
115,923,telecom_89,0.0,0.0,,ENV_ASSERTION+ACTION
348,2785,telecom_91,0.0,0.0,,DB+COMMUNICATE
399,3193,telecom_103,0.0,0.0,,ENV_ASSERTION
383,3066,telecom_241,0.0,1.0,,DB+COMMUNICATE
403,3225,telecom_181,0.0,1.0,,DB+COMMUNICATE
403,3229,telecom_181,0.0,1.0,,DB+COMMUNICATE
115,924,telecom_89,0.0,0.0,,ENV_ASSERTION+ACTION
417,3336,telecom_124,0.0,1.0,,DB+COMMUNICATE
383,3068,telecom_241,0.0,0.0,,DB+COMMUNICATE
383,3064,telecom_241,0.0,0.0,,DB+COMMUNICATE
403,3224,telecom_181,0.0,1.0,,DB+COMMUNICATE
374,2997,telecom_63,0.0,0.0,,ENV_ASSERTION
317,2541,telecom_39,0.0,0.0,,DB+COMMUNICATE
399,3194,telecom_103,1.0,1.0,,ENV_ASSERTION
419,3353,telecom_14,0.0,0.0,,DB+COMMUNICATE
403,3226,telecom_181,0.0,1.0,,DB+COMMUNICATE
374,2998,telecom_63,1.0,1.0,,ENV_ASSERTION
374,2996,telecom_63,0.0,0.0,,ENV_ASSERTION
358,2865,telecom_140,0.0,0.0,,DB+COMMUNICATE
315,2526,telecom_256,0.0,0.0,,DB+COMMUNICATE
403,3228,telecom_181,0.0,1.0,,DB+COMMUNICATE
419,3357,telecom_14,0.0,1.0,,DB+COMMUNICATE
433,3471,telecom_144,1.0,1.0,,DB+COMMUNICATE
433,3466,telecom_144,1.0,1.0,,DB+COMMUNICATE
433,3465,telecom_144,1.0,1.0,,DB+COMMUNICATE
399,3196,telecom_103,1.0,1.0,,ENV_ASSERTION
419,3352,telecom_14,0.0,1.0,,DB+COMMUNICATE
419,3356,telecom_14,0.0,1.0,,DB+COMMUNICATE
417,3338,telecom_124,0.0,1.0,,DB+COMMUNICATE
348,2789,telecom_91,0.0,1.0,,DB+COMMUNICATE
419,3358,telecom_14,0.0,0.0,,DB+COMMUNICATE
417,3339,telecom_124,0.0,1.0,,DB+COMMUNICATE
417,3342,telecom_124,0.0,0.0,,DB+COMMUNICATE
433,3467,telecom_144,0.0,0.0,,DB+COMMUNICATE
417,3337,telecom_124,0.0,1.0,,DB+COMMUNICATE
348,2786,telecom_91,0.0,1.0,,DB+COMMUNICATE
419,3359,telecom_14,0.0,1.0,,DB+COMMUNICATE
383,3071,telecom_241,0.0,1.0,,DB+COMMUNICATE
416,3333,telecom_170,1.0,1.0,,DB+COMMUNICATE
416,3332,telecom_170,1.0,1.0,,DB+COMMUNICATE
417,3343,telecom_124,0.0,0.0,,DB+COMMUNICATE
417,3341,telecom_124,0.0,0.0,,DB+COMMUNICATE
485,3884,telecom_241,0.0,0.0,,DB+COMMUNICATE
348,2791,telecom_91,0.0,1.0,,DB+COMMUNICATE
433,3469,telecom_144,1.0,1.0,,DB+COMMUNICATE
440,3523,telecom_243,0.0,0.0,,DB+COMMUNICATE
433,3470,telecom_144,1.0,1.0,,DB+COMMUNICATE
300,2403,telecom_20,0.0,1.0,,DB+COMMUNICATE
419,3355,telecom_14,0.0,0.0,,DB+COMMUNICATE
417,3340,telecom_124,0.0,0.0,,DB+COMMUNICATE
399,3198,telecom_103,0.0,0.0,,ENV_ASSERTION
485,3886,telecom_241,0.0,0.0,,DB+COMMUNICATE
419,3354,telecom_14,0.0,1.0,,DB+COMMUNICATE
416,3330,telecom_170,1.0,1.0,,DB+COMMUNICATE
416,3328,telecom_170,1.0,1.0,,DB+COMMUNICATE
416,3329,telecom_170,0.0,0.0,,DB+COMMUNICATE
433,3464,telecom_144,1.0,1.0,,DB+COMMUNICATE
315,2523,telecom_256,0.0,1.0,,DB+COMMUNICATE
416,3335,telecom_170,1.0,1.0,,DB+COMMUNICATE
399,3199,telecom_103,0.0,0.0,,ENV_ASSERTION
505,4046,telecom_84,0.0,0.0,,DB+COMMUNICATE
300,2407,telecom_20,0.0,1.0,,DB+COMMUNICATE
416,3334,telecom_170,1.0,1.0,,DB+COMMUNICATE
440,3520,telecom_243,0.0,0.0,,DB+COMMUNICATE
488,3910,telecom_177,1.0,1.0,,DB+COMMUNICATE
488,3907,telecom_177,1.0,1.0,,DB+COMMUNICATE
440,3522,telecom_243,0.0,0.0,,DB+COMMUNICATE
496,3970,telecom_48,0.0,0.0,,DB+COMMUNICATE
471,3773,telecom_70,0.0,0.0,,DB+COMMUNICATE
521,4168,telecom_3,0.0,0.0,,DB+COMMUNICATE
488,3905,telecom_177,1.0,1.0,,DB+COMMUNICATE
491,3930,telecom_247,0.0,0.0,,DB+COMMUNICATE
485,3883,telecom_241,0.0,0.0,,DB+COMMUNICATE
485,3887,telecom_241,0.0,1.0,,DB+COMMUNICATE
491,3928,telecom_247,0.0,0.0,,DB+COMMUNICATE
481,3855,telecom_1,0.0,1.0,,DB+COMMUNICATE
521,4174,telecom_3,0.0,0.0,,DB+COMMUNICATE
488,3911,telecom_177,1.0,1.0,,DB+COMMUNICATE
485,3882,telecom_241,0.0,0.0,,DB+COMMUNICATE
440,3526,telecom_243,0.0,1.0,,DB+COMMUNICATE
471,3771,telecom_70,0.0,0.0,,DB+COMMUNICATE
491,3931,telecom_247,1.0,1.0,,DB+COMMUNICATE
488,3904,telecom_177,1.0,1.0,,DB+COMMUNICATE
505,4045,telecom_84,0.0,0.0,,DB+COMMUNICATE
485,3885,telecom_241,0.0,1.0,,DB+COMMUNICATE
481,3854,telecom_1,0.0,1.0,,DB+COMMUNICATE
485,3881,telecom_241,0.0,1.0,,DB+COMMUNICATE
485,3880,telecom_241,0.0,1.0,,DB+COMMUNICATE
474,3798,telecom_214,0.0,0.0,,DB+COMMUNICATE
481,3849,telecom_1,0.0,1.0,,DB+COMMUNICATE
496,3968,telecom_48,0.0,0.0,,DB+COMMUNICATE
521,4173,telecom_3,0.0,0.0,,DB+COMMUNICATE
433,3468,telecom_144,1.0,1.0,,DB+COMMUNICATE
440,3527,telecom_243,0.0,0.0,,DB+COMMUNICATE
496,3972,telecom_48,0.0,0.0,,DB+COMMUNICATE
515,4121,telecom_108,1.0,1.0,,DB+COMMUNICATE
491,3935,telecom_247,1.0,1.0,,DB+COMMUNICATE
505,4044,telecom_84,0.0,1.0,,DB+COMMUNICATE
496,3969,telecom_48,0.0,0.0,,DB+COMMUNICATE
491,3933,telecom_247,1.0,1.0,,DB+COMMUNICATE
474,3797,telecom_214,0.0,0.0,,DB+COMMUNICATE
496,3973,telecom_48,0.0,0.0,,DB+COMMUNICATE
506,4052,telecom_15,0.0,1.0,,DB+COMMUNICATE
515,4120,telecom_108,1.0,1.0,,DB+COMMUNICATE
515,4127,telecom_108,1.0,1.0,,DB+COMMUNICATE
440,3521,telecom_243,0.0,0.0,,DB+COMMUNICATE
481,3848,telecom_1,0.0,1.0,,DB+COMMUNICATE
515,4125,telecom_108,1.0,1.0,,DB+COMMUNICATE
505,4040,telecom_84,0.0,0.0,,DB+COMMUNICATE
515,4122,telecom_108,1.0,1.0,,DB+COMMUNICATE
474,3799,telecom_214,0.0,0.0,,DB+COMMUNICATE
496,3975,telecom_48,0.0,0.0,,DB+COMMUNICATE
496,3974,telecom_48,0.0,0.0,,DB+COMMUNICATE
488,3908,telecom_177,0.0,0.0,,DB+COMMUNICATE
506,4048,telecom_15,0.0,1.0,,DB+COMMUNICATE
471,3770,telecom_70,0.0,0.0,,DB+COMMUNICATE
374,2994,telecom_63,0.0,0.0,,ENV_ASSERTION
471,3768,telecom_70,0.0,0.0,,DB+COMMUNICATE
521,4169,telecom_3,0.0,1.0,,DB+COMMUNICATE
481,3851,telecom_1,0.0,1.0,,DB+COMMUNICATE
505,4042,telecom_84,0.0,1.0,,DB+COMMUNICATE
471,3769,telecom_70,0.0,0.0,,DB+COMMUNICATE
474,3795,telecom_214,0.0,0.0,,DB+COMMUNICATE
491,3929,telecom_247,1.0,1.0,,DB+COMMUNICATE
505,4043,telecom_84,0.0,1.0,,DB+COMMUNICATE
488,3906,telecom_177,0.0,0.0,,DB+COMMUNICATE
523,4186,telecom_240,1.0,1.0,,ENV_ASSERTION
481,3853,telecom_1,0.0,1.0,,DB+COMMUNICATE
544,4357,telecom_249,0.0,1.0,,DB+COMMUNICATE
481,3852,telecom_1,0.0,0.0,,DB+COMMUNICATE
515,4123,telecom_108,1.0,1.0,,DB+COMMUNICATE
521,4172,telecom_3,0.0,0.0,,DB+COMMUNICATE
491,3934,telecom_247,1.0,1.0,,DB+COMMUNICATE
521,4170,telecom_3,0.0,1.0,,DB+COMMUNICATE
279,2235,telecom_28,0.0,0.0,,DB+COMMUNICATE
474,3792,telecom_214,0.0,0.0,,DB+COMMUNICATE
533,4269,telecom_75,0.0,0.0,,DB+COMMUNICATE
506,4054,telecom_15,0.0,1.0,,DB+COMMUNICATE
548,4387,telecom_143,1.0,1.0,,ENV_ASSERTION
559,4475,telecom_150,0.0,0.0,,DB+COMMUNICATE
496,3971,telecom_48,0.0,1.0,,DB+COMMUNICATE
515,4124,telecom_108,1.0,1.0,,DB+COMMUNICATE
559,4479,telecom_150,0.0,0.0,,DB+COMMUNICATE
523,4185,telecom_240,1.0,1.0,,ENV_ASSERTION
533,4268,telecom_75,0.0,0.0,,DB+COMMUNICATE
548,4391,telecom_143,1.0,1.0,,ENV_ASSERTION
330,2641,telecom_136,0.0,0.0,,DB+COMMUNICATE
506,4049,telecom_15,0.0,1.0,,DB+COMMUNICATE
505,4047,telecom_84,0.0,1.0,,DB+COMMUNICATE
544,4359,telecom_249,0.0,0.0,,DB+COMMUNICATE
548,4388,telecom_143,1.0,1.0,,ENV_ASSERTION
523,4187,telecom_240,0.0,0.0,,ENV_ASSERTION
533,4267,telecom_75,1.0,1.0,,DB+COMMUNICATE
548,4385,telecom_143,1.0,1.0,,ENV_ASSERTION
515,4126,telecom_108,1.0,1.0,,DB+COMMUNICATE
570,4567,telecom_34,0.0,1.0,,DB+COMMUNICATE
587,4701,telecom_194,1.0,1.0,,DB+COMMUNICATE
533,4266,telecom_75,1.0,1.0,,DB+COMMUNICATE
587,4698,telecom_194,1.0,1.0,,DB+COMMUNICATE
544,4356,telecom_249,0.0,1.0,,DB+COMMUNICATE
523,4188,telecom_240,0.0,0.0,,ENV_ASSERTION
505,4041,telecom_84,0.0,1.0,,DB+COMMUNICATE
544,4355,telecom_249,0.0,0.0,,DB+COMMUNICATE
544,4352,telecom_249,0.0,1.0,,DB+COMMUNICATE
548,4389,telecom_143,1.0,1.0,,ENV_ASSERTION
548,4390,telecom_143,1.0,1.0,,ENV_ASSERTION
559,4474,telecom_150,0.0,0.0,,DB+COMMUNICATE
587,4703,telecom_194,1.0,1.0,,DB+COMMUNICATE
471,3775,telecom_70,0.0,0.0,,DB+COMMUNICATE
521,4175,telecom_3,0.0,1.0,,DB+COMMUNICATE
488,3909,telecom_177,1.0,1.0,,DB+COMMUNICATE
577,4618,telecom_32,0.0,0.0,,DB+COMMUNICATE
587,4702,telecom_194,1.0,1.0,,DB+COMMUNICATE
570,4564,telecom_34,0.0,0.0,,DB+COMMUNICATE
570,4566,telecom_34,0.0,1.0,,DB+COMMUNICATE
440,3524,telecom_243,0.0,1.0,,DB+COMMUNICATE
570,4563,telecom_34,0.0,1.0,,DB+COMMUNICATE
548,4386,telecom_143,1.0,1.0,,ENV_ASSERTION
481,3850,telecom_1,0.0,0.0,,DB+COMMUNICATE
559,4478,telecom_150,0.0,0.0,,DB+COMMUNICATE
544,4358,telecom_249,0.0,0.0,,DB+COMMUNICATE
548,4384,telecom_143,1.0,1.0,,ENV_ASSERTION
587,4696,telecom_194,1.0,1.0,,DB+COMMUNICATE
533,4271,telecom_75,1.0,1.0,,DB+COMMUNICATE
523,4184,telecom_240,1.0,1.0,,ENV_ASSERTION
559,4473,telecom_150,0.0,0.0,,DB+COMMUNICATE
523,4191,telecom_240,1.0,1.0,,ENV_ASSERTION
544,4354,telecom_249,0.0,0.0,,DB+COMMUNICATE
570,4561,telecom_34,0.0,1.0,,DB+COMMUNICATE
474,3794,telecom_214,0.0,0.0,,DB+COMMUNICATE
616,4933,telecom_259,1.0,1.0,,DB+COMMUNICATE
589,4716,telecom_221,0.0,0.0,,DB+COMMUNICATE
559,4472,telecom_150,0.0,0.0,,DB+COMMUNICATE
577,4616,telecom_32,0.0,0.0,,DB+COMMUNICATE
616,4929,telecom_259,1.0,1.0,,DB+COMMUNICATE
577,4621,telecom_32,0.0,0.0,,DB+COMMUNICATE
559,4477,telecom_150,0.0,0.0,,DB+COMMUNICATE
544,4353,telecom_249,0.0,0.0,,DB+COMMUNICATE
589,4717,telecom_221,0.0,1.0,,DB+COMMUNICATE
616,4928,telecom_259,1.0,1.0,,DB+COMMUNICATE
523,4190,telecom_240,1.0,1.0,,ENV_ASSERTION
589,4718,telecom_221,0.0,0.0,,DB+COMMUNICATE
577,4620,telecom_32,0.0,0.0,,DB+COMMUNICATE
570,4562,telecom_34,0.0,0.0,,DB+COMMUNICATE
474,3793,telecom_214,0.0,0.0,,DB+COMMUNICATE
570,4560,telecom_34,0.0,1.0,,DB+COMMUNICATE
587,4697,telecom_194,1.0,1.0,,DB+COMMUNICATE
587,4700,telecom_194,0.0,0.0,,DB+COMMUNICATE
577,4623,telecom_32,0.0,0.0,,DB+COMMUNICATE
471,3772,telecom_70,0.0,1.0,,DB+COMMUNICATE
587,4699,telecom_194,1.0,1.0,,DB+COMMUNICATE
589,4713,telecom_221,0.0,0.0,,DB+COMMUNICATE
577,4619,telecom_32,0.0,0.0,,DB+COMMUNICATE
616,4930,telecom_259,1.0,1.0,,DB+COMMUNICATE
589,4715,telecom_221,0.0,0.0,,DB+COMMUNICATE
616,4934,telecom_259,1.0,1.0,,DB+COMMUNICATE
533,4264,telecom_75,0.0,0.0,,DB+COMMUNICATE
577,4617,telecom_32,0.0,0.0,,DB+COMMUNICATE
616,4935,telecom_259,1.0,1.0,,DB+COMMUNICATE
589,4714,telecom_221,0.0,0.0,,DB+COMMUNICATE
506,4050,telecom_15,0.0,0.0,,DB+COMMUNICATE
616,4931,telecom_259,1.0,1.0,,DB+COMMUNICATE
506,4051,telecom_15,0.0,1.0,,DB+COMMUNICATE
559,4476,telecom_150,0.0,0.0,,DB+COMMUNICATE
521,4171,telecom_3,0.0,0.0,,DB+COMMUNICATE
570,4565,telecom_34,0.0,0.0,,DB+COMMUNICATE
589,4712,telecom_221,0.0,1.0,,DB+COMMUNICATE
506,4053,telecom_15,0.0,0.0,,DB+COMMUNICATE
474,3796,telecom_214,0.0,0.0,,DB+COMMUNICATE
440,3525,telecom_243,0.0,0.0,,DB+COMMUNICATE
662,5301,telecom_172,0.0,0.0,,ENV_ASSERTION
642,5136,telecom_10,0.0,0.0,,DB+COMMUNICATE
620,4965,telecom_214,0.0,1.0,,DB+COMMUNICATE
628,5028,telecom_237,0.0,0.0,,DB+COMMUNICATE
315,2527,telecom_256,0.0,0.0,,DB+COMMUNICATE
616,4932,telecom_259,1.0,1.0,,DB+COMMUNICATE
589,4719,telecom_221,0.0,1.0,,DB+COMMUNICATE
491,3932,telecom_247,1.0,1.0,,DB+COMMUNICATE
620,4962,telecom_214,0.0,0.0,,DB+COMMUNICATE
642,5142,telecom_10,0.0,0.0,,DB+COMMUNICATE
506,4055,telecom_15,0.0,0.0,,DB+COMMUNICATE
656,5255,telecom_64,1.0,1.0,,DB+COMMUNICATE
643,5150,telecom_88,1.0,1.0,,ENV_ASSERTION
642,5137,telecom_10,0.0,1.0,,DB+COMMUNICATE
643,5146,telecom_88,1.0,1.0,,ENV_ASSERTION
620,4961,telecom_214,0.0,0.0,,DB+COMMUNICATE
620,4964,telecom_214,0.0,0.0,,DB+COMMUNICATE
656,5249,telecom_64,0.0,0.0,,DB+COMMUNICATE
643,5149,telecom_88,1.0,1.0,,ENV_ASSERTION
662,5297,telecom_172,0.0,0.0,,ENV_ASSERTION
533,4270,telecom_75,1.0,1.0,,DB+COMMUNICATE
628,5025,telecom_237,0.0,1.0,,DB+COMMUNICATE
642,5143,telecom_10,0.0,0.0,,DB+COMMUNICATE
656,5250,telecom_64,1.0,1.0,,DB+COMMUNICATE
643,5145,telecom_88,1.0,1.0,,ENV_ASSERTION
656,5253,telecom_64,1.0,1.0,,DB+COMMUNICATE
642,5139,telecom_10,0.0,0.0,,DB+COMMUNICATE
620,4960,telecom_214,0.0,0.0,,DB+COMMUNICATE
628,5027,telecom_237,0.0,1.0,,DB+COMMUNICATE
656,5252,telecom_64,1.0,1.0,,DB+COMMUNICATE
656,5254,telecom_64,0.0,0.0,,DB+COMMUNICATE
577,4622,telecom_32,0.0,0.0,,DB+COMMUNICATE
626,5009,telecom_214,0.0,0.0,,DB+COMMUNICATE
656,5248,telecom_64,0.0,0.0,,DB+COMMUNICATE
626,5015,telecom_214,0.0,0.0,,DB+COMMUNICATE
675,5402,telecom_21,1.0,1.0,,DB+COMMUNICATE
662,5296,telecom_172,1.0,1.0,,ENV_ASSERTION
662,5302,telecom_172,0.0,0.0,,ENV_ASSERTION
626,5013,telecom_214,0.0,0.0,,DB+COMMUNICATE
643,5147,telecom_88,1.0,1.0,,ENV_ASSERTION
642,5138,telecom_10,0.0,0.0,,DB+COMMUNICATE
643,5151,telecom_88,1.0,1.0,,ENV_ASSERTION
626,5008,telecom_214,0.0,0.0,,DB+COMMUNICATE
533,4265,telecom_75,1.0,1.0,,DB+COMMUNICATE
628,5026,telecom_237,0.0,0.0,,DB+COMMUNICATE
642,5140,telecom_10,0.0,0.0,,DB+COMMUNICATE
626,5014,telecom_214,0.0,0.0,,DB+COMMUNICATE
628,5029,telecom_237,0.0,0.0,,DB+COMMUNICATE
675,5400,telecom_21,1.0,1.0,,DB+COMMUNICATE
626,5011,telecom_214,0.0,0.0,,DB+COMMUNICATE
662,5300,telecom_172,1.0,1.0,,ENV_ASSERTION
675,5401,telecom_21,1.0,1.0,,DB+COMMUNICATE
620,4967,telecom_214,0.0,0.0,,DB+COMMUNICATE
643,5144,telecom_88,1.0,1.0,,ENV_ASSERTION
675,5406,telecom_21,0.0,0.0,,DB+COMMUNICATE
687,5496,telecom_242,0.0,1.0,,DB+COMMUNICATE
656,5251,telecom_64,1.0,1.0,,DB+COMMUNICATE
706,5653,telecom_250,1.0,1.0,,DB+COMMUNICATE
690,5525,telecom_89,0.0,0.0,,ENV_ASSERTION+ACTION
675,5403,telecom_21,0.0,0.0,,DB+COMMUNICATE
643,5148,telecom_88,1.0,1.0,,ENV_ASSERTION
675,5407,telecom_21,1.0,1.0,,DB+COMMUNICATE
626,5012,telecom_214,0.0,0.0,,DB+COMMUNICATE
662,5298,telecom_172,0.0,0.0,,ENV_ASSERTION
523,4189,telecom_240,0.0,0.0,,ENV_ASSERTION
620,4963,telecom_214,0.0,0.0,,DB+COMMUNICATE
706,5650,telecom_250,1.0,1.0,,DB+COMMUNICATE
628,5024,telecom_237,0.0,0.0,,DB+COMMUNICATE
628,5031,telecom_237,0.0,0.0,,DB+COMMUNICATE
706,5649,telecom_250,1.0,1.0,,DB+COMMUNICATE
620,4966,telecom_214,0.0,0.0,,DB+COMMUNICATE
706,5651,telecom_250,1.0,1.0,,DB+COMMUNICATE
662,5299,telecom_172,1.0,1.0,,ENV_ASSERTION
706,5648,telecom_250,1.0,1.0,,DB+COMMUNICATE
690,5524,telecom_89,0.0,0.0,,ENV_ASSERTION+ACTION
642,5141,telecom_10,0.0,0.0,,DB+COMMUNICATE
675,5404,telecom_21,0.0,0.0,,DB+COMMUNICATE
706,5654,telecom_250,1.0,1.0,,DB+COMMUNICATE
626,5010,telecom_214,0.0,0.0,,DB+COMMUNICATE
706,5652,telecom_250,1.0,1.0,,DB+COMMUNICATE
687,5498,telecom_242,0.0,0.0,,DB+COMMUNICATE
767,6139,telecom_116,1.0,1.0,,ENV_ASSERTION
711,5689,telecom_214,0.0,1.0,,DB+COMMUNICATE
706,5655,telecom_250,1.0,1.0,,DB+COMMUNICATE
767,6143,telecom_116,1.0,1.0,,ENV_ASSERTION
690,5522,telecom_89,0.0,0.0,,ENV_ASSERTION+ACTION
675,5405,telecom_21,0.0,0.0,,DB+COMMUNICATE
711,5695,telecom_214,0.0,0.0,,DB+COMMUNICATE
757,6062,telecom_171,1.0,1.0,,DB+COMMUNICATE
757,6063,telecom_171,1.0,1.0,,DB+COMMUNICATE
767,6140,telecom_116,1.0,1.0,,ENV_ASSERTION
711,5692,telecom_214,0.0,0.0,,DB+COMMUNICATE
741,5930,telecom_120,0.0,0.0,,DB+COMMUNICATE
767,6137,telecom_116,1.0,1.0,,ENV_ASSERTION
711,5690,telecom_214,0.0,0.0,,DB+COMMUNICATE
711,5691,telecom_214,0.0,0.0,,DB+COMMUNICATE
757,6059,telecom_171,1.0,1.0,,DB+COMMUNICATE
757,6058,telecom_171,1.0,1.0,,DB+COMMUNICATE
767,6136,telecom_116,1.0,1.0,,ENV_ASSERTION
746,5975,telecom_206,0.0,0.0,,DB+COMMUNICATE
746,5973,telecom_206,0.0,0.0,,DB+COMMUNICATE
757,6057,telecom_171,1.0,1.0,,DB+COMMUNICATE
746,5970,telecom_206,0.0,0.0,,DB+COMMUNICATE
757,6060,telecom_171,1.0,1.0,,DB+COMMUNICATE
767,6141,telecom_116,1.0,1.0,,ENV_ASSERTION
791,6332,telecom_57,1.0,1.0,,ENV_ASSERTION
767,6138,telecom_116,1.0,1.0,,ENV_ASSERTION
741,5934,telecom_120,0.0,0.0,,DB+COMMUNICATE
757,6061,telecom_171,1.0,1.0,,DB+COMMUNICATE
746,5968,telecom_206,0.0,1.0,,DB+COMMUNICATE
711,5694,telecom_214,0.0,0.0,,DB+COMMUNICATE
757,6056,telecom_171,1.0,1.0,,DB+COMMUNICATE
687,5501,telecom_242,0.0,0.0,,DB+COMMUNICATE
741,5929,telecom_120,0.0,0.0,,DB+COMMUNICATE
746,5969,telecom_206,0.0,1.0,,DB+COMMUNICATE
690,5527,telecom_89,1.0,1.0,,ENV_ASSERTION+ACTION
741,5933,telecom_120,0.0,1.0,,DB+COMMUNICATE
711,5693,telecom_214,0.0,0.0,,DB+COMMUNICATE
746,5972,telecom_206,0.0,0.0,,DB+COMMUNICATE
776,6213,telecom_164,0.0,0.0,,DB+COMMUNICATE
791,6330,telecom_57,1.0,1.0,,ENV_ASSERTION
776,6212,telecom_164,0.0,1.0,,DB+COMMUNICATE
741,5932,telecom_120,0.0,0.0,,DB+COMMUNICATE
791,6331,telecom_57,1.0,1.0,,ENV_ASSERTION
741,5931,telecom_120,0.0,0.0,,DB+COMMUNICATE
690,5520,telecom_89,1.0,1.0,,ENV_ASSERTION+ACTION
804,6438,telecom_36,0.0,1.0,,DB+COMMUNICATE
746,5971,telecom_206,0.0,1.0,,DB+COMMUNICATE
741,5928,telecom_120,0.0,1.0,,DB+COMMUNICATE
791,6329,telecom_57,1.0,1.0,,ENV_ASSERTION
741,5935,telecom_120,0.0,0.0,,DB+COMMUNICATE
767,6142,telecom_116,1.0,1.0,,ENV_ASSERTION
687,5503,telecom_242,0.0,0.0,,DB+COMMUNICATE
804,6432,telecom_36,0.0,1.0,,DB+COMMUNICATE
687,5497,telecom_242,0.0,0.0,,DB+COMMUNICATE
804,6437,telecom_36,0.0,1.0,,DB+COMMUNICATE
791,6335,telecom_57,0.0,0.0,,ENV_ASSERTION
791,6328,telecom_57,0.0,0.0,,ENV_ASSERTION
662,5303,telecom_172,0.0,0.0,,ENV_ASSERTION
776,6215,telecom_164,0.0,0.0,,DB+COMMUNICATE
776,6211,telecom_164,0.0,0.0,,DB+COMMUNICATE
784,6272,telecom_153,0.0,0.0,,DB+COMMUNICATE
802,6417,telecom_268,0.0,1.0,,DB+COMMUNICATE
776,6209,telecom_164,0.0,0.0,,DB+COMMUNICATE
837,6701,telecom_46,1.0,1.0,,ENV_ASSERTION
804,6434,telecom_36,0.0,1.0,,DB+COMMUNICATE
746,5974,telecom_206,0.0,1.0,,DB+COMMUNICATE
791,6334,telecom_57,1.0,1.0,,ENV_ASSERTION
784,6274,telecom_153,0.0,0.0,,DB+COMMUNICATE
784,6275,telecom_153,0.0,0.0,,DB+COMMUNICATE
802,6420,telecom_268,0.0,1.0,,DB+COMMUNICATE
711,5688,telecom_214,0.0,0.0,,DB+COMMUNICATE
802,6418,telecom_268,0.0,0.0,,DB+COMMUNICATE
802,6421,telecom_268,0.0,1.0,,DB+COMMUNICATE
837,6697,telecom_46,1.0,1.0,,ENV_ASSERTION
837,6698,telecom_46,1.0,1.0,,ENV_ASSERTION
776,6214,telecom_164,0.0,0.0,,DB+COMMUNICATE
842,6743,telecom_42,0.0,0.0,,DB+COMMUNICATE
837,6702,telecom_46,1.0,1.0,,ENV_ASSERTION
852,6818,telecom_161,1.0,1.0,,DB+COMMUNICATE
837,6699,telecom_46,1.0,1.0,,ENV_ASSERTION
776,6210,telecom_164,0.0,0.0,,DB+COMMUNICATE
825,6606,telecom_248,0.0,1.0,,DB+COMMUNICATE
471,3774,telecom_70,0.0,0.0,,DB+COMMUNICATE
784,6273,telecom_153,0.0,0.0,,DB+COMMUNICATE
854,6835,telecom_254,0.0,0.0,,DB+COMMUNICATE
852,6822,telecom_161,1.0,1.0,,DB+COMMUNICATE
802,6416,telecom_268,0.0,0.0,,DB+COMMUNICATE
837,6703,telecom_46,1.0,1.0,,ENV_ASSERTION
784,6279,telecom_153,0.0,1.0,,DB+COMMUNICATE
776,6208,telecom_164,0.0,0.0,,DB+COMMUNICATE
825,6601,telecom_248,0.0,0.0,,DB+COMMUNICATE
802,6422,telecom_268,0.0,0.0,,DB+COMMUNICATE
852,6821,telecom_161,1.0,1.0,,DB+COMMUNICATE
852,6816,telecom_161,1.0,1.0,,DB+COMMUNICATE
852,6819,telecom_161,1.0,1.0,,DB+COMMUNICATE
784,6278,telecom_153,0.0,0.0,,DB+COMMUNICATE
690,5526,telecom_89,1.0,1.0,,ENV_ASSERTION+ACTION
690,5521,telecom_89,0.0,0.0,,ENV_ASSERTION+ACTION
829,6632,telecom_170,1.0,1.0,,DB+COMMUNICATE
829,6638,telecom_170,1.0,1.0,,DB+COMMUNICATE
829,6633,telecom_170,1.0,1.0,,DB+COMMUNICATE
852,6823,telecom_161,1.0,1.0,,DB+COMMUNICATE
860,6887,telecom_240,1.0,1.0,,ENV_ASSERTION
687,5502,telecom_242,0.0,1.0,,DB+COMMUNICATE
837,6700,telecom_46,1.0,1.0,,ENV_ASSERTION
825,6604,telecom_248,0.0,1.0,,DB+COMMUNICATE
804,6436,telecom_36,0.0,1.0,,DB+COMMUNICATE
804,6435,telecom_36,0.0,0.0,,DB+COMMUNICATE
842,6742,telecom_42,0.0,1.0,,DB+COMMUNICATE
877,7016,telecom_168,1.0,1.0,,ENV_ASSERTION
829,6637,telecom_170,1.0,1.0,,DB+COMMUNICATE
804,6433,telecom_36,0.0,0.0,,DB+COMMUNICATE
852,6820,telecom_161,1.0,1.0,,DB+COMMUNICATE
854,6839,telecom_254,0.0,0.0,,DB+COMMUNICATE
877,7022,telecom_168,1.0,1.0,,ENV_ASSERTION
877,7017,telecom_168,1.0,1.0,,ENV_ASSERTION
802,6419,telecom_268,0.0,0.0,,DB+COMMUNICATE
852,6817,telecom_161,1.0,1.0,,DB+COMMUNICATE
877,7023,telecom_168,1.0,1.0,,ENV_ASSERTION
860,6884,telecom_240,0.0,0.0,,ENV_ASSERTION
829,6639,telecom_170,1.0,1.0,,DB+COMMUNICATE
854,6833,telecom_254,0.0,0.0,,DB+COMMUNICATE
687,5499,telecom_242,0.0,0.0,,DB+COMMUNICATE
825,6603,telecom_248,0.0,0.0,,DB+COMMUNICATE
860,6880,telecom_240,1.0,1.0,,ENV_ASSERTION
877,7018,telecom_168,1.0,1.0,,ENV_ASSERTION
877,7020,telecom_168,1.0,1.0,,ENV_ASSERTION
877,7021,telecom_168,1.0,1.0,,ENV_ASSERTION
829,6636,telecom_170,1.0,1.0,,DB+COMMUNICATE
791,6333,telecom_57,1.0,1.0,,ENV_ASSERTION
842,6737,telecom_42,0.0,0.0,,DB+COMMUNICATE
825,6602,telecom_248,0.0,1.0,,DB+COMMUNICATE
825,6600,telecom_248,0.0,0.0,,DB+COMMUNICATE
842,6736,telecom_42,0.0,1.0,,DB+COMMUNICATE
825,6605,telecom_248,0.0,1.0,,DB+COMMUNICATE
860,6883,telecom_240,1.0,1.0,,ENV_ASSERTION
877,7019,telecom_168,1.0,1.0,,ENV_ASSERTION
842,6740,telecom_42,0.0,0.0,,DB+COMMUNICATE
837,6696,telecom_46,0.0,0.0,,ENV_ASSERTION
854,6834,telecom_254,0.0,0.0,,DB+COMMUNICATE
829,6635,telecom_170,1.0,1.0,,DB+COMMUNICATE
854,6836,telecom_254,0.0,0.0,,DB+COMMUNICATE
921,7375,telecom_226,0.0,1.0,,DB+COMMUNICATE
802,6423,telecom_268,0.0,0.0,,DB+COMMUNICATE
854,6832,telecom_254,0.0,0.0,,DB+COMMUNICATE
842,6741,telecom_42,0.0,0.0,,DB+COMMUNICATE
903,7226,telecom_247,1.0,1.0,,DB+COMMUNICATE
920,7366,telecom_161,1.0,1.0,,DB+COMMUNICATE
920,7361,telecom_161,1.0,1.0,,DB+COMMUNICATE
920,7360,telecom_161,1.0,1.0,,DB+COMMUNICATE
920,7367,telecom_161,1.0,1.0,,DB+COMMUNICATE
921,7371,telecom_226,0.0,1.0,,DB+COMMUNICATE
784,6277,telecom_153,0.0,0.0,,DB+COMMUNICATE
920,7365,telecom_161,1.0,1.0,,DB+COMMUNICATE
903,7230,telecom_247,1.0,1.0,,DB+COMMUNICATE
628,5030,telecom_237,0.0,1.0,,DB+COMMUNICATE
920,7364,telecom_161,1.0,1.0,,DB+COMMUNICATE
920,7363,telecom_161,1.0,1.0,,DB+COMMUNICATE
903,7229,telecom_247,1.0,1.0,,DB+COMMUNICATE
903,7225,telecom_247,1.0,1.0,,DB+COMMUNICATE
842,6739,telecom_42,0.0,0.0,,DB+COMMUNICATE
921,7372,telecom_226,0.0,1.0,,DB+COMMUNICATE
903,7227,telecom_247,1.0,1.0,,DB+COMMUNICATE
969,7754,telecom_151,0.0,0.0,,DB+COMMUNICATE
860,6881,telecom_240,0.0,0.0,,ENV_ASSERTION
920,7362,telecom_161,1.0,1.0,,DB+COMMUNICATE
969,7753,telecom_151,0.0,0.0,,DB+COMMUNICATE
903,7228,telecom_247,1.0,1.0,,DB+COMMUNICATE
969,7758,telecom_151,0.0,0.0,,DB+COMMUNICATE
916,7331,telecom_95,0.0,0.0,,DB+COMMUNICATE
784,6276,telecom_153,0.0,0.0,,DB+COMMUNICATE
969,7755,telecom_151,0.0,0.0,,DB+COMMUNICATE
903,7224,telecom_247,1.0,1.0,,DB+COMMUNICATE
903,7231,telecom_247,0.0,0.0,,DB+COMMUNICATE
860,6886,telecom_240,1.0,1.0,,ENV_ASSERTION
921,7368,telecom_226,0.0,0.0,,DB+COMMUNICATE
804,6439,telecom_36,0.0,1.0,,DB+COMMUNICATE
921,7373,telecom_226,0.0,0.0,,DB+COMMUNICATE
690,5523,telecom_89,0.0,0.0,,ENV_ASSERTION+ACTION
969,7759,telecom_151,0.0,0.0,,DB+COMMUNICATE
985,7887,telecom_185,0.0,0.0,,DB+COMMUNICATE
829,6634,telecom_170,1.0,1.0,,DB+COMMUNICATE
916,7332,telecom_95,0.0,1.0,,DB+COMMUNICATE
842,6738,telecom_42,0.0,0.0,,DB+COMMUNICATE
921,7374,telecom_226,0.0,0.0,,DB+COMMUNICATE
896,7170,telecom_11,0.0,0.0,,DB+COMMUNICATE
994,7956,telecom_86,1.0,1.0,,ENV_ASSERTION
994,7958,telecom_86,1.0,1.0,,ENV_ASSERTION
994,7955,telecom_86,1.0,1.0,,ENV_ASSERTION
921,7370,telecom_226,0.0,0.0,,DB+COMMUNICATE
994,7954,telecom_86,1.0,1.0,,ENV_ASSERTION
896,7173,telecom_11,0.0,0.0,,DB+COMMUNICATE
994,7957,telecom_86,1.0,1.0,,ENV_ASSERTION
994,7953,telecom_86,1.0,1.0,,ENV_ASSERTION
994,7959,telecom_86,1.0,1.0,,ENV_ASSERTION
916,7335,telecom_95,0.0,0.0,,DB+COMMUNICATE
994,7952,telecom_86,1.0,1.0,,ENV_ASSERTION
916,7328,telecom_95,0.0,0.0,,DB+COMMUNICATE
687,5500,telecom_242,0.0,0.0,,DB+COMMUNICATE
825,6607,telecom_248,0.0,0.0,,DB+COMMUNICATE
921,7369,telecom_226,0.0,0.0,,DB+COMMUNICATE
1016,8135,telecom_87,1.0,1.0,,ENV_ASSERTION
990,7920,telecom_165,1.0,1.0,,DB+COMMUNICATE
990,7927,telecom_165,1.0,1.0,,DB+COMMUNICATE
1016,8129,telecom_87,1.0,1.0,,ENV_ASSERTION
916,7329,telecom_95,0.0,0.0,,DB+COMMUNICATE
916,7333,telecom_95,0.0,0.0,,DB+COMMUNICATE
990,7925,telecom_165,1.0,1.0,,DB+COMMUNICATE
1016,8133,telecom_87,1.0,1.0,,ENV_ASSERTION
1016,8131,telecom_87,1.0,1.0,,ENV_ASSERTION
990,7921,telecom_165,1.0,1.0,,DB+COMMUNICATE
1016,8128,telecom_87,1.0,1.0,,ENV_ASSERTION
1016,8130,telecom_87,1.0,1.0,,ENV_ASSERTION
1016,8134,telecom_87,1.0,1.0,,ENV_ASSERTION
985,7886,telecom_185,0.0,0.0,,DB+COMMUNICATE
985,7885,telecom_185,0.0,0.0,,DB+COMMUNICATE
990,7926,telecom_165,1.0,1.0,,DB+COMMUNICATE
1016,8132,telecom_87,1.0,1.0,,ENV_ASSERTION
1035,8282,telecom_184,0.0,0.0,,DB+COMMUNICATE
990,7924,telecom_165,1.0,1.0,,DB+COMMUNICATE
969,7757,telecom_151,0.0,0.0,,DB+COMMUNICATE
985,7883,telecom_185,0.0,0.0,,DB+COMMUNICATE
985,7882,telecom_185,0.0,0.0,,DB+COMMUNICATE
916,7334,telecom_95,0.0,0.0,,DB+COMMUNICATE
1032,8258,telecom_41,0.0,1.0,,DB+COMMUNICATE
990,7922,telecom_165,0.0,0.0,,DB+COMMUNICATE
985,7881,telecom_185,0.0,1.0,,DB+COMMUNICATE
1032,8260,telecom_41,0.0,0.0,,DB+COMMUNICATE
1058,8464,telecom_179,1.0,1.0,,ENV_ASSERTION
1058,8466,telecom_179,1.0,1.0,,ENV_ASSERTION
990,7923,telecom_165,1.0,1.0,,DB+COMMUNICATE
1032,8259,telecom_41,0.0,1.0,,DB+COMMUNICATE
916,7330,telecom_95,0.0,0.0,,DB+COMMUNICATE
1058,8467,telecom_179,0.0,0.0,,ENV_ASSERTION
1080,8645,telecom_258,0.0,0.0,,DB+COMMUNICATE
1049,8395,telecom_51,0.0,1.0,,DB+COMMUNICATE
1035,8281,telecom_184,0.0,1.0,,DB+COMMUNICATE
896,7172,telecom_11,0.0,1.0,,DB+COMMUNICATE
1030,8241,telecom_232,0.0,0.0,,ENV_ASSERTION
1032,8262,telecom_41,0.0,1.0,,DB+COMMUNICATE
1047,8377,telecom_160,0.0,1.0,,DB+COMMUNICATE
1035,8283,telecom_184,0.0,1.0,,DB+COMMUNICATE
1030,8243,telecom_232,0.0,0.0,,ENV_ASSERTION
1058,8470,telecom_179,1.0,1.0,,ENV_ASSERTION
985,7884,telecom_185,0.0,1.0,,DB+COMMUNICATE
1058,8465,telecom_179,1.0,1.0,,ENV_ASSERTION
1032,8257,telecom_41,0.0,1.0,,DB+COMMUNICATE
1047,8382,telecom_160,0.0,1.0,,DB+COMMUNICATE
1032,8261,telecom_41,0.0,0.0,,DB+COMMUNICATE
1088,8711,telecom_93,0.0,0.0,,DB+COMMUNICATE
1035,8287,telecom_184,0.0,0.0,,DB+COMMUNICATE
1035,8286,telecom_184,0.0,1.0,,DB+COMMUNICATE
1047,8380,telecom_160,0.0,1.0,,DB+COMMUNICATE
969,7756,telecom_151,0.0,0.0,,DB+COMMUNICATE
1058,8468,telecom_179,0.0,0.0,,ENV_ASSERTION
1088,8710,telecom_93,0.0,0.0,,DB+COMMUNICATE
1035,8284,telecom_184,0.0,0.0,,DB+COMMUNICATE
1061,8492,telecom_199,0.0,0.0,,DB+COMMUNICATE
1070,8564,telecom_100,1.0,1.0,,DB+COMMUNICATE
969,7752,telecom_151,0.0,0.0,,DB+COMMUNICATE
1032,8256,telecom_41,0.0,0.0,,DB+COMMUNICATE
1058,8469,telecom_179,0.0,0.0,,ENV_ASSERTION
1049,8397,telecom_51,0.0,1.0,,DB+COMMUNICATE
1035,8280,telecom_184,0.0,0.0,,DB+COMMUNICATE
1049,8392,telecom_51,0.0,1.0,,DB+COMMUNICATE
1070,8567,telecom_100,1.0,1.0,,DB+COMMUNICATE
1061,8490,telecom_199,0.0,1.0,,DB+COMMUNICATE
1061,8495,telecom_199,0.0,1.0,,DB+COMMUNICATE
1070,8566,telecom_100,1.0,1.0,,DB+COMMUNICATE
860,6882,telecom_240,1.0,1.0,,ENV_ASSERTION
1030,8244,telecom_232,1.0,1.0,,ENV_ASSERTION
1065,8524,telecom_136,0.0,0.0,,DB+COMMUNICATE
1089,8714,telecom_40,0.0,0.0,,DB+COMMUNICATE
1047,8376,telecom_160,0.0,1.0,,DB+COMMUNICATE
1070,8563,telecom_100,1.0,1.0,,DB+COMMUNICATE
1070,8561,telecom_100,1.0,1.0,,DB+COMMUNICATE
1061,8493,telecom_199,0.0,1.0,,DB+COMMUNICATE
1070,8565,telecom_100,1.0,1.0,,DB+COMMUNICATE
1065,8526,telecom_136,0.0,1.0,,DB+COMMUNICATE
1080,8647,telecom_258,1.0,1.0,,DB+COMMUNICATE
1061,8489,telecom_199,0.0,0.0,,DB+COMMUNICATE
1049,8399,telecom_51,0.0,1.0,,DB+COMMUNICATE
1070,8562,telecom_100,1.0,1.0,,DB+COMMUNICATE
854,6838,telecom_254,0.0,1.0,,DB+COMMUNICATE
1032,8263,telecom_41,0.0,1.0,,DB+COMMUNICATE
1080,8640,telecom_258,1.0,1.0,,DB+COMMUNICATE
1088,8704,telecom_93,0.0,1.0,,DB+COMMUNICATE
1061,8488,telecom_199,0.0,0.0,,DB+COMMUNICATE
1035,8285,telecom_184,0.0,0.0,,DB+COMMUNICATE
1049,8394,telecom_51,0.0,0.0,,DB+COMMUNICATE
1049,8393,telecom_51,0.0,0.0,,DB+COMMUNICATE
1123,8991,telecom_138,0.0,0.0,,DB+COMMUNICATE
1058,8471,telecom_179,1.0,1.0,,ENV_ASSERTION
1088,8706,telecom_93,0.0,1.0,,DB+COMMUNICATE
1089,8715,telecom_40,0.0,0.0,,DB+COMMUNICATE
1088,8705,telecom_93,0.0,0.0,,DB+COMMUNICATE
1030,8240,telecom_232,0.0,0.0,,ENV_ASSERTION
1088,8707,telecom_93,0.0,1.0,,DB+COMMUNICATE
1049,8396,telecom_51,0.0,0.0,,DB+COMMUNICATE
1088,8708,telecom_93,0.0,1.0,,DB+COMMUNICATE
1080,8642,telecom_258,1.0,1.0,,DB+COMMUNICATE
1114,8914,telecom_25,0.0,0.0,,ENV_ASSERTION
1049,8398,telecom_51,0.0,0.0,,DB+COMMUNICATE
1080,8643,telecom_258,1.0,1.0,,DB+COMMUNICATE
1030,8242,telecom_232,0.0,0.0,,ENV_ASSERTION
1089,8718,telecom_40,0.0,0.0,,DB+COMMUNICATE
1047,8378,telecom_160,0.0,0.0,,DB+COMMUNICATE
1114,8917,telecom_25,0.0,0.0,,ENV_ASSERTION
854,6837,telecom_254,0.0,0.0,,DB+COMMUNICATE
1134,9072,telecom_163,0.0,0.0,,DB+COMMUNICATE
1070,8560,telecom_100,0.0,0.0,,DB+COMMUNICATE
1134,9076,telecom_163,0.0,0.0,,DB+COMMUNICATE
1065,8527,telecom_136,0.0,0.0,,DB+COMMUNICATE
1061,8494,telecom_199,0.0,0.0,,DB+COMMUNICATE
1065,8522,telecom_136,0.0,0.0,,DB+COMMUNICATE
860,6885,telecom_240,0.0,0.0,,ENV_ASSERTION
1065,8523,telecom_136,0.0,0.0,,DB+COMMUNICATE
1065,8521,telecom_136,0.0,1.0,,DB+COMMUNICATE
1061,8491,telecom_199,0.0,1.0,,DB+COMMUNICATE
1080,8641,telecom_258,0.0,0.0,,DB+COMMUNICATE
1177,9418,telecom_119,0.0,0.0,,DB+COMMUNICATE
1080,8644,telecom_258,1.0,1.0,,DB+COMMUNICATE
1030,8247,telecom_232,0.0,0.0,,ENV_ASSERTION
985,7880,telecom_185,0.0,0.0,,DB+COMMUNICATE
1088,8709,telecom_93,0.0,0.0,,DB+COMMUNICATE
1047,8379,telecom_160,0.0,0.0,,DB+COMMUNICATE
1134,9074,telecom_163,0.0,0.0,,DB+COMMUNICATE
1089,8712,telecom_40,0.0,0.0,,DB+COMMUNICATE
1030,8246,telecom_232,0.0,0.0,,ENV_ASSERTION
1177,9421,telecom_119,0.0,0.0,,DB+COMMUNICATE
1047,8381,telecom_160,0.0,0.0,,DB+COMMUNICATE
1134,9075,telecom_163,0.0,0.0,,DB+COMMUNICATE
896,7171,telecom_11,0.0,0.0,,DB+COMMUNICATE
1123,8989,telecom_138,0.0,0.0,,DB+COMMUNICATE
1168,9346,telecom_216,1.0,1.0,,ENV_ASSERTION
1134,9078,telecom_163,0.0,1.0,,DB+COMMUNICATE
1089,8713,telecom_40,0.0,0.0,,DB+COMMUNICATE
1168,9345,telecom_216,1.0,1.0,,ENV_ASSERTION
1134,9073,telecom_163,0.0,0.0,,DB+COMMUNICATE
1168,9344,telecom_216,1.0,1.0,,ENV_ASSERTION
1168,9349,telecom_216,1.0,1.0,,ENV_ASSERTION
1123,8987,telecom_138,0.0,0.0,,DB+COMMUNICATE
1148,9191,telecom_163,0.0,0.0,,DB+COMMUNICATE
1123,8986,telecom_138,0.0,0.0,,DB+COMMUNICATE
1089,8716,telecom_40,0.0,0.0,,DB+COMMUNICATE
896,7168,telecom_11,0.0,0.0,,DB+COMMUNICATE
1211,9688,telecom_130,0.0,0.0,,DB+COMMUNICATE
1089,8719,telecom_40,0.0,1.0,,DB+COMMUNICATE
1211,9694,telecom_130,0.0,0.0,,DB+COMMUNICATE
1168,9347,telecom_216,1.0,1.0,,ENV_ASSERTION
1168,9348,telecom_216,1.0,1.0,,ENV_ASSERTION
1211,9689,telecom_130,0.0,0.0,,DB+COMMUNICATE
1168,9350,telecom_216,1.0,1.0,,ENV_ASSERTION
1148,9186,telecom_163,0.0,1.0,,DB+COMMUNICATE
1211,9692,telecom_130,0.0,0.0,,DB+COMMUNICATE
1211,9690,telecom_130,0.0,0.0,,DB+COMMUNICATE
1123,8990,telecom_138,0.0,0.0,,DB+COMMUNICATE
1123,8984,telecom_138,0.0,1.0,,DB+COMMUNICATE
1148,9189,telecom_163,0.0,1.0,,DB+COMMUNICATE
1211,9695,telecom_130,0.0,0.0,,DB+COMMUNICATE
1047,8383,telecom_160,0.0,0.0,,DB+COMMUNICATE
1168,9351,telecom_216,1.0,1.0,,ENV_ASSERTION
1177,9419,telecom_119,0.0,1.0,,DB+COMMUNICATE
1148,9190,telecom_163,0.0,0.0,,DB+COMMUNICATE
1065,8525,telecom_136,0.0,1.0,,DB+COMMUNICATE
1177,9417,telecom_119,0.0,1.0,,DB+COMMUNICATE
1177,9422,telecom_119,0.0,1.0,,DB+COMMUNICATE
1080,8646,telecom_258,1.0,1.0,,DB+COMMUNICATE
1177,9423,telecom_119,0.0,1.0,,DB+COMMUNICATE
1179,9438,telecom_263,0.0,0.0,,DB+COMMUNICATE
1123,8985,telecom_138,0.0,0.0,,DB+COMMUNICATE
1148,9188,telecom_163,0.0,0.0,,DB+COMMUNICATE
1166,9333,telecom_145,0.0,0.0,,DB+COMMUNICATE
896,7175,telecom_11,0.0,0.0,,DB+COMMUNICATE
1134,9079,telecom_163,0.0,0.0,,DB+COMMUNICATE
1253,10024,telecom_198,0.0,0.0,,DB+COMMUNICATE
1166,9335,telecom_145,0.0,0.0,,DB+COMMUNICATE
1179,9435,telecom_263,0.0,0.0,,DB+COMMUNICATE
1148,9187,telecom_163,0.0,0.0,,DB+COMMUNICATE
1166,9329,telecom_145,0.0,1.0,,DB+COMMUNICATE
1177,9416,telecom_119,0.0,1.0,,DB+COMMUNICATE
1177,9420,telecom_119,0.0,0.0,,DB+COMMUNICATE
1253,10027,telecom_198,0.0,0.0,,DB+COMMUNICATE
1253,10026,telecom_198,0.0,0.0,,DB+COMMUNICATE
1253,10028,telecom_198,0.0,0.0,,DB+COMMUNICATE
1179,9433,telecom_263,0.0,1.0,,DB+COMMUNICATE
1166,9328,telecom_145,0.0,0.0,,DB+COMMUNICATE
1065,8520,telecom_136,0.0,0.0,,DB+COMMUNICATE
1179,9437,telecom_263,0.0,0.0,,DB+COMMUNICATE
1253,10030,telecom_198,0.0,0.0,,DB+COMMUNICATE
1166,9332,telecom_145,0.0,0.0,,DB+COMMUNICATE
896,7169,telecom_11,0.0,1.0,,DB+COMMUNICATE
1166,9331,telecom_145,0.0,1.0,,DB+COMMUNICATE
1179,9439,telecom_263,0.0,0.0,,DB+COMMUNICATE
1123,8988,telecom_138,0.0,0.0,,DB+COMMUNICATE
1256,10053,telecom_178,1.0,1.0,,ENV_ASSERTION
1251,10010,telecom_74,0.0,1.0,,DB+COMMUNICATE
1283,10268,telecom_228,1.0,1.0,,DB+COMMUNICATE
1179,9434,telecom_263,0.0,0.0,,DB+COMMUNICATE
1166,9330,telecom_145,0.0,0.0,,DB+COMMUNICATE
1134,9077,telecom_163,0.0,0.0,,DB+COMMUNICATE
1256,10054,telecom_178,1.0,1.0,,ENV_ASSERTION
1256,10051,telecom_178,1.0,1.0,,ENV_ASSERTION
1030,8245,telecom_232,1.0,1.0,,ENV_ASSERTION
1256,10049,telecom_178,1.0,1.0,,ENV_ASSERTION
1251,10014,telecom_74,0.0,0.0,,DB+COMMUNICATE
1251,10011,telecom_74,0.0,1.0,,DB+COMMUNICATE
1256,10048,telecom_178,1.0,1.0,,ENV_ASSERTION
1251,10013,telecom_74,0.0,1.0,,DB+COMMUNICATE
1256,10055,telecom_178,1.0,1.0,,ENV_ASSERTION
1256,10052,telecom_178,1.0,1.0,,ENV_ASSERTION
1179,9436,telecom_263,0.0,0.0,,DB+COMMUNICATE
1251,10009,telecom_74,0.0,1.0,,DB+COMMUNICATE
1211,9691,telecom_130,0.0,0.0,,DB+COMMUNICATE
1211,9693,telecom_130,0.0,1.0,,DB+COMMUNICATE
1247,9982,telecom_138,0.0,0.0,,DB+COMMUNICATE
1251,10012,telecom_74,0.0,1.0,,DB+COMMUNICATE
1290,10322,telecom_177,1.0,1.0,,DB+COMMUNICATE
1290,10325,telecom_177,1.0,1.0,,DB+COMMUNICATE
1251,10015,telecom_74,0.0,1.0,,DB+COMMUNICATE
1247,9981,telecom_138,0.0,0.0,,DB+COMMUNICATE
1166,9334,telecom_145,0.0,0.0,,DB+COMMUNICATE
1251,10008,telecom_74,0.0,1.0,,DB+COMMUNICATE
1179,9432,telecom_263,0.0,0.0,,DB+COMMUNICATE
1283,10270,telecom_228,0.0,0.0,,DB+COMMUNICATE
1290,10320,telecom_177,1.0,1.0,,DB+COMMUNICATE
1114,8912,telecom_25,0.0,0.0,,ENV_ASSERTION
1299,10397,telecom_216,1.0,1.0,,ENV_ASSERTION
1299,10395,telecom_216,1.0,1.0,,ENV_ASSERTION
1247,9976,telecom_138,0.0,0.0,,DB+COMMUNICATE
1274,10192,telecom_120,0.0,1.0,,DB+COMMUNICATE
1253,10029,telecom_198,0.0,1.0,,DB+COMMUNICATE
1247,9978,telecom_138,0.0,0.0,,DB+COMMUNICATE
1290,10326,telecom_177,1.0,1.0,,DB+COMMUNICATE
1299,10392,telecom_216,1.0,1.0,,ENV_ASSERTION
1299,10394,telecom_216,1.0,1.0,,ENV_ASSERTION
1148,9185,telecom_163,0.0,1.0,,DB+COMMUNICATE
1274,10199,telecom_120,0.0,0.0,,DB+COMMUNICATE
1299,10393,telecom_216,1.0,1.0,,ENV_ASSERTION
1114,8913,telecom_25,0.0,0.0,,ENV_ASSERTION
1114,8915,telecom_25,1.0,1.0,,ENV_ASSERTION
1253,10031,telecom_198,0.0,1.0,,DB+COMMUNICATE
1299,10398,telecom_216,1.0,1.0,,ENV_ASSERTION
1274,10198,telecom_120,0.0,1.0,,DB+COMMUNICATE
1247,9977,telecom_138,0.0,0.0,,DB+COMMUNICATE
1274,10194,telecom_120,0.0,1.0,,DB+COMMUNICATE
1247,9979,telecom_138,0.0,0.0,,DB+COMMUNICATE
1283,10264,telecom_228,0.0,0.0,,DB+COMMUNICATE
1316,10530,telecom_253,0.0,0.0,,DB+COMMUNICATE
1283,10269,telecom_228,0.0,0.0,,DB+COMMUNICATE
1114,8918,telecom_25,0.0,0.0,,ENV_ASSERTION
1319,10555,telecom_54,0.0,0.0,,DB+COMMUNICATE
1274,10195,telecom_120,0.0,0.0,,DB+COMMUNICATE
1247,9983,telecom_138,0.0,1.0,,DB+COMMUNICATE
896,7174,telecom_11,0.0,0.0,,DB+COMMUNICATE
1353,10826,telecom_115,0.0,0.0,,DB+COMMUNICATE
1283,10271,telecom_228,0.0,0.0,,DB+COMMUNICATE
1353,10831,telecom_115,0.0,0.0,,DB+COMMUNICATE
1274,10197,telecom_120,0.0,1.0,,DB+COMMUNICATE
1283,10265,telecom_228,0.0,0.0,,DB+COMMUNICATE
1256,10050,telecom_178,0.0,0.0,,ENV_ASSERTION
1349,10792,telecom_194,1.0,1.0,,DB+COMMUNICATE
1349,10797,telecom_194,1.0,1.0,,DB+COMMUNICATE
1274,10193,telecom_120,0.0,0.0,,DB+COMMUNICATE
1114,8919,telecom_25,1.0,1.0,,ENV_ASSERTION
1299,10396,telecom_216,1.0,1.0,,ENV_ASSERTION
1349,10794,telecom_194,1.0,1.0,,DB+COMMUNICATE
1332,10658,telecom_56,0.0,1.0,,DB+COMMUNICATE
1349,10798,telecom_194,1.0,1.0,,DB+COMMUNICATE
1349,10799,telecom_194,1.0,1.0,,DB+COMMUNICATE
1290,10327,telecom_177,0.0,0.0,,DB+COMMUNICATE
1319,10557,telecom_54,0.0,1.0,,DB+COMMUNICATE
1349,10793,telecom_194,1.0,1.0,,DB+COMMUNICATE
1299,10399,telecom_216,1.0,1.0,,ENV_ASSERTION
1332,10662,telecom_56,0.0,1.0,,DB+COMMUNICATE
1349,10795,telecom_194,1.0,1.0,,DB+COMMUNICATE
1316,10532,telecom_253,0.0,1.0,,DB+COMMUNICATE
1253,10025,telecom_198,0.0,1.0,,DB+COMMUNICATE
1283,10267,telecom_228,0.0,0.0,,DB+COMMUNICATE
1319,10553,telecom_54,0.0,0.0,,DB+COMMUNICATE
1332,10657,telecom_56,0.0,1.0,,DB+COMMUNICATE
1319,10559,telecom_54,0.0,1.0,,DB+COMMUNICATE
1314,10513,telecom_234,1.0,1.0,,DB+COMMUNICATE
1374,10997,telecom_151,0.0,0.0,,DB+COMMUNICATE
1314,10514,telecom_234,0.0,0.0,,DB+COMMUNICATE
1332,10663,telecom_56,0.0,1.0,,DB+COMMUNICATE
1314,10512,telecom_234,1.0,1.0,,DB+COMMUNICATE
1316,10528,telecom_253,0.0,1.0,,DB+COMMUNICATE
1319,10556,telecom_54,0.0,0.0,,DB+COMMUNICATE
1332,10656,telecom_56,0.0,1.0,,DB+COMMUNICATE
1374,10993,telecom_151,0.0,0.0,,DB+COMMUNICATE
1374,10995,telecom_151,0.0,0.0,,DB+COMMUNICATE
1384,11078,telecom_80,1.0,1.0,,ENV_ASSERTION+ACTION
1319,10554,telecom_54,0.0,0.0,,DB+COMMUNICATE
1314,10515,telecom_234,1.0,1.0,,DB+COMMUNICATE
1358,10867,telecom_193,0.0,0.0,,ENV_ASSERTION+ACTION
1314,10518,telecom_234,1.0,1.0,,DB+COMMUNICATE
1247,9980,telecom_138,0.0,0.0,,DB+COMMUNICATE
1358,10871,telecom_193,0.0,0.0,,ENV_ASSERTION+ACTION
1290,10324,telecom_177,1.0,1.0,,DB+COMMUNICATE
1314,10516,telecom_234,1.0,1.0,,DB+COMMUNICATE
1314,10519,telecom_234,0.0,0.0,,DB+COMMUNICATE
1353,10825,telecom_115,0.0,1.0,,DB+COMMUNICATE
1283,10266,telecom_228,0.0,0.0,,DB+COMMUNICATE
1332,10661,telecom_56,0.0,0.0,,DB+COMMUNICATE
1316,10535,telecom_253,0.0,1.0,,DB+COMMUNICATE
1349,10796,telecom_194,1.0,1.0,,DB+COMMUNICATE
1319,10552,telecom_54,0.0,0.0,,DB+COMMUNICATE
1417,11343,telecom_241,0.0,0.0,,DB+COMMUNICATE
1353,10829,telecom_115,0.0,0.0,,DB+COMMUNICATE
1290,10323,telecom_177,1.0,1.0,,DB+COMMUNICATE
1353,10830,telecom_115,0.0,0.0,,DB+COMMUNICATE
1353,10828,telecom_115,0.0,1.0,,DB+COMMUNICATE
1274,10196,telecom_120,0.0,0.0,,DB+COMMUNICATE
1316,10533,telecom_253,0.0,1.0,,DB+COMMUNICATE
1348,10787,telecom_173,0.0,0.0,,DB+COMMUNICATE
1417,11338,telecom_241,0.0,0.0,,DB+COMMUNICATE
1396,11171,telecom_179,1.0,1.0,,ENV_ASSERTION
1353,10827,telecom_115,0.0,1.0,,DB+COMMUNICATE
1358,10864,telecom_193,0.0,0.0,,ENV_ASSERTION+ACTION
1114,8916,telecom_25,1.0,1.0,,ENV_ASSERTION
1400,11204,telecom_26,0.0,1.0,,DB+COMMUNICATE
1384,11076,telecom_80,0.0,0.0,,ENV_ASSERTION+ACTION
1396,11175,telecom_179,1.0,1.0,,ENV_ASSERTION
1384,11072,telecom_80,0.0,0.0,,ENV_ASSERTION+ACTION
1384,11079,telecom_80,0.0,0.0,,ENV_ASSERTION+ACTION
1348,10790,telecom_173,0.0,1.0,,DB+COMMUNICATE
1396,11170,telecom_179,1.0,1.0,,ENV_ASSERTION
1348,10791,telecom_173,0.0,1.0,,DB+COMMUNICATE
1400,11206,telecom_26,0.0,1.0,,DB+COMMUNICATE
1290,10321,telecom_177,1.0,1.0,,DB+COMMUNICATE
1348,10785,telecom_173,0.0,1.0,,DB+COMMUNICATE
1353,10824,telecom_115,0.0,1.0,,DB+COMMUNICATE
1404,11236,telecom_47,0.0,0.0,,DB+COMMUNICATE
1404,11235,telecom_47,0.0,0.0,,DB+COMMUNICATE
1433,11466,telecom_78,0.0,0.0,,ENV_ASSERTION
1319,10558,telecom_54,0.0,0.0,,DB+COMMUNICATE
1314,10517,telecom_234,1.0,1.0,,DB+COMMUNICATE
1348,10788,telecom_173,0.0,1.0,,DB+COMMUNICATE
1384,11077,telecom_80,0.0,0.0,,ENV_ASSERTION+ACTION
1348,10784,telecom_173,0.0,0.0,,DB+COMMUNICATE
1400,11202,telecom_26,0.0,0.0,,DB+COMMUNICATE
1400,11205,telecom_26,0.0,1.0,,DB+COMMUNICATE
1384,11073,telecom_80,0.0,0.0,,ENV_ASSERTION+ACTION
1384,11074,telecom_80,0.0,0.0,,ENV_ASSERTION+ACTION
1358,10865,telecom_193,0.0,0.0,,ENV_ASSERTION+ACTION
1417,11337,telecom_241,0.0,1.0,,DB+COMMUNICATE
1404,11234,telecom_47,0.0,1.0,,DB+COMMUNICATE
1400,11207,telecom_26,0.0,1.0,,DB+COMMUNICATE
1374,10998,telecom_151,0.0,1.0,,DB+COMMUNICATE
1358,10866,telecom_193,0.0,0.0,,ENV_ASSERTION+ACTION
1455,11647,telecom_44,0.0,0.0,,DB+COMMUNICATE
1316,10531,telecom_253,0.0,0.0,,DB+COMMUNICATE
1404,11238,telecom_47,0.0,1.0,,DB+COMMUNICATE
1358,10869,telecom_193,0.0,0.0,,ENV_ASSERTION+ACTION
1396,11168,telecom_179,0.0,0.0,,ENV_ASSERTION
1399,11194,telecom_48,0.0,0.0,,DB+COMMUNICATE
1455,11643,telecom_44,0.0,0.0,,DB+COMMUNICATE
1332,10659,telecom_56,0.0,0.0,,DB+COMMUNICATE
1358,10868,telecom_193,1.0,1.0,,ENV_ASSERTION+ACTION
1399,11199,telecom_48,0.0,0.0,,DB+COMMUNICATE
1411,11290,telecom_235,0.0,0.0,,DB+COMMUNICATE
1433,11467,telecom_78,1.0,1.0,,ENV_ASSERTION
1396,11172,telecom_179,1.0,1.0,,ENV_ASSERTION
1374,10994,telecom_151,0.0,1.0,,DB+COMMUNICATE
1374,10992,telecom_151,0.0,0.0,,DB+COMMUNICATE
1374,10999,telecom_151,0.0,0.0,,DB+COMMUNICATE
1404,11237,telecom_47,0.0,0.0,,DB+COMMUNICATE
1399,11195,telecom_48,0.0,0.0,,DB+COMMUNICATE
1418,11348,telecom_62,0.0,0.0,,DB+COMMUNICATE
1411,11291,telecom_235,0.0,1.0,,DB+COMMUNICATE
1399,11192,telecom_48,0.0,1.0,,DB+COMMUNICATE
1404,11233,telecom_47,0.0,0.0,,DB+COMMUNICATE
1399,11196,telecom_48,0.0,0.0,,DB+COMMUNICATE
1411,11289,telecom_235,0.0,0.0,,DB+COMMUNICATE
1418,11344,telecom_62,0.0,1.0,,DB+COMMUNICATE
1374,10996,telecom_151,0.0,1.0,,DB+COMMUNICATE
1411,11293,telecom_235,0.0,0.0,,DB+COMMUNICATE
1348,10789,telecom_173,0.0,1.0,,DB+COMMUNICATE
1400,11201,telecom_26,0.0,1.0,,DB+COMMUNICATE
1399,11197,telecom_48,0.0,1.0,,DB+COMMUNICATE
1433,11464,telecom_78,1.0,1.0,,ENV_ASSERTION
1404,11239,telecom_47,0.0,0.0,,DB+COMMUNICATE
1404,11232,telecom_47,0.0,0.0,,DB+COMMUNICATE
1417,11339,telecom_241,0.0,1.0,,DB+COMMUNICATE
1418,11351,telecom_62,0.0,1.0,,DB+COMMUNICATE
1433,11469,telecom_78,1.0,1.0,,ENV_ASSERTION
1411,11294,telecom_235,0.0,1.0,,DB+COMMUNICATE
1417,11336,telecom_241,0.0,1.0,,DB+COMMUNICATE
1417,11341,telecom_241,0.0,1.0,,DB+COMMUNICATE
1418,11346,telecom_62,0.0,0.0,,DB+COMMUNICATE
1358,10870,telecom_193,1.0,1.0,,ENV_ASSERTION+ACTION
1411,11288,telecom_235,0.0,0.0,,DB+COMMUNICATE
1411,11295,telecom_235,0.0,0.0,,DB+COMMUNICATE
1418,11349,telecom_62,0.0,1.0,,DB+COMMUNICATE
1316,10534,telecom_253,0.0,1.0,,DB+COMMUNICATE
1418,11345,telecom_62,0.0,0.0,,DB+COMMUNICATE
1433,11471,telecom_78,0.0,0.0,,ENV_ASSERTION
1417,11342,telecom_241,0.0,1.0,,DB+COMMUNICATE
1476,11814,telecom_226,0.0,1.0,,DB+COMMUNICATE
1089,8717,telecom_40,0.0,0.0,,DB+COMMUNICATE
1494,11955,telecom_130,0.0,0.0,,DB+COMMUNICATE
1418,11350,telecom_62,0.0,1.0,,DB+COMMUNICATE
1476,11813,telecom_226,0.0,1.0,,DB+COMMUNICATE
1450,11607,telecom_225,0.0,0.0,,DB+COMMUNICATE
1482,11861,telecom_120,0.0,1.0,,DB+COMMUNICATE
1399,11198,telecom_48,0.0,1.0,,DB+COMMUNICATE
1433,11465,telecom_78,1.0,1.0,,ENV_ASSERTION
1455,11642,telecom_44,0.0,1.0,,DB+COMMUNICATE
1348,10786,telecom_173,0.0,0.0,,DB+COMMUNICATE
1503,12026,telecom_103,1.0,1.0,,ENV_ASSERTION
1148,9184,telecom_163,0.0,1.0,,DB+COMMUNICATE
1476,11808,telecom_226,0.0,0.0,,DB+COMMUNICATE
1455,11646,telecom_44,0.0,0.0,,DB+COMMUNICATE
1455,11640,telecom_44,0.0,1.0,,DB+COMMUNICATE
1503,12029,telecom_103,1.0,1.0,,ENV_ASSERTION
1503,12024,telecom_103,1.0,1.0,,ENV_ASSERTION
1417,11340,telecom_241,0.0,1.0,,DB+COMMUNICATE
1433,11468,telecom_78,0.0,0.0,,ENV_ASSERTION
1476,11810,telecom_226,0.0,1.0,,DB+COMMUNICATE
1399,11193,telecom_48,0.0,0.0,,DB+COMMUNICATE
1503,12031,telecom_103,1.0,1.0,,ENV_ASSERTION
1482,11857,telecom_120,0.0,0.0,,DB+COMMUNICATE
1505,12040,telecom_262,0.0,0.0,,DB+COMMUNICATE
1536,12292,telecom_219,0.0,0.0,,DB+COMMUNICATE
1400,11203,telecom_26,0.0,1.0,,DB+COMMUNICATE
1396,11169,telecom_179,1.0,1.0,,ENV_ASSERTION
1525,12205,telecom_259,1.0,1.0,,DB+COMMUNICATE
1505,12045,telecom_262,1.0,1.0,,DB+COMMUNICATE
1503,12030,telecom_103,1.0,1.0,,ENV_ASSERTION
1525,12201,telecom_259,1.0,1.0,,DB+COMMUNICATE
1476,11812,telecom_226,0.0,0.0,,DB+COMMUNICATE
1455,11645,telecom_44,0.0,0.0,,DB+COMMUNICATE
1482,11859,telecom_120,0.0,0.0,,DB+COMMUNICATE
1332,10660,telecom_56,0.0,0.0,,DB+COMMUNICATE
1516,12129,telecom_247,1.0,1.0,,DB+COMMUNICATE
1476,11809,telecom_226,0.0,0.0,,DB+COMMUNICATE
1418,11347,telecom_62,0.0,0.0,,DB+COMMUNICATE
1503,12027,telecom_103,0.0,0.0,,ENV_ASSERTION
1525,12206,telecom_259,1.0,1.0,,DB+COMMUNICATE
1525,12204,telecom_259,1.0,1.0,,DB+COMMUNICATE
1494,11953,telecom_130,0.0,1.0,,DB+COMMUNICATE
1476,11815,telecom_226,0.0,0.0,,DB+COMMUNICATE
1525,12200,telecom_259,1.0,1.0,,DB+COMMUNICATE
1503,12028,telecom_103,1.0,1.0,,ENV_ASSERTION
1494,11956,telecom_130,0.0,1.0,,DB+COMMUNICATE
1525,12207,telecom_259,1.0,1.0,,DB+COMMUNICATE
1505,12044,telecom_262,1.0,1.0,,DB+COMMUNICATE
1482,11863,telecom_120,0.0,1.0,,DB+COMMUNICATE
1494,11954,telecom_130,0.0,1.0,,DB+COMMUNICATE
1525,12203,telecom_259,1.0,1.0,,DB+COMMUNICATE
1501,12015,telecom_89,1.0,1.0,,ENV_ASSERTION+ACTION
1537,12302,telecom_260,1.0,1.0,,DB+COMMUNICATE
1433,11470,telecom_78,1.0,1.0,,ENV_ASSERTION
1537,12296,telecom_260,1.0,1.0,,DB+COMMUNICATE
1505,12041,telecom_262,0.0,0.0,,DB+COMMUNICATE
1537,12298,telecom_260,1.0,1.0,,DB+COMMUNICATE
1537,12297,telecom_260,1.0,1.0,,DB+COMMUNICATE
1525,12202,telecom_259,1.0,1.0,,DB+COMMUNICATE
1494,11952,telecom_130,0.0,1.0,,DB+COMMUNICATE
1505,12047,telecom_262,1.0,1.0,,DB+COMMUNICATE
1537,12300,telecom_260,0.0,0.0,,DB+COMMUNICATE
1514,12117,telecom_38,0.0,0.0,,DB+COMMUNICATE
1396,11174,telecom_179,1.0,1.0,,ENV_ASSERTION
1537,12301,telecom_260,1.0,1.0,,DB+COMMUNICATE
1450,11603,telecom_225,0.0,0.0,,DB+COMMUNICATE
1505,12043,telecom_262,1.0,1.0,,DB+COMMUNICATE
1476,11811,telecom_226,0.0,0.0,,DB+COMMUNICATE
1396,11173,telecom_179,1.0,1.0,,ENV_ASSERTION
1455,11641,telecom_44,0.0,0.0,,DB+COMMUNICATE
1559,12476,telecom_245,1.0,1.0,,DB+COMMUNICATE
1559,12478,telecom_245,1.0,1.0,,DB+COMMUNICATE
1400,11200,telecom_26,0.0,1.0,,DB+COMMUNICATE
1501,12010,telecom_89,0.0,0.0,,ENV_ASSERTION+ACTION
1482,11856,telecom_120,0.0,1.0,,DB+COMMUNICATE
1450,11605,telecom_225,0.0,0.0,,DB+COMMUNICATE
1559,12473,telecom_245,1.0,1.0,,DB+COMMUNICATE
1503,12025,telecom_103,0.0,0.0,,ENV_ASSERTION
1494,11957,telecom_130,0.0,0.0,,DB+COMMUNICATE
1501,12009,telecom_89,1.0,1.0,,ENV_ASSERTION+ACTION
1514,12118,telecom_38,0.0,1.0,,DB+COMMUNICATE
1559,12475,telecom_245,1.0,1.0,,DB+COMMUNICATE
1501,12011,telecom_89,1.0,1.0,,ENV_ASSERTION+ACTION
1516,12134,telecom_247,1.0,1.0,,DB+COMMUNICATE
1557,12458,telecom_137,1.0,1.0,,ENV_ASSERTION
1501,12008,telecom_89,0.0,0.0,,ENV_ASSERTION+ACTION
1482,11862,telecom_120,0.0,0.0,,DB+COMMUNICATE
1316,10529,telecom_253,0.0,1.0,,DB+COMMUNICATE
1537,12299,telecom_260,1.0,1.0,,DB+COMMUNICATE
1540,12320,telecom_21,1.0,1.0,,DB+COMMUNICATE
1514,12115,telecom_38,0.0,0.0,,DB+COMMUNICATE
1559,12477,telecom_245,1.0,1.0,,DB+COMMUNICATE
1540,12326,telecom_21,1.0,1.0,,DB+COMMUNICATE
1559,12479,telecom_245,1.0,1.0,,DB+COMMUNICATE
1501,12012,telecom_89,0.0,0.0,,ENV_ASSERTION+ACTION
1540,12327,telecom_21,1.0,1.0,,DB+COMMUNICATE
1557,12459,telecom_137,1.0,1.0,,ENV_ASSERTION
1514,12112,telecom_38,0.0,0.0,,DB+COMMUNICATE
1516,12128,telecom_247,1.0,1.0,,DB+COMMUNICATE
1514,12113,telecom_38,0.0,1.0,,DB+COMMUNICATE
1455,11644,telecom_44,0.0,0.0,,DB+COMMUNICATE
1559,12472,telecom_245,1.0,1.0,,DB+COMMUNICATE
1501,12013,telecom_89,0.0,0.0,,ENV_ASSERTION+ACTION
1505,12046,telecom_262,1.0,1.0,,DB+COMMUNICATE
1482,11858,telecom_120,0.0,0.0,,DB+COMMUNICATE
1559,12474,telecom_245,1.0,1.0,,DB+COMMUNICATE
1540,12323,telecom_21,1.0,1.0,,DB+COMMUNICATE
1556,12449,telecom_19,0.0,0.0,,DB+COMMUNICATE
1540,12324,telecom_21,1.0,1.0,,DB+COMMUNICATE
1557,12456,telecom_137,1.0,1.0,,ENV_ASSERTION
1536,12289,telecom_219,0.0,1.0,,DB+COMMUNICATE
1537,12303,telecom_260,0.0,0.0,,DB+COMMUNICATE
1557,12460,telecom_137,1.0,1.0,,ENV_ASSERTION
1536,12291,telecom_219,0.0,1.0,,DB+COMMUNICATE
1536,12293,telecom_219,0.0,1.0,,DB+COMMUNICATE
1557,12463,telecom_137,1.0,1.0,,ENV_ASSERTION
1505,12042,telecom_262,1.0,1.0,,DB+COMMUNICATE
1557,12457,telecom_137,1.0,1.0,,ENV_ASSERTION
1482,11860,telecom_120,0.0,0.0,,DB+COMMUNICATE
1536,12295,telecom_219,0.0,1.0,,DB+COMMUNICATE
1557,12461,telecom_137,1.0,1.0,,ENV_ASSERTION
1514,12114,telecom_38,0.0,0.0,,DB+COMMUNICATE
1514,12119,telecom_38,0.0,1.0,,DB+COMMUNICATE
1516,12135,telecom_247,1.0,1.0,,DB+COMMUNICATE
1556,12455,telecom_19,1.0,1.0,,DB+COMMUNICATE
1588,12707,telecom_223,0.0,0.0,,DB+COMMUNICATE
1516,12131,telecom_247,1.0,1.0,,DB+COMMUNICATE
1588,12708,telecom_223,1.0,1.0,,DB+COMMUNICATE
1588,12705,telecom_223,1.0,1.0,,DB+COMMUNICATE
1588,12704,telecom_223,0.0,0.0,,DB+COMMUNICATE
1494,11959,telecom_130,0.0,0.0,,DB+COMMUNICATE
1536,12294,telecom_219,0.0,1.0,,DB+COMMUNICATE
1411,11292,telecom_235,0.0,1.0,,DB+COMMUNICATE
1588,12709,telecom_223,1.0,1.0,,DB+COMMUNICATE
1557,12462,telecom_137,0.0,0.0,,ENV_ASSERTION
1450,11602,telecom_225,0.0,1.0,,DB+COMMUNICATE
1588,12711,telecom_223,0.0,0.0,,DB+COMMUNICATE
1588,12706,telecom_223,0.0,0.0,,DB+COMMUNICATE
1536,12288,telecom_219,0.0,1.0,,DB+COMMUNICATE
1494,11958,telecom_130,0.0,0.0,,DB+COMMUNICATE
1588,12710,telecom_223,0.0,0.0,,DB+COMMUNICATE
1551,12410,telecom_59,0.0,0.0,,DB+COMMUNICATE
1579,12638,telecom_141,0.0,1.0,,DB+COMMUNICATE
1540,12325,telecom_21,1.0,1.0,,DB+COMMUNICATE
1551,12412,telecom_59,1.0,1.0,,DB+COMMUNICATE
1596,12769,telecom_71,1.0,1.0,,ENV_ASSERTION
1579,12639,telecom_141,0.0,1.0,,DB+COMMUNICATE
1596,12773,telecom_71,0.0,0.0,,ENV_ASSERTION
1596,12774,telecom_71,1.0,1.0,,ENV_ASSERTION
1556,12454,telecom_19,0.0,0.0,,DB+COMMUNICATE
1596,12772,telecom_71,1.0,1.0,,ENV_ASSERTION
1556,12452,telecom_19,0.0,0.0,,DB+COMMUNICATE
1551,12414,telecom_59,0.0,0.0,,DB+COMMUNICATE
1556,12450,telecom_19,1.0,1.0,,DB+COMMUNICATE
1556,12451,telecom_19,1.0,1.0,,DB+COMMUNICATE
1637,13096,telecom_127,0.0,0.0,,DB+COMMUNICATE
1637,13102,telecom_127,1.0,1.0,,DB+COMMUNICATE
1646,13174,telecom_259,1.0,1.0,,DB+COMMUNICATE
1540,12322,telecom_21,1.0,1.0,,DB+COMMUNICATE
1514,12116,telecom_38,0.0,1.0,,DB+COMMUNICATE
1591,12729,telecom_48,0.0,1.0,,DB+COMMUNICATE
1637,13098,telecom_127,1.0,1.0,,DB+COMMUNICATE
1536,12290,telecom_219,0.0,1.0,,DB+COMMUNICATE
1596,12770,telecom_71,1.0,1.0,,ENV_ASSERTION
1579,12637,telecom_141,0.0,0.0,,DB+COMMUNICATE
1551,12408,telecom_59,1.0,1.0,,DB+COMMUNICATE
1646,13171,telecom_259,1.0,1.0,,DB+COMMUNICATE
1643,13150,telecom_205,1.0,1.0,,DB+COMMUNICATE
1643,13149,telecom_205,1.0,1.0,,DB+COMMUNICATE
1556,12448,telecom_19,0.0,0.0,,DB+COMMUNICATE
1646,13172,telecom_259,1.0,1.0,,DB+COMMUNICATE
1646,13175,telecom_259,1.0,1.0,,DB+COMMUNICATE
1579,12636,telecom_141,0.0,1.0,,DB+COMMUNICATE
1643,13147,telecom_205,1.0,1.0,,DB+COMMUNICATE
1643,13151,telecom_205,1.0,1.0,,DB+COMMUNICATE
1596,12768,telecom_71,1.0,1.0,,ENV_ASSERTION
1632,13061,telecom_132,1.0,1.0,,DB+COMMUNICATE
1643,13144,telecom_205,1.0,1.0,,DB+COMMUNICATE
1596,12771,telecom_71,0.0,0.0,,ENV_ASSERTION
1637,13097,telecom_127,0.0,0.0,,DB+COMMUNICATE
1591,12731,telecom_48,0.0,1.0,,DB+COMMUNICATE
1643,13148,telecom_205,1.0,1.0,,DB+COMMUNICATE
1646,13173,telecom_259,1.0,1.0,,DB+COMMUNICATE
1643,13145,telecom_205,1.0,1.0,,DB+COMMUNICATE
1596,12775,telecom_71,1.0,1.0,,ENV_ASSERTION
1646,13168,telecom_259,1.0,1.0,,DB+COMMUNICATE
1632,13056,telecom_132,1.0,1.0,,DB+COMMUNICATE
1579,12632,telecom_141,0.0,0.0,,DB+COMMUNICATE
1632,13062,telecom_132,1.0,1.0,,DB+COMMUNICATE
1516,12132,telecom_247,1.0,1.0,,DB+COMMUNICATE
1637,13101,telecom_127,0.0,0.0,,DB+COMMUNICATE
1646,13170,telecom_259,1.0,1.0,,DB+COMMUNICATE
1591,12728,telecom_48,0.0,1.0,,DB+COMMUNICATE
1643,13146,telecom_205,1.0,1.0,,DB+COMMUNICATE
1646,13169,telecom_259,1.0,1.0,,DB+COMMUNICATE
1591,12733,telecom_48,0.0,0.0,,DB+COMMUNICATE
1637,13103,telecom_127,0.0,0.0,,DB+COMMUNICATE
1501,12014,telecom_89,1.0,1.0,,ENV_ASSERTION+ACTION
1591,12735,telecom_48,0.0,1.0,,DB+COMMUNICATE
1661,13291,telecom_57,1.0,1.0,,ENV_ASSERTION
1591,12732,telecom_48,0.0,1.0,,DB+COMMUNICATE
1632,13063,telecom_132,1.0,1.0,,DB+COMMUNICATE
1648,13191,telecom_217,1.0,1.0,,DB+COMMUNICATE
1648,13186,telecom_217,1.0,1.0,,DB+COMMUNICATE
1632,13060,telecom_132,0.0,0.0,,DB+COMMUNICATE
1661,13288,telecom_57,0.0,0.0,,ENV_ASSERTION
1661,13292,telecom_57,1.0,1.0,,ENV_ASSERTION
1661,13290,telecom_57,1.0,1.0,,ENV_ASSERTION
1516,12130,telecom_247,1.0,1.0,,DB+COMMUNICATE
1637,13100,telecom_127,0.0,0.0,,DB+COMMUNICATE
1670,13363,telecom_84,0.0,1.0,,DB+COMMUNICATE
1661,13293,telecom_57,1.0,1.0,,ENV_ASSERTION
1648,13184,telecom_217,1.0,1.0,,DB+COMMUNICATE
1591,12730,telecom_48,0.0,1.0,,DB+COMMUNICATE
1632,13058,telecom_132,1.0,1.0,,DB+COMMUNICATE
1516,12133,telecom_247,1.0,1.0,,DB+COMMUNICATE
1579,12635,telecom_141,0.0,1.0,,DB+COMMUNICATE
1661,13295,telecom_57,1.0,1.0,,ENV_ASSERTION
1670,13361,telecom_84,0.0,1.0,,DB+COMMUNICATE
1648,13189,telecom_217,1.0,1.0,,DB+COMMUNICATE
1670,13365,telecom_84,0.0,1.0,,DB+COMMUNICATE
1551,12413,telecom_59,1.0,1.0,,DB+COMMUNICATE
1556,12453,telecom_19,0.0,0.0,,DB+COMMUNICATE
1648,13190,telecom_217,1.0,1.0,,DB+COMMUNICATE
1648,13188,telecom_217,1.0,1.0,,DB+COMMUNICATE
1670,13362,telecom_84,0.0,1.0,,DB+COMMUNICATE
1637,13099,telecom_127,0.0,0.0,,DB+COMMUNICATE
1670,13366,telecom_84,0.0,1.0,,DB+COMMUNICATE
1648,13187,telecom_217,0.0,0.0,,DB+COMMUNICATE
1670,13364,telecom_84,0.0,1.0,,DB+COMMUNICATE
1450,11606,telecom_225,0.0,1.0,,DB+COMMUNICATE
1551,12415,telecom_59,0.0,0.0,,DB+COMMUNICATE
1648,13185,telecom_217,1.0,1.0,,DB+COMMUNICATE
1681,13455,telecom_209,0.0,0.0,,ENV_ASSERTION+ACTION
1673,13384,telecom_121,0.0,0.0,,ENV_ASSERTION
1661,13294,telecom_57,1.0,1.0,,ENV_ASSERTION
1673,13390,telecom_121,1.0,1.0,,ENV_ASSERTION
1670,13360,telecom_84,0.0,1.0,,DB+COMMUNICATE
1661,13289,telecom_57,0.0,0.0,,ENV_ASSERTION
1681,13451,telecom_209,0.0,0.0,,ENV_ASSERTION+ACTION
1684,13475,telecom_47,0.0,1.0,,DB+COMMUNICATE
1591,12734,telecom_48,0.0,0.0,,DB+COMMUNICATE
1684,13474,telecom_47,0.0,1.0,,DB+COMMUNICATE
1711,13692,telecom_161,1.0,1.0,,DB+COMMUNICATE
1711,13694,telecom_161,1.0,1.0,,DB+COMMUNICATE
1551,12411,telecom_59,0.0,0.0,,DB+COMMUNICATE
1681,13453,telecom_209,0.0,0.0,,ENV_ASSERTION+ACTION
1711,13695,telecom_161,1.0,1.0,,DB+COMMUNICATE
1673,13391,telecom_121,1.0,1.0,,ENV_ASSERTION
1673,13385,telecom_121,1.0,1.0,,ENV_ASSERTION
1579,12634,telecom_141,0.0,1.0,,DB+COMMUNICATE
1711,13688,telecom_161,1.0,1.0,,DB+COMMUNICATE
1684,13472,telecom_47,0.0,0.0,,DB+COMMUNICATE
1711,13693,telecom_161,1.0,1.0,,DB+COMMUNICATE
1711,13690,telecom_161,1.0,1.0,,DB+COMMUNICATE
1673,13387,telecom_121,0.0,0.0,,ENV_ASSERTION
1673,13386,telecom_121,0.0,0.0,,ENV_ASSERTION
1684,13477,telecom_47,0.0,1.0,,DB+COMMUNICATE
1540,12321,telecom_21,1.0,1.0,,DB+COMMUNICATE
1673,13389,telecom_121,0.0,0.0,,ENV_ASSERTION
1711,13689,telecom_161,1.0,1.0,,DB+COMMUNICATE
1711,13691,telecom_161,1.0,1.0,,DB+COMMUNICATE
1758,14068,telecom_134,1.0,1.0,,ENV_ASSERTION
1758,14066,telecom_134,1.0,1.0,,ENV_ASSERTION
1758,14070,telecom_134,1.0,1.0,,ENV_ASSERTION
1551,12409,telecom_59,0.0,0.0,,DB+COMMUNICATE
1758,14065,telecom_134,1.0,1.0,,ENV_ASSERTION
1758,14064,telecom_134,1.0,1.0,,ENV_ASSERTION
1758,14069,telecom_134,1.0,1.0,,ENV_ASSERTION
1758,14067,telecom_134,1.0,1.0,,ENV_ASSERTION
1450,11601,telecom_225,0.0,0.0,,DB+COMMUNICATE
1681,13450,telecom_209,1.0,1.0,,ENV_ASSERTION+ACTION
1681,13449,telecom_209,1.0,1.0,,ENV_ASSERTION+ACTION
1681,13452,telecom_209,0.0,0.0,,ENV_ASSERTION+ACTION
1718,13749,telecom_256,0.0,0.0,,DB+COMMUNICATE
1632,13059,telecom_132,1.0,1.0,,DB+COMMUNICATE
1758,14071,telecom_134,1.0,1.0,,ENV_ASSERTION
1718,13745,telecom_256,0.0,0.0,,DB+COMMUNICATE
1681,13454,telecom_209,0.0,0.0,,ENV_ASSERTION+ACTION
1684,13473,telecom_47,0.0,1.0,,DB+COMMUNICATE
1632,13057,telecom_132,0.0,0.0,,DB+COMMUNICATE
1684,13479,telecom_47,0.0,0.0,,DB+COMMUNICATE
1718,13751,telecom_256,0.0,0.0,,DB+COMMUNICATE
1766,14133,telecom_184,0.0,0.0,,DB+COMMUNICATE
1673,13388,telecom_121,1.0,1.0,,ENV_ASSERTION
1384,11075,telecom_80,1.0,1.0,,ENV_ASSERTION+ACTION
1747,13977,telecom_10,0.0,1.0,,DB+COMMUNICATE
1755,14040,telecom_197,0.0,0.0,,DB+COMMUNICATE
1755,14042,telecom_197,0.0,0.0,,DB+COMMUNICATE
1755,14047,telecom_197,0.0,0.0,,DB+COMMUNICATE
1752,14018,telecom_208,0.0,1.0,,DB+COMMUNICATE
1727,13823,telecom_135,0.0,1.0,,DB+COMMUNICATE
1727,13818,telecom_135,0.0,1.0,,DB+COMMUNICATE
1747,13979,telecom_10,0.0,0.0,,DB+COMMUNICATE
1727,13821,telecom_135,0.0,0.0,,DB+COMMUNICATE
1747,13981,telecom_10,0.0,1.0,,DB+COMMUNICATE
1718,13748,telecom_256,0.0,1.0,,DB+COMMUNICATE
1793,14351,telecom_151,0.0,0.0,,DB+COMMUNICATE
1727,13817,telecom_135,0.0,0.0,,DB+COMMUNICATE
1684,13478,telecom_47,0.0,0.0,,DB+COMMUNICATE
1670,13367,telecom_84,0.0,1.0,,DB+COMMUNICATE
1718,13746,telecom_256,0.0,1.0,,DB+COMMUNICATE
1720,13762,telecom_62,0.0,0.0,,DB+COMMUNICATE
1727,13820,telecom_135,0.0,1.0,,DB+COMMUNICATE
1727,13816,telecom_135,0.0,0.0,,DB+COMMUNICATE
1747,13983,telecom_10,0.0,1.0,,DB+COMMUNICATE
1752,14023,telecom_208,0.0,1.0,,DB+COMMUNICATE
1681,13448,telecom_209,0.0,0.0,,ENV_ASSERTION+ACTION
1747,13976,telecom_10,0.0,0.0,,DB+COMMUNICATE
1752,14019,telecom_208,0.0,1.0,,DB+COMMUNICATE
1720,13766,telecom_62,0.0,1.0,,DB+COMMUNICATE
1762,14098,telecom_75,1.0,1.0,,DB+COMMUNICATE
1755,14041,telecom_197,0.0,0.0,,DB+COMMUNICATE
1793,14346,telecom_151,0.0,0.0,,DB+COMMUNICATE
1752,14020,telecom_208,0.0,1.0,,DB+COMMUNICATE
1762,14101,telecom_75,1.0,1.0,,DB+COMMUNICATE
1747,13978,telecom_10,0.0,0.0,,DB+COMMUNICATE
1766,14129,telecom_184,0.0,1.0,,DB+COMMUNICATE
1720,13767,telecom_62,0.0,0.0,,DB+COMMUNICATE
1752,14017,telecom_208,0.0,1.0,,DB+COMMUNICATE
1766,14135,telecom_184,0.0,0.0,,DB+COMMUNICATE
1755,14043,telecom_197,0.0,0.0,,DB+COMMUNICATE
1747,13982,telecom_10,0.0,0.0,,DB+COMMUNICATE
1752,14021,telecom_208,0.0,1.0,,DB+COMMUNICATE
1762,14102,telecom_75,1.0,1.0,,DB+COMMUNICATE
1766,14128,telecom_184,0.0,0.0,,DB+COMMUNICATE
1747,13980,telecom_10,0.0,0.0,,DB+COMMUNICATE
1579,12633,telecom_141,0.0,1.0,,DB+COMMUNICATE
1762,14103,telecom_75,1.0,1.0,,DB+COMMUNICATE
1755,14044,telecom_197,0.0,0.0,,DB+COMMUNICATE
1720,13761,telecom_62,0.0,1.0,,DB+COMMUNICATE
1720,13765,telecom_62,0.0,0.0,,DB+COMMUNICATE
1762,14096,telecom_75,1.0,1.0,,DB+COMMUNICATE
1766,14132,telecom_184,0.0,1.0,,DB+COMMUNICATE
1720,13763,telecom_62,0.0,1.0,,DB+COMMUNICATE
1766,14130,telecom_184,0.0,1.0,,DB+COMMUNICATE
1762,14100,telecom_75,1.0,1.0,,DB+COMMUNICATE
1816,14531,telecom_57,1.0,1.0,,ENV_ASSERTION
1727,13822,telecom_135,0.0,0.0,,DB+COMMUNICATE
1727,13819,telecom_135,0.0,0.0,,DB+COMMUNICATE
1821,14574,telecom_249,0.0,1.0,,DB+COMMUNICATE
1816,14533,telecom_57,1.0,1.0,,ENV_ASSERTION
1762,14099,telecom_75,1.0,1.0,,DB+COMMUNICATE
1824,14592,telecom_97,1.0,1.0,,ENV_ASSERTION
1752,14016,telecom_208,0.0,0.0,,DB+COMMUNICATE
1790,14325,telecom_197,0.0,1.0,,DB+COMMUNICATE
1766,14134,telecom_184,0.0,0.0,,DB+COMMUNICATE
1790,14324,telecom_197,0.0,0.0,,DB+COMMUNICATE
1790,14326,telecom_197,0.0,0.0,,DB+COMMUNICATE
1755,14046,telecom_197,0.0,0.0,,DB+COMMUNICATE
1834,14679,telecom_42,0.0,0.0,,DB+COMMUNICATE
1816,14528,telecom_57,1.0,1.0,,ENV_ASSERTION
1720,13764,telecom_62,0.0,1.0,,DB+COMMUNICATE
1816,14530,telecom_57,0.0,0.0,,ENV_ASSERTION
1790,14321,telecom_197,0.0,0.0,,DB+COMMUNICATE
1718,13744,telecom_256,0.0,0.0,,DB+COMMUNICATE
1820,14561,telecom_171,1.0,1.0,,DB+COMMUNICATE
1793,14344,telecom_151,0.0,1.0,,DB+COMMUNICATE
1824,14598,telecom_97,1.0,1.0,,ENV_ASSERTION
1720,13760,telecom_62,0.0,1.0,,DB+COMMUNICATE
1816,14529,telecom_57,1.0,1.0,,ENV_ASSERTION
1816,14535,telecom_57,0.0,0.0,,ENV_ASSERTION
1824,14594,telecom_97,1.0,1.0,,ENV_ASSERTION
1790,14320,telecom_197,0.0,0.0,,DB+COMMUNICATE
1793,14348,telecom_151,0.0,1.0,,DB+COMMUNICATE
1816,14532,telecom_57,1.0,1.0,,ENV_ASSERTION
1790,14323,telecom_197,0.0,0.0,,DB+COMMUNICATE
1824,14595,telecom_97,1.0,1.0,,ENV_ASSERTION
1793,14345,telecom_151,0.0,1.0,,DB+COMMUNICATE
1821,14568,telecom_249,0.0,0.0,,DB+COMMUNICATE
1840,14723,telecom_81,0.0,0.0,,DB+COMMUNICATE
1820,14562,telecom_171,1.0,1.0,,DB+COMMUNICATE
1824,14597,telecom_97,1.0,1.0,,ENV_ASSERTION
1821,14571,telecom_249,0.0,0.0,,DB+COMMUNICATE
1816,14534,telecom_57,1.0,1.0,,ENV_ASSERTION
1790,14322,telecom_197,0.0,1.0,,DB+COMMUNICATE
1856,14849,telecom_207,1.0,1.0,,ENV_ASSERTION
1856,14855,telecom_207,1.0,1.0,,ENV_ASSERTION
1840,14726,telecom_81,0.0,1.0,,DB+COMMUNICATE
1856,14852,telecom_207,1.0,1.0,,ENV_ASSERTION
1450,11604,telecom_225,0.0,0.0,,DB+COMMUNICATE
1846,14775,telecom_129,0.0,0.0,,DB+COMMUNICATE
1820,14567,telecom_171,1.0,1.0,,DB+COMMUNICATE
1820,14566,telecom_171,1.0,1.0,,DB+COMMUNICATE
1874,14992,telecom_65,1.0,1.0,,DB+COMMUNICATE
1821,14572,telecom_249,0.0,0.0,,DB+COMMUNICATE
1766,14131,telecom_184,0.0,0.0,,DB+COMMUNICATE
1821,14570,telecom_249,0.0,0.0,,DB+COMMUNICATE
1821,14573,telecom_249,0.0,1.0,,DB+COMMUNICATE
1821,14569,telecom_249,0.0,0.0,,DB+COMMUNICATE
1856,14854,telecom_207,1.0,1.0,,ENV_ASSERTION
1793,14349,telecom_151,0.0,1.0,,DB+COMMUNICATE
1846,14771,telecom_129,0.0,0.0,,DB+COMMUNICATE
1820,14563,telecom_171,1.0,1.0,,DB+COMMUNICATE
1840,14722,telecom_81,0.0,1.0,,DB+COMMUNICATE
1840,14727,telecom_81,0.0,1.0,,DB+COMMUNICATE
1833,14667,telecom_28,0.0,1.0,,DB+COMMUNICATE
1846,14768,telecom_129,0.0,0.0,,DB+COMMUNICATE
1824,14596,telecom_97,0.0,0.0,,ENV_ASSERTION
1821,14575,telecom_249,0.0,0.0,,DB+COMMUNICATE
1856,14851,telecom_207,1.0,1.0,,ENV_ASSERTION
1834,14673,telecom_42,0.0,1.0,,DB+COMMUNICATE
1840,14725,telecom_81,0.0,0.0,,DB+COMMUNICATE
1793,14350,telecom_151,0.0,1.0,,DB+COMMUNICATE
1833,14671,telecom_28,0.0,0.0,,DB+COMMUNICATE
1834,14677,telecom_42,0.0,1.0,,DB+COMMUNICATE
1834,14678,telecom_42,0.0,0.0,,DB+COMMUNICATE
1874,14993,telecom_65,0.0,0.0,,DB+COMMUNICATE
1824,14599,telecom_97,0.0,0.0,,ENV_ASSERTION
1834,14676,telecom_42,0.0,0.0,,DB+COMMUNICATE
1846,14770,telecom_129,0.0,0.0,,DB+COMMUNICATE
1718,13750,telecom_256,0.0,0.0,,DB+COMMUNICATE
1892,15139,telecom_35,1.0,1.0,,DB+COMMUNICATE
1874,14997,telecom_65,0.0,0.0,,DB+COMMUNICATE
1820,14560,telecom_171,1.0,1.0,,DB+COMMUNICATE
1874,14998,telecom_65,1.0,1.0,,DB+COMMUNICATE
1899,15197,telecom_202,0.0,0.0,,ENV_ASSERTION
1892,15141,telecom_35,1.0,1.0,,DB+COMMUNICATE
1834,14672,telecom_42,0.0,1.0,,DB+COMMUNICATE
1874,14995,telecom_65,0.0,0.0,,DB+COMMUNICATE
1892,15136,telecom_35,1.0,1.0,,DB+COMMUNICATE
1793,14347,telecom_151,0.0,0.0,,DB+COMMUNICATE
1856,14850,telecom_207,1.0,1.0,,ENV_ASSERTION
1892,15140,telecom_35,1.0,1.0,,DB+COMMUNICATE
1820,14564,telecom_171,1.0,1.0,,DB+COMMUNICATE
1840,14721,telecom_81,0.0,1.0,,DB+COMMUNICATE
1892,15138,telecom_35,1.0,1.0,,DB+COMMUNICATE
1892,15142,telecom_35,1.0,1.0,,DB+COMMUNICATE
1833,14666,telecom_28,0.0,1.0,,DB+COMMUNICATE
1834,14674,telecom_42,0.0,0.0,,DB+COMMUNICATE
1926,15412,telecom_68,0.0,0.0,,DB+COMMUNICATE
1926,15408,telecom_68,0.0,0.0,,DB+COMMUNICATE
1892,15143,telecom_35,1.0,1.0,,DB+COMMUNICATE
1926,15414,telecom_68,0.0,0.0,,DB+COMMUNICATE
1450,11600,telecom_225,0.0,0.0,,DB+COMMUNICATE
1840,14724,telecom_81,0.0,0.0,,DB+COMMUNICATE
1926,15415,telecom_68,0.0,0.0,,DB+COMMUNICATE
1762,14097,telecom_75,1.0,1.0,,DB+COMMUNICATE
1752,14022,telecom_208,0.0,1.0,,DB+COMMUNICATE
1856,14848,telecom_207,1.0,1.0,,ENV_ASSERTION
1874,14999,telecom_65,0.0,0.0,,DB+COMMUNICATE
1833,14665,telecom_28,0.0,0.0,,DB+COMMUNICATE
1833,14668,telecom_28,0.0,1.0,,DB+COMMUNICATE
1820,14565,telecom_171,1.0,1.0,,DB+COMMUNICATE
1926,15410,telecom_68,0.0,0.0,,DB+COMMUNICATE
1892,15137,telecom_35,1.0,1.0,,DB+COMMUNICATE
1834,14675,telecom_42,0.0,0.0,,DB+COMMUNICATE
1874,14996,telecom_65,0.0,0.0,,DB+COMMUNICATE
1874,14994,telecom_65,0.0,0.0,,DB+COMMUNICATE
1824,14593,telecom_97,1.0,1.0,,ENV_ASSERTION
1718,13747,telecom_256,0.0,0.0,,DB+COMMUNICATE
1944,15555,telecom_168,1.0,1.0,,ENV_ASSERTION
1944,15558,telecom_168,1.0,1.0,,ENV_ASSERTION
1932,15458,telecom_190,1.0,1.0,,DB+COMMUNICATE
1944,15557,telecom_168,1.0,1.0,,ENV_ASSERTION
1833,14664,telecom_28,0.0,0.0,,DB+COMMUNICATE
1899,15196,telecom_202,0.0,0.0,,ENV_ASSERTION
1949,15594,telecom_191,0.0,0.0,,DB+COMMUNICATE
1932,15462,telecom_190,1.0,1.0,,DB+COMMUNICATE
1833,14670,telecom_28,0.0,0.0,,DB+COMMUNICATE
1932,15457,telecom_190,1.0,1.0,,DB+COMMUNICATE
1944,15553,telecom_168,1.0,1.0,,ENV_ASSERTION
1840,14720,telecom_81,0.0,0.0,,DB+COMMUNICATE
1684,13476,telecom_47,0.0,0.0,,DB+COMMUNICATE
1926,15411,telecom_68,0.0,1.0,,DB+COMMUNICATE
1932,15463,telecom_190,1.0,1.0,,DB+COMMUNICATE
1949,15598,telecom_191,0.0,0.0,,DB+COMMUNICATE
1926,15409,telecom_68,0.0,1.0,,DB+COMMUNICATE
1949,15595,telecom_191,0.0,0.0,,DB+COMMUNICATE
1932,15456,telecom_190,1.0,1.0,,DB+COMMUNICATE
1932,15459,telecom_190,1.0,1.0,,DB+COMMUNICATE
1926,15413,telecom_68,0.0,1.0,,DB+COMMUNICATE
1944,15559,telecom_168,1.0,1.0,,ENV_ASSERTION
1911,15291,telecom_206,0.0,1.0,,DB+COMMUNICATE
1846,14769,telecom_129,0.0,0.0,,DB+COMMUNICATE
1899,15195,telecom_202,1.0,1.0,,ENV_ASSERTION
1944,15556,telecom_168,1.0,1.0,,ENV_ASSERTION
1949,15597,telecom_191,0.0,0.0,,DB+COMMUNICATE
1911,15288,telecom_206,0.0,0.0,,DB+COMMUNICATE
1992,15938,telecom_93,0.0,0.0,,DB+COMMUNICATE
1925,15403,telecom_40,0.0,0.0,,DB+COMMUNICATE
1932,15460,telecom_190,1.0,1.0,,DB+COMMUNICATE
1992,15940,telecom_93,0.0,0.0,,DB+COMMUNICATE
1899,15192,telecom_202,1.0,1.0,,ENV_ASSERTION
1973,15791,telecom_46,1.0,1.0,,ENV_ASSERTION
1790,14327,telecom_197,0.0,0.0,,DB+COMMUNICATE
1944,15552,telecom_168,1.0,1.0,,ENV_ASSERTION
1899,15199,telecom_202,0.0,0.0,,ENV_ASSERTION
1925,15400,telecom_40,0.0,0.0,,DB+COMMUNICATE
1755,14045,telecom_197,0.0,0.0,,DB+COMMUNICATE
1925,15407,telecom_40,0.0,0.0,,DB+COMMUNICATE
1856,14853,telecom_207,1.0,1.0,,ENV_ASSERTION
1992,15936,telecom_93,0.0,0.0,,DB+COMMUNICATE
1949,15596,telecom_191,0.0,0.0,,DB+COMMUNICATE
1925,15406,telecom_40,0.0,0.0,,DB+COMMUNICATE
1911,15294,telecom_206,0.0,1.0,,DB+COMMUNICATE
1973,15784,telecom_46,1.0,1.0,,ENV_ASSERTION
1899,15193,telecom_202,1.0,1.0,,ENV_ASSERTION
1925,15405,telecom_40,0.0,0.0,,DB+COMMUNICATE
1973,15790,telecom_46,1.0,1.0,,ENV_ASSERTION
1992,15939,telecom_93,0.0,0.0,,DB+COMMUNICATE
1944,15554,telecom_168,1.0,1.0,,ENV_ASSERTION
1899,15198,telecom_202,1.0,1.0,,ENV_ASSERTION
1911,15292,telecom_206,0.0,0.0,,DB+COMMUNICATE
1911,15295,telecom_206,0.0,1.0,,DB+COMMUNICATE
1973,15788,telecom_46,1.0,1.0,,ENV_ASSERTION
1943,15546,telecom_89,0.0,0.0,,ENV_ASSERTION+ACTION
1973,15787,telecom_46,1.0,1.0,,ENV_ASSERTION
1992,15937,telecom_93,0.0,0.0,,DB+COMMUNICATE
1911,15293,telecom_206,0.0,1.0,,DB+COMMUNICATE
1973,15786,telecom_46,1.0,1.0,,ENV_ASSERTION
1949,15593,telecom_191,0.0,0.0,,DB+COMMUNICATE
1971,15774,telecom_21,1.0,1.0,,DB+COMMUNICATE
1973,15789,telecom_46,1.0,1.0,,ENV_ASSERTION
1925,15401,telecom_40,0.0,0.0,,DB+COMMUNICATE
1992,15941,telecom_93,0.0,1.0,,DB+COMMUNICATE
1899,15194,telecom_202,0.0,0.0,,ENV_ASSERTION
1911,15289,telecom_206,0.0,1.0,,DB+COMMUNICATE
1973,15785,telecom_46,1.0,1.0,,ENV_ASSERTION
1943,15549,telecom_89,0.0,0.0,,ENV_ASSERTION+ACTION
1971,15771,telecom_21,1.0,1.0,,DB+COMMUNICATE
1971,15768,telecom_21,1.0,1.0,,DB+COMMUNICATE
1949,15592,telecom_191,1.0,1.0,,DB+COMMUNICATE
1971,15770,telecom_21,1.0,1.0,,DB+COMMUNICATE
1943,15544,telecom_89,0.0,0.0,,ENV_ASSERTION+ACTION
1911,15290,telecom_206,0.0,0.0,,DB+COMMUNICATE
1953,15626,telecom_138,0.0,1.0,,DB+COMMUNICATE
1989,15915,telecom_253,0.0,1.0,,DB+COMMUNICATE
1953,15630,telecom_138,0.0,0.0,,DB+COMMUNICATE
1953,15624,telecom_138,0.0,1.0,,DB+COMMUNICATE
1949,15599,telecom_191,0.0,0.0,,DB+COMMUNICATE
1932,15461,telecom_190,0.0,0.0,,DB+COMMUNICATE
2011,16089,telecom_135,0.0,0.0,,DB+COMMUNICATE
1971,15773,telecom_21,0.0,0.0,,DB+COMMUNICATE
1971,15775,telecom_21,1.0,1.0,,DB+COMMUNICATE
1992,15943,telecom_93,0.0,1.0,,DB+COMMUNICATE
2011,16093,telecom_135,0.0,1.0,,DB+COMMUNICATE
2011,16088,telecom_135,0.0,1.0,,DB+COMMUNICATE
1989,15913,telecom_253,0.0,1.0,,DB+COMMUNICATE
1989,15919,telecom_253,0.0,0.0,,DB+COMMUNICATE
1989,15912,telecom_253,0.0,0.0,,DB+COMMUNICATE
1953,15625,telecom_138,0.0,0.0,,DB+COMMUNICATE
2041,16334,telecom_256,0.0,0.0,,DB+COMMUNICATE
1992,15942,telecom_93,0.0,1.0,,DB+COMMUNICATE
1943,15550,telecom_89,0.0,0.0,,ENV_ASSERTION+ACTION
1846,14772,telecom_129,0.0,0.0,,DB+COMMUNICATE
2011,16094,telecom_135,0.0,0.0,,DB+COMMUNICATE
1953,15628,telecom_138,0.0,0.0,,DB+COMMUNICATE
1846,14774,telecom_129,0.0,0.0,,DB+COMMUNICATE
1953,15627,telecom_138,0.0,0.0,,DB+COMMUNICATE
2072,16580,telecom_220,1.0,1.0,,ENV_ASSERTION
1943,15551,telecom_89,0.0,0.0,,ENV_ASSERTION+ACTION
2041,16335,telecom_256,0.0,0.0,,DB+COMMUNICATE
1971,15769,telecom_21,1.0,1.0,,DB+COMMUNICATE
2072,16577,telecom_220,0.0,0.0,,ENV_ASSERTION
2048,16384,telecom_158,0.0,0.0,,ENV_ASSERTION
2011,16092,telecom_135,0.0,0.0,,DB+COMMUNICATE
2072,16579,telecom_220,1.0,1.0,,ENV_ASSERTION
1989,15917,telecom_253,0.0,1.0,,DB+COMMUNICATE
2072,16583,telecom_220,1.0,1.0,,ENV_ASSERTION
1846,14773,telecom_129,0.0,1.0,,DB+COMMUNICATE
2011,16090,telecom_135,0.0,0.0,,DB+COMMUNICATE
2063,16508,telecom_226,0.0,0.0,,DB+COMMUNICATE
2041,16332,telecom_256,0.0,0.0,,DB+COMMUNICATE
2072,16582,telecom_220,1.0,1.0,,ENV_ASSERTION
2072,16578,telecom_220,1.0,1.0,,ENV_ASSERTION
2078,16624,telecom_66,0.0,1.0,,DB+COMMUNICATE
2048,16387,telecom_158,0.0,0.0,,ENV_ASSERTION
2072,16576,telecom_220,1.0,1.0,,ENV_ASSERTION
2078,16626,telecom_66,0.0,1.0,,DB+COMMUNICATE
2078,16629,telecom_66,0.0,0.0,,DB+COMMUNICATE
2078,16625,telecom_66,0.0,1.0,,DB+COMMUNICATE
2072,16581,telecom_220,1.0,1.0,,ENV_ASSERTION
2078,16631,telecom_66,0.0,1.0,,DB+COMMUNICATE
2041,16328,telecom_256,0.0,1.0,,DB+COMMUNICATE
2041,16331,telecom_256,0.0,0.0,,DB+COMMUNICATE
2048,16388,telecom_158,1.0,1.0,,ENV_ASSERTION
1989,15916,telecom_253,0.0,1.0,,DB+COMMUNICATE
2011,16095,telecom_135,0.0,0.0,,DB+COMMUNICATE
2078,16627,telecom_66,0.0,1.0,,DB+COMMUNICATE
2063,16509,telecom_226,0.0,0.0,,DB+COMMUNICATE
1833,14669,telecom_28,0.0,1.0,,DB+COMMUNICATE
2063,16505,telecom_226,0.0,0.0,,DB+COMMUNICATE
2048,16385,telecom_158,1.0,1.0,,ENV_ASSERTION
2139,17113,telecom_85,0.0,0.0,,DB+COMMUNICATE
2078,16630,telecom_66,0.0,1.0,,DB+COMMUNICATE
2041,16329,telecom_256,0.0,0.0,,DB+COMMUNICATE
1953,15629,telecom_138,0.0,0.0,,DB+COMMUNICATE
2048,16390,telecom_158,1.0,1.0,,ENV_ASSERTION
2063,16506,telecom_226,0.0,0.0,,DB+COMMUNICATE
2048,16389,telecom_158,0.0,0.0,,ENV_ASSERTION
1953,15631,telecom_138,0.0,0.0,,DB+COMMUNICATE
2097,16779,telecom_266,0.0,0.0,,DB+COMMUNICATE
2106,16849,telecom_175,0.0,1.0,,DB+COMMUNICATE
2150,17207,telecom_233,1.0,1.0,,DB+COMMUNICATE
2097,16780,telecom_266,0.0,0.0,,DB+COMMUNICATE
2135,17085,telecom_270,1.0,1.0,,DB+COMMUNICATE
2106,16851,telecom_175,0.0,1.0,,DB+COMMUNICATE
2135,17087,telecom_270,1.0,1.0,,DB+COMMUNICATE
2063,16507,telecom_226,0.0,0.0,,DB+COMMUNICATE
1925,15402,telecom_40,0.0,0.0,,DB+COMMUNICATE
2135,17081,telecom_270,1.0,1.0,,DB+COMMUNICATE
2132,17057,telecom_124,0.0,1.0,,DB+COMMUNICATE
2117,16943,telecom_167,0.0,1.0,,DB+COMMUNICATE
2097,16777,telecom_266,0.0,0.0,,DB+COMMUNICATE
2117,16942,telecom_167,0.0,1.0,,DB+COMMUNICATE
2106,16852,telecom_175,0.0,0.0,,DB+COMMUNICATE
2135,17083,telecom_270,1.0,1.0,,DB+COMMUNICATE
2150,17202,telecom_233,0.0,0.0,,DB+COMMUNICATE
2117,16937,telecom_167,0.0,1.0,,DB+COMMUNICATE
2117,16941,telecom_167,0.0,1.0,,DB+COMMUNICATE
2135,17084,telecom_270,1.0,1.0,,DB+COMMUNICATE
2132,17059,telecom_124,0.0,1.0,,DB+COMMUNICATE
2063,16504,telecom_226,0.0,0.0,,DB+COMMUNICATE
2132,17063,telecom_124,0.0,1.0,,DB+COMMUNICATE
2106,16853,telecom_175,0.0,1.0,,DB+COMMUNICATE
2048,16391,telecom_158,1.0,1.0,,ENV_ASSERTION
2106,16854,telecom_175,0.0,1.0,,DB+COMMUNICATE
2097,16778,telecom_266,0.0,1.0,,DB+COMMUNICATE
2097,16782,telecom_266,0.0,0.0,,DB+COMMUNICATE
2117,16936,telecom_167,0.0,1.0,,DB+COMMUNICATE
2011,16091,telecom_135,0.0,0.0,,DB+COMMUNICATE
1971,15772,telecom_21,1.0,1.0,,DB+COMMUNICATE
2135,17080,telecom_270,1.0,1.0,,DB+COMMUNICATE
2135,17086,telecom_270,1.0,1.0,,DB+COMMUNICATE
2132,17058,telecom_124,0.0,0.0,,DB+COMMUNICATE
2106,16850,telecom_175,0.0,1.0,,DB+COMMUNICATE
2150,17201,telecom_233,0.0,0.0,,DB+COMMUNICATE
2063,16510,telecom_226,0.0,0.0,,DB+COMMUNICATE
2150,17200,telecom_233,0.0,0.0,,DB+COMMUNICATE
2117,16938,telecom_167,0.0,1.0,,DB+COMMUNICATE
2117,16939,telecom_167,0.0,0.0,,DB+COMMUNICATE
2106,16848,telecom_175,0.0,1.0,,DB+COMMUNICATE
2106,16855,telecom_175,0.0,1.0,,DB+COMMUNICATE
2097,16781,telecom_266,0.0,0.0,,DB+COMMUNICATE
2097,16776,telecom_266,0.0,0.0,,DB+COMMUNICATE
2150,17206,telecom_233,0.0,0.0,,DB+COMMUNICATE
2179,17434,telecom_165,0.0,0.0,,DB+COMMUNICATE
2189,17519,telecom_152,0.0,0.0,,DB+COMMUNICATE
2139,17114,telecom_85,0.0,1.0,,DB+COMMUNICATE
2078,16628,telecom_66,0.0,0.0,,DB+COMMUNICATE
2139,17118,telecom_85,0.0,0.0,,DB+COMMUNICATE
2186,17493,telecom_269,0.0,0.0,,ENV_ASSERTION+ACTION
2132,17056,telecom_124,0.0,1.0,,DB+COMMUNICATE
2132,17061,telecom_124,0.0,0.0,,DB+COMMUNICATE
2132,17060,telecom_124,0.0,0.0,,DB+COMMUNICATE
2189,17516,telecom_152,0.0,0.0,,DB+COMMUNICATE
2139,17117,telecom_85,0.0,1.0,,DB+COMMUNICATE
2183,17469,telecom_113,0.0,0.0,,DB+COMMUNICATE
2139,17112,telecom_85,0.0,0.0,,DB+COMMUNICATE
2139,17115,telecom_85,0.0,0.0,,DB+COMMUNICATE
2159,17277,telecom_113,1.0,1.0,,DB+COMMUNICATE
2159,17273,telecom_113,1.0,1.0,,DB+COMMUNICATE
2117,16940,telecom_167,0.0,1.0,,DB+COMMUNICATE
2159,17276,telecom_113,1.0,1.0,,DB+COMMUNICATE
1943,15547,telecom_89,0.0,0.0,,ENV_ASSERTION+ACTION
1943,15548,telecom_89,0.0,0.0,,ENV_ASSERTION+ACTION
2132,17062,telecom_124,0.0,0.0,,DB+COMMUNICATE
2169,17353,telecom_187,0.0,1.0,,DB+COMMUNICATE
1989,15914,telecom_253,0.0,0.0,,DB+COMMUNICATE
2159,17278,telecom_113,1.0,1.0,,DB+COMMUNICATE
2169,17354,telecom_187,0.0,1.0,,DB+COMMUNICATE
2169,17356,telecom_187,0.0,0.0,,DB+COMMUNICATE
2156,17255,telecom_32,0.0,0.0,,DB+COMMUNICATE
2156,17253,telecom_32,0.0,0.0,,DB+COMMUNICATE
2169,17358,telecom_187,0.0,0.0,,DB+COMMUNICATE
2169,17352,telecom_187,0.0,0.0,,DB+COMMUNICATE
2063,16511,telecom_226,0.0,0.0,,DB+COMMUNICATE
2179,17438,telecom_165,1.0,1.0,,DB+COMMUNICATE
2183,17471,telecom_113,1.0,1.0,,DB+COMMUNICATE
2159,17274,telecom_113,1.0,1.0,,DB+COMMUNICATE
1943,15545,telecom_89,1.0,1.0,,ENV_ASSERTION+ACTION
2097,16783,telecom_266,0.0,1.0,,DB+COMMUNICATE
2135,17082,telecom_270,1.0,1.0,,DB+COMMUNICATE
2183,17468,telecom_113,1.0,1.0,,DB+COMMUNICATE
2179,17439,telecom_165,1.0,1.0,,DB+COMMUNICATE
2159,17279,telecom_113,1.0,1.0,,DB+COMMUNICATE
2150,17205,telecom_233,0.0,0.0,,DB+COMMUNICATE
2169,17355,telecom_187,0.0,1.0,,DB+COMMUNICATE
2156,17254,telecom_32,0.0,1.0,,DB+COMMUNICATE
2183,17466,telecom_113,1.0,1.0,,DB+COMMUNICATE
2179,17435,telecom_165,1.0,1.0,,DB+COMMUNICATE
2179,17433,telecom_165,1.0,1.0,,DB+COMMUNICATE
2156,17252,telecom_32,0.0,1.0,,DB+COMMUNICATE
2156,17251,telecom_32,0.0,0.0,,DB+COMMUNICATE
2186,17495,telecom_269,0.0,0.0,,ENV_ASSERTION+ACTION
2159,17272,telecom_113,1.0,1.0,,DB+COMMUNICATE
2189,17515,telecom_152,1.0,1.0,,DB+COMMUNICATE
2203,17629,telecom_247,1.0,1.0,,DB+COMMUNICATE
2180,17441,telecom_123,0.0,1.0,,DB+COMMUNICATE
2180,17445,telecom_123,0.0,0.0,,DB+COMMUNICATE
2156,17249,telecom_32,0.0,0.0,,DB+COMMUNICATE
2179,17436,telecom_165,1.0,1.0,,DB+COMMUNICATE
2179,17432,telecom_165,1.0,1.0,,DB+COMMUNICATE
2150,17204,telecom_233,0.0,0.0,,DB+COMMUNICATE
2183,17465,telecom_113,0.0,0.0,,DB+COMMUNICATE
2180,17446,telecom_123,0.0,1.0,,DB+COMMUNICATE
2169,17357,telecom_187,0.0,1.0,,DB+COMMUNICATE
2186,17492,telecom_269,0.0,0.0,,ENV_ASSERTION+ACTION
2203,17625,telecom_247,0.0,0.0,,DB+COMMUNICATE
2179,17437,telecom_165,1.0,1.0,,DB+COMMUNICATE
2234,17879,telecom_267,0.0,0.0,,ENV_ASSERTION+ACTION
2189,17517,telecom_152,1.0,1.0,,DB+COMMUNICATE
2234,17874,telecom_267,0.0,0.0,,ENV_ASSERTION+ACTION
2139,17116,telecom_85,0.0,0.0,,DB+COMMUNICATE
2186,17490,telecom_269,0.0,0.0,,ENV_ASSERTION+ACTION
2211,17690,telecom_150,0.0,0.0,,DB+COMMUNICATE
2234,17875,telecom_267,0.0,0.0,,ENV_ASSERTION+ACTION
2211,17695,telecom_150,0.0,0.0,,DB+COMMUNICATE
2203,17624,telecom_247,1.0,1.0,,DB+COMMUNICATE
2189,17518,telecom_152,1.0,1.0,,DB+COMMUNICATE
2180,17444,telecom_123,0.0,1.0,,DB+COMMUNICATE
2186,17488,telecom_269,0.0,0.0,,ENV_ASSERTION+ACTION
2139,17119,telecom_85,0.0,1.0,,DB+COMMUNICATE
2211,17689,telecom_150,0.0,0.0,,DB+COMMUNICATE
2169,17359,telecom_187,0.0,1.0,,DB+COMMUNICATE
2189,17514,telecom_152,1.0,1.0,,DB+COMMUNICATE
2211,17688,telecom_150,0.0,0.0,,DB+COMMUNICATE
2211,17692,telecom_150,0.0,0.0,,DB+COMMUNICATE
2234,17872,telecom_267,0.0,0.0,,ENV_ASSERTION+ACTION
2222,17778,telecom_26,0.0,1.0,,DB+COMMUNICATE
2156,17250,telecom_32,0.0,0.0,,DB+COMMUNICATE
2189,17513,telecom_152,1.0,1.0,,DB+COMMUNICATE
2211,17691,telecom_150,0.0,0.0,,DB+COMMUNICATE
2180,17440,telecom_123,0.0,1.0,,DB+COMMUNICATE
2211,17694,telecom_150,0.0,0.0,,DB+COMMUNICATE
2183,17467,telecom_113,0.0,0.0,,DB+COMMUNICATE
2254,18036,telecom_5,0.0,0.0,,DB+COMMUNICATE
2254,18037,telecom_5,0.0,0.0,,DB+COMMUNICATE
2189,17512,telecom_152,1.0,1.0,,DB+COMMUNICATE
2186,17494,telecom_269,1.0,1.0,,ENV_ASSERTION+ACTION
2222,17779,telecom_26,0.0,1.0,,DB+COMMUNICATE
2183,17470,telecom_113,1.0,1.0,,DB+COMMUNICATE
2222,17781,telecom_26,0.0,1.0,,DB+COMMUNICATE
2203,17630,telecom_247,1.0,1.0,,DB+COMMUNICATE
2261,18088,telecom_255,0.0,0.0,,DB+COMMUNICATE
2254,18039,telecom_5,0.0,0.0,,DB+COMMUNICATE
2212,17701,telecom_78,0.0,0.0,,ENV_ASSERTION
2180,17443,telecom_123,0.0,1.0,,DB+COMMUNICATE
2249,17999,telecom_225,0.0,0.0,,DB+COMMUNICATE
2234,17878,telecom_267,0.0,0.0,,ENV_ASSERTION+ACTION
2222,17782,telecom_26,0.0,1.0,,DB+COMMUNICATE
2203,17626,telecom_247,1.0,1.0,,DB+COMMUNICATE
2212,17698,telecom_78,0.0,0.0,,ENV_ASSERTION
2261,18090,telecom_255,1.0,1.0,,DB+COMMUNICATE
2254,18035,telecom_5,0.0,0.0,,DB+COMMUNICATE
2249,17992,telecom_225,0.0,0.0,,DB+COMMUNICATE
2150,17203,telecom_233,0.0,0.0,,DB+COMMUNICATE
2234,17877,telecom_267,0.0,0.0,,ENV_ASSERTION+ACTION
2180,17442,telecom_123,0.0,0.0,,DB+COMMUNICATE
2156,17248,telecom_32,0.0,0.0,,DB+COMMUNICATE
2212,17700,telecom_78,1.0,1.0,,ENV_ASSERTION
1989,15918,telecom_253,0.0,0.0,,DB+COMMUNICATE
2255,18047,telecom_165,1.0,1.0,,DB+COMMUNICATE
2261,18095,telecom_255,1.0,1.0,,DB+COMMUNICATE
2255,18044,telecom_165,1.0,1.0,,DB+COMMUNICATE
2261,18091,telecom_255,1.0,1.0,,DB+COMMUNICATE
2255,18046,telecom_165,1.0,1.0,,DB+COMMUNICATE
2254,18033,telecom_5,1.0,1.0,,DB+COMMUNICATE
2254,18038,telecom_5,0.0,0.0,,DB+COMMUNICATE
2222,17777,telecom_26,0.0,1.0,,DB+COMMUNICATE
2261,18093,telecom_255,1.0,1.0,,DB+COMMUNICATE
2234,17873,telecom_267,0.0,0.0,,ENV_ASSERTION+ACTION
2261,18094,telecom_255,1.0,1.0,,DB+COMMUNICATE
2211,17693,telecom_150,0.0,0.0,,DB+COMMUNICATE
2308,18466,telecom_130,0.0,0.0,,DB+COMMUNICATE
2255,18045,telecom_165,1.0,1.0,,DB+COMMUNICATE
2041,16333,telecom_256,0.0,0.0,,DB+COMMUNICATE
2254,18032,telecom_5,0.0,0.0,,DB+COMMUNICATE
2255,18040,telecom_165,1.0,1.0,,DB+COMMUNICATE
2255,18042,telecom_165,1.0,1.0,,DB+COMMUNICATE
2249,17996,telecom_225,0.0,0.0,,DB+COMMUNICATE
2278,18225,telecom_163,0.0,0.0,,DB+COMMUNICATE
2290,18324,telecom_106,1.0,1.0,,DB+COMMUNICATE
2222,17776,telecom_26,0.0,1.0,,DB+COMMUNICATE
2222,17780,telecom_26,0.0,0.0,,DB+COMMUNICATE
2261,18089,telecom_255,1.0,1.0,,DB+COMMUNICATE
2255,18041,telecom_165,0.0,0.0,,DB+COMMUNICATE
2318,18545,telecom_163,0.0,0.0,,DB+COMMUNICATE
2255,18043,telecom_165,1.0,1.0,,DB+COMMUNICATE
2308,18471,telecom_130,0.0,0.0,,DB+COMMUNICATE
2323,18589,telecom_76,0.0,0.0,,ENV_ASSERTION+ACTION
2290,18322,telecom_106,1.0,1.0,,DB+COMMUNICATE
2212,17702,telecom_78,1.0,1.0,,ENV_ASSERTION
2323,18587,telecom_76,0.0,0.0,,ENV_ASSERTION+ACTION
2212,17699,telecom_78,1.0,1.0,,ENV_ASSERTION
2212,17696,telecom_78,1.0,1.0,,ENV_ASSERTION
2290,18326,telecom_106,0.0,0.0,,DB+COMMUNICATE
2041,16330,telecom_256,0.0,0.0,,DB+COMMUNICATE
2290,18321,telecom_106,1.0,1.0,,DB+COMMUNICATE
2298,18388,telecom_128,0.0,0.0,,DB+COMMUNICATE
2222,17783,telecom_26,0.0,1.0,,DB+COMMUNICATE
2278,18230,telecom_163,0.0,1.0,,DB+COMMUNICATE
2212,17703,telecom_78,0.0,0.0,,ENV_ASSERTION
2186,17491,telecom_269,0.0,0.0,,ENV_ASSERTION+ACTION
2290,18327,telecom_106,1.0,1.0,,DB+COMMUNICATE
2159,17275,telecom_113,1.0,1.0,,DB+COMMUNICATE
2249,17994,telecom_225,0.0,0.0,,DB+COMMUNICATE
2186,17489,telecom_269,0.0,0.0,,ENV_ASSERTION+ACTION
1925,15404,telecom_40,0.0,0.0,,DB+COMMUNICATE
2278,18228,telecom_163,0.0,1.0,,DB+COMMUNICATE
2212,17697,telecom_78,0.0,0.0,,ENV_ASSERTION
2356,18851,telecom_111,0.0,0.0,,DB+COMMUNICATE
2278,18224,telecom_163,0.0,0.0,,DB+COMMUNICATE
2298,18384,telecom_128,0.0,0.0,,DB+COMMUNICATE
2318,18550,telecom_163,0.0,0.0,,DB+COMMUNICATE
2290,18320,telecom_106,1.0,1.0,,DB+COMMUNICATE
2290,18325,telecom_106,1.0,1.0,,DB+COMMUNICATE
2381,19054,telecom_239,0.0,0.0,,DB+COMMUNICATE
2381,19049,telecom_239,0.0,0.0,,DB+COMMUNICATE
2278,18226,telecom_163,0.0,1.0,,DB+COMMUNICATE
2318,18548,telecom_163,0.0,1.0,,DB+COMMUNICATE
2234,17876,telecom_267,0.0,0.0,,ENV_ASSERTION+ACTION
2278,18231,telecom_163,0.0,1.0,,DB+COMMUNICATE
2331,18655,telecom_265,0.0,1.0,,DB+COMMUNICATE
2318,18547,telecom_163,0.0,0.0,,DB+COMMUNICATE
2298,18387,telecom_128,0.0,0.0,,DB+COMMUNICATE
2356,18855,telecom_111,0.0,1.0,,DB+COMMUNICATE
2356,18853,telecom_111,0.0,1.0,,DB+COMMUNICATE
2363,18905,telecom_253,0.0,1.0,,DB+COMMUNICATE
2203,17631,telecom_247,1.0,1.0,,DB+COMMUNICATE
2331,18650,telecom_265,0.0,1.0,,DB+COMMUNICATE
2318,18544,telecom_163,0.0,0.0,,DB+COMMUNICATE
2308,18464,telecom_130,0.0,1.0,,DB+COMMUNICATE
2323,18590,telecom_76,0.0,0.0,,ENV_ASSERTION+ACTION
2308,18469,telecom_130,0.0,1.0,,DB+COMMUNICATE
2180,17447,telecom_123,0.0,1.0,,DB+COMMUNICATE
2356,18852,telecom_111,0.0,1.0,,DB+COMMUNICATE
2356,18848,telecom_111,0.0,1.0,,DB+COMMUNICATE
2298,18389,telecom_128,0.0,1.0,,DB+COMMUNICATE
2398,19187,telecom_210,1.0,1.0,,ENV_ASSERTION
2382,19060,telecom_190,1.0,1.0,,DB+COMMUNICATE
2382,19061,telecom_190,1.0,1.0,,DB+COMMUNICATE
2318,18551,telecom_163,0.0,1.0,,DB+COMMUNICATE
2278,18227,telecom_163,0.0,1.0,,DB+COMMUNICATE
2203,17627,telecom_247,1.0,1.0,,DB+COMMUNICATE
2417,19342,telecom_215,0.0,0.0,,DB+COMMUNICATE
2382,19056,telecom_190,1.0,1.0,,DB+COMMUNICATE
2356,18850,telecom_111,0.0,1.0,,DB+COMMUNICATE
2417,19339,telecom_215,0.0,0.0,,DB+COMMUNICATE
2382,19063,telecom_190,1.0,1.0,,DB+COMMUNICATE
2331,18648,telecom_265,0.0,0.0,,DB+COMMUNICATE
2323,18588,telecom_76,0.0,0.0,,ENV_ASSERTION+ACTION
2323,18586,telecom_76,1.0,1.0,,ENV_ASSERTION+ACTION
2261,18092,telecom_255,1.0,1.0,,DB+COMMUNICATE
2398,19185,telecom_210,1.0,1.0,,ENV_ASSERTION
2398,19188,telecom_210,1.0,1.0,,ENV_ASSERTION
2318,18549,telecom_163,0.0,1.0,,DB+COMMUNICATE
2331,18651,telecom_265,0.0,0.0,,DB+COMMUNICATE
2410,19284,telecom_2,1.0,1.0,,ENV_ASSERTION
2410,19282,telecom_2,1.0,1.0,,ENV_ASSERTION
2410,19285,telecom_2,1.0,1.0,,ENV_ASSERTION
2410,19283,telecom_2,1.0,1.0,,ENV_ASSERTION
2410,19287,telecom_2,1.0,1.0,,ENV_ASSERTION
2398,19184,telecom_210,1.0,1.0,,ENV_ASSERTION
2417,19340,telecom_215,0.0,0.0,,DB+COMMUNICATE
2363,18904,telecom_253,0.0,1.0,,DB+COMMUNICATE
2363,18911,telecom_253,0.0,1.0,,DB+COMMUNICATE
2298,18385,telecom_128,0.0,1.0,,DB+COMMUNICATE
2308,18468,telecom_130,0.0,0.0,,DB+COMMUNICATE
2363,18910,telecom_253,0.0,1.0,,DB+COMMUNICATE
2308,18470,telecom_130,0.0,0.0,,DB+COMMUNICATE
2290,18323,telecom_106,0.0,0.0,,DB+COMMUNICATE
2417,19341,telecom_215,0.0,0.0,,DB+COMMUNICATE
2382,19062,telecom_190,1.0,1.0,,DB+COMMUNICATE
2398,19189,telecom_210,1.0,1.0,,ENV_ASSERTION
2382,19059,telecom_190,1.0,1.0,,DB+COMMUNICATE
2323,18584,telecom_76,0.0,0.0,,ENV_ASSERTION+ACTION
2410,19281,telecom_2,1.0,1.0,,ENV_ASSERTION
2410,19280,telecom_2,1.0,1.0,,ENV_ASSERTION
2308,18467,telecom_130,0.0,0.0,,DB+COMMUNICATE
2254,18034,telecom_5,0.0,0.0,,DB+COMMUNICATE
2398,19190,telecom_210,1.0,1.0,,ENV_ASSERTION
2398,19191,telecom_210,1.0,1.0,,ENV_ASSERTION
2331,18654,telecom_265,0.0,1.0,,DB+COMMUNICATE
2382,19057,telecom_190,1.0,1.0,,DB+COMMUNICATE
2356,18854,telecom_111,0.0,1.0,,DB+COMMUNICATE
2412,19302,telecom_165,1.0,1.0,,DB+COMMUNICATE
2363,18909,telecom_253,0.0,1.0,,DB+COMMUNICATE
2410,19286,telecom_2,1.0,1.0,,ENV_ASSERTION
2418,19349,telecom_126,1.0,1.0,,ENV_ASSERTION
2421,19372,telecom_191,0.0,0.0,,DB+COMMUNICATE
2398,19186,telecom_210,1.0,1.0,,ENV_ASSERTION
2331,18653,telecom_265,0.0,0.0,,DB+COMMUNICATE
2331,18652,telecom_265,0.0,1.0,,DB+COMMUNICATE
2423,19389,telecom_155,0.0,1.0,,DB+COMMUNICATE
2048,16386,telecom_158,1.0,1.0,,ENV_ASSERTION
2418,19348,telecom_126,1.0,1.0,,ENV_ASSERTION
2412,19297,telecom_165,1.0,1.0,,DB+COMMUNICATE
2382,19058,telecom_190,1.0,1.0,,DB+COMMUNICATE
2356,18849,telecom_111,0.0,1.0,,DB+COMMUNICATE
2412,19303,telecom_165,1.0,1.0,,DB+COMMUNICATE
2381,19051,telecom_239,0.0,1.0,,DB+COMMUNICATE
2418,19347,telecom_126,1.0,1.0,,ENV_ASSERTION
2418,19344,telecom_126,0.0,0.0,,ENV_ASSERTION
2418,19345,telecom_126,1.0,1.0,,ENV_ASSERTION
2183,17464,telecom_113,1.0,1.0,,DB+COMMUNICATE
2421,19374,telecom_191,0.0,0.0,,DB+COMMUNICATE
2308,18465,telecom_130,0.0,0.0,,DB+COMMUNICATE
2418,19346,telecom_126,1.0,1.0,,ENV_ASSERTION
2418,19350,telecom_126,0.0,0.0,,ENV_ASSERTION
2418,19351,telecom_126,1.0,1.0,,ENV_ASSERTION
2412,19298,telecom_165,1.0,1.0,,DB+COMMUNICATE
2412,19296,telecom_165,0.0,0.0,,DB+COMMUNICATE
2381,19055,telecom_239,0.0,1.0,,DB+COMMUNICATE
2421,19370,telecom_191,1.0,1.0,,DB+COMMUNICATE
2331,18649,telecom_265,0.0,0.0,,DB+COMMUNICATE
2412,19299,telecom_165,0.0,0.0,,DB+COMMUNICATE
2423,19387,telecom_155,0.0,1.0,,DB+COMMUNICATE
2278,18229,telecom_163,0.0,0.0,,DB+COMMUNICATE
2412,19301,telecom_165,1.0,1.0,,DB+COMMUNICATE
2423,19386,telecom_155,0.0,0.0,,DB+COMMUNICATE
2323,18585,telecom_76,1.0,1.0,,ENV_ASSERTION+ACTION
2421,19368,telecom_191,1.0,1.0,,DB+COMMUNICATE
2381,19048,telecom_239,0.0,0.0,,DB+COMMUNICATE
2298,18391,telecom_128,0.0,0.0,,DB+COMMUNICATE
2421,19373,telecom_191,0.0,0.0,,DB+COMMUNICATE
2412,19300,telecom_165,0.0,0.0,,DB+COMMUNICATE
2484,19877,telecom_134,1.0,1.0,,ENV_ASSERTION
2423,19385,telecom_155,0.0,1.0,,DB+COMMUNICATE
2203,17628,telecom_247,1.0,1.0,,DB+COMMUNICATE
2298,18390,telecom_128,0.0,0.0,,DB+COMMUNICATE
2423,19388,telecom_155,0.0,1.0,,DB+COMMUNICATE
2484,19876,telecom_134,1.0,1.0,,ENV_ASSERTION
2381,19052,telecom_239,0.0,1.0,,DB+COMMUNICATE
2484,19872,telecom_134,1.0,1.0,,ENV_ASSERTION
2421,19371,telecom_191,0.0,0.0,,DB+COMMUNICATE
2484,19875,telecom_134,1.0,1.0,,ENV_ASSERTION
2484,19873,telecom_134,1.0,1.0,,ENV_ASSERTION
2423,19390,telecom_155,0.0,1.0,,DB+COMMUNICATE
2484,19878,telecom_134,1.0,1.0,,ENV_ASSERTION
2484,19879,telecom_134,1.0,1.0,,ENV_ASSERTION
2455,19644,telecom_176,0.0,1.0,,DB+COMMUNICATE
2484,19874,telecom_134,1.0,1.0,,ENV_ASSERTION
2249,17998,telecom_225,0.0,0.0,,DB+COMMUNICATE
2456,19649,telecom_131,0.0,0.0,,DB+COMMUNICATE
2472,19776,telecom_189,0.0,0.0,,DB+COMMUNICATE
2472,19781,telecom_189,1.0,1.0,,DB+COMMUNICATE
2318,18546,telecom_163,0.0,1.0,,DB+COMMUNICATE
2249,17997,telecom_225,0.0,1.0,,DB+COMMUNICATE
2423,19384,telecom_155,0.0,0.0,,DB+COMMUNICATE
2417,19338,telecom_215,0.0,1.0,,DB+COMMUNICATE
2363,18907,telecom_253,0.0,0.0,,DB+COMMUNICATE
2472,19777,telecom_189,1.0,1.0,,DB+COMMUNICATE
2455,19646,telecom_176,0.0,0.0,,DB+COMMUNICATE
2417,19336,telecom_215,0.0,1.0,,DB+COMMUNICATE
2421,19369,telecom_191,0.0,0.0,,DB+COMMUNICATE
2363,18908,telecom_253,0.0,1.0,,DB+COMMUNICATE
2456,19651,telecom_131,0.0,1.0,,DB+COMMUNICATE
2417,19343,telecom_215,0.0,0.0,,DB+COMMUNICATE
2381,19050,telecom_239,0.0,0.0,,DB+COMMUNICATE
2455,19641,telecom_176,0.0,0.0,,DB+COMMUNICATE
2455,19643,telecom_176,0.0,0.0,,DB+COMMUNICATE
2417,19337,telecom_215,0.0,0.0,,DB+COMMUNICATE
2298,18386,telecom_128,0.0,0.0,,DB+COMMUNICATE
2455,19640,telecom_176,0.0,1.0,,DB+COMMUNICATE
2456,19654,telecom_131,0.0,0.0,,DB+COMMUNICATE
2472,19780,telecom_189,0.0,0.0,,DB+COMMUNICATE
2455,19645,telecom_176,0.0,0.0,,DB+COMMUNICATE
2249,17993,telecom_225,0.0,1.0,,DB+COMMUNICATE
2456,19648,telecom_131,0.0,0.0,,DB+COMMUNICATE
2381,19053,telecom_239,0.0,0.0,,DB+COMMUNICATE
2455,19642,telecom_176,0.0,0.0,,DB+COMMUNICATE
2472,19779,telecom_189,1.0,1.0,,DB+COMMUNICATE
2423,19391,telecom_155,0.0,0.0,,DB+COMMUNICATE
2456,19653,telecom_131,0.0,0.0,,DB+COMMUNICATE
2323,18591,telecom_76,0.0,0.0,,ENV_ASSERTION+ACTION
2455,19647,telecom_176,0.0,1.0,,DB+COMMUNICATE
2363,18906,telecom_253,0.0,0.0,,DB+COMMUNICATE
2472,19783,telecom_189,0.0,0.0,,DB+COMMUNICATE
2456,19650,telecom_131,0.0,1.0,,DB+COMMUNICATE
2472,19782,telecom_189,1.0,1.0,,DB+COMMUNICATE
2456,19655,telecom_131,0.0,0.0,,DB+COMMUNICATE
2456,19652,telecom_131,0.0,0.0,,DB+COMMUNICATE
2249,17995,telecom_225,0.0,1.0,,DB+COMMUNICATE
2472,19778,telecom_189,0.0,0.0,,DB+COMMUNICATE
2421,19375,telecom_191,0.0,0.0,,DB+COMMUNICATE
