update,rollout/producer_wait_seconds,rollout/producer_duration_seconds,rollout/ready_wait_seconds,rollout/lag_wait_seconds,rollout/sync_barrier_seconds,rollout/policy_lag_max,rollout/policy_lag_mean,rollout/zero_variance_group_rate,rollout/inflight_trajectories,rollout/ready_groups,rollout/buffered_groups,rollout/filtered_groups_total,rollout/filtered_groups/official_outcome_all_one,rollout/filtered_groups/official_outcome_all_zero,rollout/timing/agent_active_seconds_mean,rollout/timing/dump_seconds_mean,rollout/timing/simulation_seconds_mean,rollout/timing/evaluate_seconds_mean,rollout/timing/pack_seconds_mean,rollout/timing/thread_cpu_seconds_mean,rollout/timing/user_calls_mean,rollout/timing/agent_wait_seconds_mean,rollout/timing/step_active_seconds_mean,rollout/timing/step_wait_seconds_mean,rollout/timing/progress_seconds_mean,rollout/timing/tokenize_seconds_mean,rollout/timing/setup_seconds_mean,rollout/timing/wall_seconds_mean,rollout/timing/user_seconds_mean,rollout/trained_groups_airline,rollout/trained_groups_retail,rollout/trained_groups_telecom,rollout/trained_groups_banking,rollout/trained_groups_banking_knowledge,rollout/drawn_groups_retail,rollout/drawn_groups_airline,rollout/drawn_groups_banking,rollout/drawn_groups_telecom,rollout/response_len/mean,rollout/response_len/median,rollout/response_len/max,rollout/response_len/min,rollout/prefix_cache_hit_rate,rollout/avg_cached_tokens_per_sample,rollout/repetition_frac,rollout/truncated_ratio,perf/rollout_time,perf/non_generation_time/mean,perf/non_generation_time/median,perf/non_generation_time/max,perf/non_generation_time/min,perf/tokens_per_gpu_per_sec,perf/longest_sample_tokens_per_sec,perf/longest_sample_non_generation_time,perf/longest_sample_tokens_per_sec_without_non_generation,perf/effective_tokens_per_gpu_per_sec,perf/longest_effective_sample_tokens_per_sec,perf/longest_effective_sample_non_generation_time,perf/longest_effective_sample_tokens_per_sec_without_non_generation,train/loss,train/pg_loss,train/entropy_loss,train/pg_clipfrac,train/ppo_kl,train/train_rollout_logprob_abs_diff,train/kl_loss,train/ois,train/tis,train/tis_clipfrac,train/tis_abs,train/tis_weight,train/tis_weight_squared,train/grad_norm,train/lr-pg_0,train/lr-pg_1,train/global_batch_size,train/step,start,end,rollout/filtered_groups/removed_sample,rollout/filtered_groups/permanently_too_long
0,251.34901404380798,250.06170105934143,251.27041625976562,0.0,0.0007109642028808594,0,0.0,0.0,255,0,63,10,7,3,15.029755791649222,0.6253080999917984,103.70143380412492,4.9642733169696385,0.5800523092243566,2.07891372121875,5.1328125,2.7539074048399925,74.45658741891384,28.273764573037624,6.340218503589767,0.28612823318758274,12.667999027061342,130.41418458831754,54.25184904038906,8,4,0,4,0,18,37,12,6,1147.59375,1174.0,2924,127,0.0,0.0,0.0,0.0,250.06170105934143,112.00347796545248,109.24996128800558,230.65455641396693,38.23707092899713,331.2549115508477,48.20810203614212,114.30314400990028,88.79734922057072,97.90383691819422,11.693114089894614,130.43764780304627,24.443244651937306,-0.030702637508511543,-0.030702637508511543,0.3010343015193939,0.0,0.0,0.0064635565504431725,0.0,1.0,0.9999103546142578,0.0,0.006457339972257614,0.9999103546142578,1.0002347230911255,0.642840949111911,2e-06,2e-06,128,0,1790303421.127653,1790303497.076738,,
1,91.85897088050842,434.0150475502014,91.8531699180603,0.0,0.0008218288421630859,1,0.984375,0.0,250,0,69,16,12,4,19.980674240738153,0.6143951720478071,128.70646031389902,3.3140074052741966,0.32801386861547144,2.9287578072734375,6.5703125,4.3620707262307405,91.1107253935188,37.012648802250624,4.194461284364934,0.2279225665308786,4.791084097251769,141.7079881115635,63.242090087383986,11,4,0,1,0,28,45,17,11,1446.4609375,1423.0,3369,211,0.0,0.0,0.0,0.0,434.0150475502014,116.9867896103492,103.45856964298582,397.1477743519936,31.394217964989366,223.84861357930026,25.135073222866044,91.52660900304909,31.85217009448947,71.09853335157483,7.762403674748895,177.4277558939648,13.130034532316685,-0.06720800697803497,-0.06720800697803497,0.24293796718120575,0.0,0.0,0.0056167044676840305,0.00018550161621533334,0.9999999403953552,0.9999189972877502,0.0,0.005607109982520342,0.9999189972877502,1.0002063512802124,0.7364194292280921,2e-06,2e-06,128,1,1790303603.817474,1790303687.314694,,
2,55.41248059272766,412.0266377925873,55.408586502075195,0.0,0.0026404857635498047,2,1.6171875,0.0,256,0,69,27,18,8,19.400168545544147,0.5856851437958994,154.42306844981272,3.2790754807883786,0.2858231563843674,2.5824631347578126,6.5546875,7.385543579235673,92.34389563649893,61.588971918448806,1.8879821669090688,0.19416336453923577,1.9316962088444143,161.3807337403764,62.75138542428613,9,5,0,2,0,32,56,26,14,1461.09375,1383.5,5031,2,0.0,0.0,0.0,0.0,412.0266377925873,134.0085865635756,127.87640783951792,392.48408000104246,5.04919372999575,222.25140707067044,23.355286084304538,183.85030529403593,42.17352384722502,75.65044863844669,12.210375588707901,183.85030529403593,22.048737241545158,-0.05003600940108299,-0.05003600940108299,0.3217596709728241,0.0,0.0,0.007460711989551783,0.00021732723689638078,1.0,1.0001890659332275,0.0,0.007462489418685436,1.0001890659332275,1.000847578048706,0.9627012797855831,2e-06,2e-06,128,2,1790303753.116841,1790303831.213079,1,
3,109.26464176177979,448.9481716156006,109.26362895965576,0.0,0.0008149147033691406,2,1.4609375,0.0,252,0,71,41,24,16,15.994381070137024,0.23368622979592146,156.2117523013203,3.345718036740891,0.35191320789840574,2.430727608125,7.0,4.238488966599107,98.3485689740628,57.559043968096375,1.901024788136283,0.16696667805399557,2.1737063616246814,163.4769993560153,75.89508982561529,6,4,2,4,0,37,66,35,22,1301.4296875,1121.0,3647,81,0.0,0.0,0.0,0.0,448.9481716156006,143.0097074953128,129.16625300399028,407.6675645589712,12.788535628002137,210.0803001987085,26.45739698026927,94.02826893201564,33.46670589670867,61.84195657467861,8.123432125529721,286.8960413179884,22.505103717564264,-0.040371254086494446,-0.040371254086494446,0.3331601619720459,0.0,0.0,0.007182801607996225,0.00024063266755547374,1.0,0.999971330165863,0.0,0.007177112158387899,0.999971330165863,1.0003995895385742,0.6405972730637509,2e-06,2e-06,128,3,1790303942.889445,1790304023.273359,1,
4,54.209054708480835,810.5599739551544,54.20728039741516,0.0,0.0016391277313232422,4,2.0390625,0.0,256,0,70,50,29,20,13.986933069303632,0.35014513664191327,165.64431265028043,2.6248813914442053,0.16216253994525687,2.0693061335078125,7.34375,1.8653542008250952,111.31102740764618,53.876231238245964,1.7130269038468668,0.2950889551345881,2.7110213104529066,172.8892721069226,93.27634376473725,9,2,1,4,0,44,74,42,24,1527.6015625,1192.5,5134,101,0.0,0.0,0.0,0.0,810.5599739551544,157.14933994015928,127.27968324100948,777.3381902900001,22.356366458989214,111.11906528911562,13.974289829202306,105.67232267608051,16.069227456951857,40.20533258546562,6.3338928209697745,194.55021423802827,8.334283538555542,0.006626463960856199,0.006626463960856199,0.34190434217453003,0.0,0.0,0.007387678604573011,0.00026908217114396393,1.0,1.0000554323196411,0.0,0.007382739335298538,1.0000554323196411,1.0005991458892822,0.5998077064569854,2e-06,2e-06,128,4,1790304081.310065,1790304160.624596,1,
5,76.81086015701294,463.3165454864502,76.80997610092163,0.0,0.0007712841033935547,3,1.671875,0.0,251,0,76,56,34,20,9.050155691802502,0.3810576109760859,122.45809918092232,2.156216715609844,0.32774323484272827,1.8731721505703125,4.8515625,0.7651822287589312,66.25027821958065,55.84159917011857,1.35699144015598,0.1171377096688957,1.9343392925613898,128.08440690253065,54.938724065199494,7,5,0,4,0,47,91,49,25,1127.2890625,1072.0,2649,82,0.0,0.0,0.0,0.0,463.3165454864502,117.88739263337061,103.90111974997853,453.7986080030387,7.890384049969725,204.858861451508,24.06130346218345,76.66334870000719,28.832038872698842,51.90583752644475,5.717473346907424,139.459133962926,8.179525636107245,0.023657023906707764,0.023657023906707764,0.2878992557525635,0.0,0.0,0.006281618494540453,0.000255072140134871,1.0,0.9999561309814453,0.0,0.006281428039073944,0.9999561309814453,1.000320553779602,0.6206523358336034,2e-06,2e-06,128,5,1790304247.16431,1790304322.585656,2,
6,0.6150186061859131,972.1934382915497,0.6140129566192627,0.0,0.0009427070617675781,6,2.390625,0.0,250,0,71,60,37,21,14.518461314961314,0.28776798697799677,199.11773004975817,2.7416512882412007,0.24775958426562283,2.912744917265625,10.515625,1.6849418692290783,142.32985419221222,56.21226244606078,1.424722105756473,0.1332406232336325,2.302315586116947,205.50147976062385,123.9752549789846,7,5,3,1,0,51,99,51,26,1539.0546875,1488.0,3535,430,0.0,0.0,0.0,0.0,972.1934382915497,189.00913030127845,149.6980531639856,936.4590115170577,36.94129013697966,91.34138999750114,11.438052924468762,250.01315884501673,15.397817299195964,33.772257015399,3.6361076517982975,250.01315884501673,4.894899654015983,0.007403443101793528,0.007403443101793528,0.31929725408554077,0.0,0.0,0.00749750854447484,0.00031187685090117157,1.0,0.9999644160270691,0.0,0.007493822835385799,0.9999644160270691,1.0004304647445679,0.6034303870391831,2e-06,2e-06,128,6,1790304327.726178,1790304413.07625,2,
7,80.9668972492218,578.1230752468109,80.965824842453,0.0,0.0008947849273681641,5,2.0859375,0.0,253,0,72,74,44,25,12.88785594701767,0.23197793641429598,136.29626952365766,2.5994581420695795,0.308221473062531,1.9436890060156249,6.015625,2.9792149364948273,82.45769569091499,53.06148470379412,1.5427836817320895,0.3317237971650684,1.5572190261405012,142.2213049021084,64.67954364791512,8,2,1,5,0,62,115,55,26,1143.8359375,1008.5,3657,18,0.0,0.0,0.0,0.0,578.1230752468109,126.1216506557173,104.54616092749347,577.213757074991,21.576819406007417,149.7740481927096,21.844829484809022,66.1175009169965,24.665747080059877,42.20871710217718,6.325642681601599,137.98158639101894,8.308691847039624,-0.11441021412611008,-0.11441021412611008,0.3705950379371643,0.0,0.0,0.008187551982700825,0.000841507688164711,1.0,1.0002753734588623,0.0,0.0081720482558012,1.0002753734588623,1.0011029243469238,0.8424217931518685,2e-06,2e-06,128,7,1790304508.433633,1790304581.174811,5,
8,55.175634145736694,789.2825336456299,55.17411661148071,0.0,0.0013489723205566406,5,1.953125,0.0,250,0,70,85,47,30,20.8042534571141,0.8542666840387483,173.28615048883057,4.6093404422947515,0.4296699513040494,3.6405255093515625,7.7265625,14.014484819024801,115.1970587503165,57.05232318677008,2.864651246827407,0.26638687489321455,2.0516141595069257,182.86781512021003,76.79911364614964,11,4,1,0,0,66,129,60,28,1422.21875,1346.0,5586,502,0.0,0.0,0.0,0.0,789.2825336456299,147.83865686646777,122.63918284498504,725.1527657810657,46.08603987196693,99.02389828941084,12.439145149521403,280.3889969170559,19.292836892987655,38.44081855774214,7.077313587820997,280.3889969170559,10.976755641090756,0.005407441407442093,0.005407441407442093,0.3023664951324463,0.0,0.0,0.006846611388027668,0.0003767486778087914,1.0,1.0000474452972412,8.275953405245673e-06,0.006848101504147053,1.0000466108322144,1.000548005104065,0.5650424454789169,2e-06,2e-06,128,8,1790304681.843829,1790304757.365775,7,1
9,54.28949427604675,437.49187994003296,54.28784894943237,0.0,0.0014941692352294922,3,1.8046875,0.0,255,0,69,99,52,39,24.8168603181839,1.0318080335935065,177.84451606939137,4.589336190079166,0.4016363310777251,2.432668930828125,6.4765625,27.109115043655038,117.04107382334769,59.120308957993984,2.738980722646147,0.5887603191897597,1.7607037058594415,187.19911483239025,60.91027061268687,8,6,0,2,0,68,144,70,30,1355.359375,1117.5,5009,12,0.0,0.0,0.0,0.0,437.49187994003296,134.24053345062794,119.64258709151181,307.69535257993266,29.052535106020514,179.44142569555174,20.196946286662854,282.64401475701015,57.06245926965973,66.0911314223629,11.44935535874765,202.97912559396354,21.359179435538252,-0.08541673421859741,-0.08541673421859741,0.32347261905670166,0.0,0.0,0.0073685715906322,0.003154165344312787,1.0,0.9994331002235413,0.0,0.007319403346627951,0.9994331002235413,0.9993767738342285,1.2176636965325827,2e-06,2e-06,128,9,1790304824.593102,1790304894.661224,7,1
10,0.0008859634399414062,640.859414100647,0.0,0.0,0.0008456707000732422,5,1.8984375,0.0,251,0,64,110,57,45,25.418328849598765,0.8500617643514943,147.39732386715104,5.09953216697545,0.5272565982793367,2.993045275625,5.3671875,19.98584578372538,97.5368434805423,48.223867520689964,4.462056322172884,0.48688988249068643,3.556784267875173,160.0078863055396,47.30411008186638,11,1,0,4,0,74,154,73,33,1266.4453125,1031.5,4809,221,0.0,0.0,0.0,0.0,640.859414100647,114.21219286350356,90.55905054157483,573.9248576101963,14.674832296936074,143.0170663279655,16.562134793471365,122.20352111296961,20.46443536746275,42.15823221995597,7.503985888619164,218.20686409206246,11.37814027125194,-0.03464159741997719,-0.03464159741997719,0.282753586769104,0.0,0.0,0.006351570598781109,0.00040066742803901434,1.0,0.9999564290046692,0.0,0.0063488376326859,0.9999564290046692,1.0003306865692139,0.5988271376072257,2e-06,2e-06,128,10,1790304950.416151,1790305023.652809,7,1
11,74.48601698875427,468.3929319381714,74.48355007171631,0.0,0.0013549327850341797,3,1.921875,0.0,250,0,70,120,65,47,26.018264029175043,0.8226092209072249,148.24849252999365,4.580821147834968,0.512746754003274,2.8493297874609373,5.8046875,14.237235624343157,94.9226017575711,52.047989562153816,2.5388172939588003,0.41419111124969277,3.155512313833924,158.88637326260823,51.206194499507546,11,3,0,2,0,80,167,81,38,1461.1328125,1486.5,5243,27,0.0,0.0,0.0,0.0,468.3929319381714,117.80610973246166,105.69437761144945,355.553140504926,14.469485896988772,188.6414745152405,19.974682284990173,99.52599166095024,25.36415975085357,66.54847075584807,11.193593332642527,355.553140504926,46.46410573261022,0.0011864248663187027,0.0011864248663187027,0.28849369287490845,0.0,0.0,0.006955397315323353,0.0006368153844960034,1.0,0.9997482895851135,0.0,0.006777893286198378,0.9997482895851135,1.0001976490020752,0.8011542591258164,2e-06,2e-06,128,11,1790305110.760151,1790305187.453973,7,1
12,52.56052041053772,927.1290361881256,52.557716846466064,0.0,0.0009510517120361328,6,1.921875,0.0,251,0,74,126,70,47,28.94025667756796,0.63510203085184,169.01616538117196,3.9370665125625237,0.382220014444556,2.8688576881171874,7.5703125,13.611345259472728,116.83673966862261,50.97715193219483,3.8518685484250454,0.31075905836655693,2.6095189319146357,178.29953518671937,69.23341231420636,8,6,1,1,0,96,170,86,40,1535.5703125,1327.5,7593,59,0.0,0.0,0.0,0.0,927.1290361881256,140.7610229575423,112.5404589620739,890.3077043109515,38.67448330993648,95.94762957600125,11.90341319194825,852.3966278989392,147.67354957028567,35.33362892831044,8.189798510915464,341.2983896540827,12.961083625314858,-0.00888807699084282,-0.00888807699084282,0.2819003462791443,0.0,0.0,0.006543134804815054,0.0005466020083986223,1.0,0.9999239444732666,2.612876232888084e-05,0.006549665704369545,0.9999112486839294,1.000292420387268,1.2829866967080168,2e-06,2e-06,128,12,1790305252.342363,1790305331.241042,7,2
13,62.52945613861084,1523.0949683189392,62.524226903915405,0.0,0.0012784004211425781,10,2.3515625,0.0,253,0,70,140,76,54,21.851297918707132,0.5004097057344552,173.6549324820703,3.7881243387962513,0.4850213837555657,2.789120247734375,7.5390625,7.222973614931107,112.28114981763065,60.35104851052165,2.315372675742992,0.32249409243922855,2.4208417301495047,182.2996988813045,79.30080941319466,8,4,1,3,0,104,183,87,44,1397.1640625,1170.5,4773,109,0.0,0.0,0.0,0.0,1523.0949683189392,154.9567548083005,112.77470966901456,1434.9116423940577,14.893275074020494,57.02730414497157,7.230671907579866,120.94808688096236,7.854383977736753,19.56947353031055,3.1337507504656954,362.2552750870527,4.11167883716271,-0.05740850418806076,-0.05740850418806076,0.2995449900627136,0.0,0.0,0.006941069383174181,0.000621335522737354,1.0,0.9999669194221497,0.0,0.006928849499672651,0.9999669194221497,1.0004006624221802,0.5734017457131808,2e-06,2e-06,128,13,1790305405.907896,1790305479.276656,8,2
14,124.44621562957764,750.3907005786896,124.44304728507996,0.0,0.002816438674926758,6,1.671875,0.0,256,0,72,157,83,64,25.17293152026832,0.5709127201075717,163.472537996759,4.7358561418918725,0.37894911923513064,3.424941052,6.96875,8.142577635124326,106.57394699752331,55.92457595281303,3.4209026033256578,0.22706181599278352,2.428987641298818,172.80967469136021,69.28051385655999,7,8,0,1,0,112,200,94,47,1596.4140625,1442.5,5219,264,0.0,0.0,0.0,0.0,750.3907005786896,140.71424454896624,120.49998657796823,677.1925762800383,40.89402727401466,130.9593343719237,13.379696726328444,166.85000226297416,17.20531237834592,45.385468272820056,6.955043547281687,171.79846062796423,9.020169369095697,-0.05310775339603424,-0.05310775339603424,0.25488215684890747,0.0,0.0,0.0060697514563798904,0.0006707495776936412,1.0,0.9999794960021973,0.0,0.006066157482564449,0.9999794960021973,1.0003694295883179,0.5392087102335059,2e-06,2e-06,128,14,1790305616.619027,1790305694.010873,8,2
15,53.22607064247131,451.02710461616516,53.21414041519165,0.0,0.002161264419555664,3,1.6015625,0.0,250,0,73,165,88,66,27.562135791406035,0.521921863743728,167.8409424727106,4.613206335936184,0.5221276408281028,3.05844057959375,6.890625,10.679483456537127,107.30057102441788,59.091409392654896,3.0718424754927582,0.28360513798429565,2.721688183313063,177.4544111825794,64.48469326458871,9,5,0,2,0,117,212,100,49,1663.921875,1587.5,6472,79,0.0,0.0,0.0,0.0,451.02710461616516,139.64248857163125,132.44421146555396,410.7806472829834,26.70182533102343,210.92856510466643,20.62847200262593,150.8061917979794,30.99051266170294,78.70258713211659,14.349470206469801,243.74194646000979,31.222688867692153,-0.07852332293987274,-0.07852332293987274,0.31503304839134216,0.0,0.0,0.006972366012632847,0.000818434520624578,1.0,1.0000431537628174,0.0,0.00696462532505393,1.0000431537628174,1.00054132938385,0.6439214885401621,2e-06,2e-06,128,15,1790305764.180654,1790305844.590504,9,2
16,80.70696091651917,498.0695478916168,80.70442771911621,0.0,0.0012674331665039062,4,1.609375,0.0,249,0,70,183,97,75,25.40295455791056,0.80923240648508,154.031931308484,3.9664407319849033,0.30393628989781973,2.7604914149609376,7.203125,9.79036851413548,101.01683904230595,52.006168607622385,3.114655101262315,0.40612150017091153,2.9997451769852432,163.96521993587317,61.93814745545387,8,5,1,2,0,126,222,105,56,1409.125,1195.0,5516,97,0.0,0.0,0.0,0.0,498.0695478916168,128.94154716942558,113.47633676498663,442.20820778404595,32.00004919001367,179.5933928879043,22.211757468070264,119.50866102302098,29.223832634986756,60.35569422099035,11.074758582109336,159.8343127250264,16.308176755396918,-0.03440186381340027,-0.03440186381340027,0.31972968578338623,0.0,0.0,0.007249410264194012,0.0011169678764417768,1.0,0.999937891960144,0.0,0.00724276015534997,0.999937891960144,1.000356912612915,0.7685294819713285,2e-06,2e-06,128,16,1790305938.121469,1790306017.230513,9,2
17,0.012790679931640625,2314.2176365852356,0.005924224853515625,0.0,0.0013306140899658203,15,2.8359375,0.0,255,0,65,191,100,78,27.732402831315994,0.6156092543503746,212.4954881879296,4.241903218563948,0.25153389066372256,3.3945284008828125,10.578125,11.165002658963203,152.48783650621772,59.02033860236406,2.876187323717204,0.21824266352382438,1.8778903634288326,221.08075466452328,109.46165993995965,6,4,2,4,0,133,227,109,59,1665.015625,1526.0,6369,54,0.0,0.0,0.0,0.0,2314.2176365852356,185.264663376307,127.98528188052296,2213.4442876660614,6.934350894996896,49.107020678064764,5.493865312840782,116.55400629597716,5.785234748743862,15.348743684170378,2.7521179941389757,453.3018298089446,3.4225084105407064,-0.02947443723678589,-0.02947443723678589,0.3693297207355499,0.0,0.0,0.008065516129136086,0.0013146044220775366,1.0,1.00002920627594,0.0,0.008060995489358902,1.00002920627594,1.0005946159362793,0.6473922117648074,2e-06,2e-06,128,17,1790306029.217009,1790306124.307405,10,3
18,118.78672218322754,302.8076684474945,118.78523874282837,0.0,0.0011866092681884766,3,1.65625,0.0,255,0,69,211,110,88,18.294328816235065,0.23591079051607267,129.01906546856208,2.4166216155763323,0.38441765346988177,2.3628922832734376,6.5078125,5.366818645969033,78.95125658810139,49.595645386725664,2.6071327559488964,0.12034315754658564,2.1177145058131828,135.71081487596211,52.419554026797414,6,8,0,2,0,143,243,119,63,1474.125,1257.0,4420,243,0.0,0.0,0.0,0.0,302.8076684474945,111.81303102921697,94.55105810597888,286.690628015931,27.758596544939792,313.4079589856522,35.14111797285973,153.19832063204376,71.12523485582003,103.85470143882087,14.596724127435392,180.17822498091846,36.043546109745805,-0.07624275237321854,-0.07624275237321854,0.24782800674438477,0.0,0.0,0.005803684238344431,0.0012672987068071961,1.0,1.0000107288360596,1.9663982584461337e-06,0.005796074401587248,1.00001060962677,1.000406265258789,0.6397272658368965,2e-06,2e-06,128,18,1790306245.172124,1790306321.451893,10,3
19,136.50675177574158,381.1448667049408,136.50524044036865,0.0,0.001226663589477539,2,1.1015625,0.0,255,0,78,229,118,97,13.23019871301949,0.24187619800613902,120.57710487842178,2.7102520519363225,0.2581969239367936,1.7331962682265625,5.4765625,1.9979443978518248,64.52286884561181,55.38636375963688,1.3787018520115453,0.24527212267912546,1.9347561202109773,126.70546083328031,47.339885622262955,7,5,0,4,0,157,258,129,67,1252.890625,1193.5,3410,238,0.0,0.0,0.0,0.0,381.1448667049408,111.23479062225601,100.61978304598597,354.06456461700145,16.71290481905453,251.20282346813391,27.96049725693932,117.54178477503592,40.42820714377619,70.12644185504611,8.946729440383136,109.14427007496124,12.536737206642414,-0.08828307688236237,-0.08828307688236237,0.2711792290210724,0.0,0.0,0.005846261978149414,0.0012303607072681189,1.0,0.9999216198921204,0.0,0.005836603697389364,0.9999216198921204,1.0002254247665405,0.5189953958953943,2e-06,2e-06,128,19,1790306468.886137,1790306544.9981,11,3
20,12.628750085830688,395.0562298297882,12.627701997756958,0.0,0.0009682178497314453,2,1.3046875,0.0,254,0,74,241,127,100,16.114781089127064,0.4861963288587958,121.31471558903036,4.294429271017407,0.45080815228698157,2.849805207140625,5.8828125,3.2162595577538013,75.48430719226599,45.2270363625139,2.357301138232515,0.3465275061648754,2.029357248360384,130.00439125076628,53.23639776930213,8,4,1,3,0,164,269,131,71,1225.359375,1297.0,3174,82,0.0,0.0,0.0,0.0,395.0562298297882,110.18656059765453,102.4293849330279,354.0196104969946,11.087128979997942,237.3818195629312,28.735149942809564,177.61809990004986,52.207954527884404,66.17032722471677,8.034299323333117,142.29152444706415,12.55713290822816,-0.08945868909358978,-0.08945868909358978,0.30399325489997864,0.0,0.0,0.006736160255968571,0.0011701562907546759,1.0,1.0001131296157837,3.5657233183883363e-06,0.006733338814228773,1.000112533569336,1.0006592273712158,0.6118645066870448,2e-06,2e-06,128,20,1790306598.074697,1790306673.697779,11,3
21,64.6850152015686,1119.810042142868,64.68124318122864,0.0,0.0009121894836425781,7,2.328125,0.0,254,0,71,257,135,107,22.135441590100527,0.49488475971725165,172.61949469064098,3.3314891427021394,0.29191024746910443,2.657346037171875,9.125,7.418525088578463,119.37494874745607,52.07912416756153,1.497561981624358,0.4212376324142042,1.8580216299071708,179.70621244400945,87.53839528560638,5,6,3,2,0,176,277,136,75,1409.1484375,1249.0,4801,118,0.0,0.0,0.0,0.0,1119.810042142868,152.76887925589654,117.30068454603315,1074.084489911038,13.073745000991039,75.03787562564665,11.298344829797326,42.59046830798616,11.745052083447678,26.845475752125797,4.287334297174911,151.40171707505942,4.957619503801592,-0.043837662786245346,-0.043837662786245346,0.37053757905960083,0.0,0.0,0.008310599252581596,0.0014282516203820705,0.9999999403953552,0.9999141097068787,5.995778792566853e-06,0.008295569568872452,0.9999110698699951,1.0003712177276611,0.6211817457134269,2e-06,2e-06,128,21,1790306750.868088,1790306833.522053,12,3
22,26.688971996307373,844.3784646987915,26.685887336730957,0.0,0.001444101333618164,5,1.90625,0.0,253,0,68,271,141,114,21.933059990406036,0.5306795658289047,153.35673431960277,2.626063000023805,0.26733427362478324,2.5158084072890627,8.3984375,5.706214005127549,101.35305524803698,51.27814645692706,1.9758253465388407,0.3327287568342854,1.5017650294462328,159.1701228939919,70.3876014854759,7,6,1,2,0,181,290,142,78,1525.6328125,1368.0,7187,49,0.0,0.0,0.0,0.0,844.3784646987915,132.76870084139955,107.70351419849612,818.4305003089248,4.090439344989136,113.33878981325269,12.74191662839006,293.3935507929709,19.52685042450913,38.54531432767356,8.511586096127832,293.3935507929709,13.043914304391405,-0.06518147885799408,-0.06518147885799408,0.2908805310726166,0.0,0.0,0.006269179284572601,0.001781061990186572,1.0,0.9999797344207764,0.0,0.006253503262996674,0.9999797344207764,1.0003691911697388,0.6198044356198182,2e-06,2e-06,128,22,1790306871.731283,1790306953.344221,12,4
23,48.657874584198,367.19836020469666,48.63851976394653,0.0,0.0009253025054931641,3,1.8828125,0.0,253,0,70,281,148,117,19.153745042160153,0.371482981537838,139.72783334551514,2.364321641609422,0.1988321106971398,2.4811775209765625,7.8046875,6.054234944283962,86.1425750926137,52.770804492756724,1.7079151316245316,0.1892812926332681,1.9289337740169685,145.67021375745344,58.319584699347615,10,5,1,0,0,191,298,150,80,1763.0703125,1440.0,8773,230,0.0,0.0,0.0,0.0,367.19836020469666,120.08953829739585,105.74945748494065,342.4406389450596,22.728327999066096,253.50558014867383,30.487608914591252,220.6358039280458,76.38376597954777,102.43010520444471,23.89171889305128,220.6358039280458,59.85839919058263,-0.028165796771645546,-0.028165796771645546,0.24035613238811493,0.0,0.0,0.0056444983929395676,0.0012820819392800331,1.0,0.9999602437019348,0.0,0.005633591208606958,0.9999602437019348,1.000296950340271,0.4956899486380742,2e-06,2e-06,128,23,1790307013.191401,1790307096.163882,12,4
24,77.00293684005737,1332.2370948791504,77.00132060050964,0.0,0.0014226436614990234,9,2.0625,0.0,255,0,68,296,158,122,19.177772358059883,0.42432531068698154,136.3922377092581,3.827264269452371,0.23209699116296179,2.1208802503984376,7.0546875,6.610610332340002,89.98380401544273,45.45237439870834,1.8344480184684926,0.2484549205712483,1.5502158724609671,143.56960181496856,61.09437777288258,4,6,1,5,0,201,308,157,82,1404.890625,1180.0,4670,172,0.0,0.0,0.0,0.0,1332.2370948791504,119.26106777303767,99.34699223948701,1287.6497780860518,25.773138925025705,79.10991750025326,9.178546406643349,61.34656877597445,9.621599774996893,22.49674634883119,3.505382050950641,311.2507791048847,4.574008415047661,-0.02519906871020794,-0.02519906871020794,0.3141160011291504,0.0,0.0,0.006900304928421974,0.0013601817190647125,1.0,0.9999920129776001,7.2204252319352236e-06,0.0068854377605021,0.9999889135360718,1.000440239906311,0.5506188173412431,2e-06,2e-06,128,24,1790307182.12648,1790307267.098669,12,4
25,84.88758778572083,1276.1183972358704,84.88570547103882,0.0,0.0015728473663330078,8,1.703125,0.0,256,0,66,318,170,131,22.371561417356133,0.7135855425615318,165.07278876696114,3.8171443891644685,0.37341154661680775,2.7548120301640626,7.2109375,8.62225435115397,105.57175609283149,58.719116581603885,2.525929869463198,0.3032619023588268,2.1973729801788977,173.84627643490558,71.26055740192533,7,5,1,3,0,207,326,166,85,1380.9375,1315.5,5023,2,0.0,0.0,0.0,0.0,1276.1183972358704,143.26827005215432,107.90163739855052,1192.5316468899837,20.366859172994737,68.36617473919843,8.483538849882269,45.40349472098751,8.796513293109395,23.085632229589105,3.936155148989344,649.937523670058,8.021643924376551,-0.02943350374698639,-0.02943350374698639,0.3427230715751648,0.0,0.0,0.00814394373446703,0.009422358125448227,1.0,1.0001438856124878,0.0,0.00814031157642603,1.0001438856124878,1.0007683038711548,0.9693033422354422,2e-06,2e-06,128,25,1790307366.208568,1790307445.622797,13,4
26,114.11316466331482,433.1425585746765,114.10690093040466,0.0,0.0015735626220703125,3,1.171875,0.0,252,0,71,336,183,135,21.527064085006714,0.6637152753444298,126.23224126305968,4.039634466772213,0.3663667498749419,2.797056557359375,6.5625,8.57620694488287,89.1737926993519,36.41947536915541,2.884914638087821,0.39471900675084726,2.5082865024303374,135.61863119757004,55.311689680442214,9,5,0,2,0,217,341,176,89,1482.0,1395.0,4607,168,0.0,0.0,0.0,0.0,433.1425585746765,105.46438985686495,95.64692151150666,350.34646194800735,19.174052792979637,215.71689231862374,25.411956830610823,283.6286128289066,73.61855073182305,72.99213474666955,10.636221051932777,282.35103504997096,30.552115213858112,-0.07258548587560654,-0.07258548587560654,0.25050070881843567,0.0,0.0,0.005746815819293261,0.0017559449188411236,1.0,1.0000067949295044,0.0,0.005741378292441368,1.0000067949295044,1.0003957748413086,0.5216419967580769,2e-06,2e-06,128,26,1790307573.860557,1790307649.969849,13,5
27,77.36289548873901,739.3632333278656,77.36092472076416,0.0,0.0012428760528564453,4,1.5234375,0.0,249,0,70,349,193,136,27.11793539300561,0.46004187432754406,155.0878308300605,3.4411943217580756,0.338355567632334,2.8051800545078125,6.7578125,7.339478403329849,97.98462264426053,56.2603739593178,3.374817548249439,0.23547506307158983,2.7911751406486474,164.15117778149192,59.38107770308852,5,7,0,4,0,221,356,181,93,1523.3203125,1269.0,5673,49,0.0,0.0,0.0,0.0,739.3632333278656,131.49998141968103,112.77094893243338,663.2035313019878,28.628842058038572,159.49535314221794,17.029518689113132,70.37524142902112,18.82096562639624,43.953362211059805,7.672818642152235,182.6235886210925,10.189682114317346,0.055843744426965714,0.055843744426965714,0.3394908010959625,0.0,0.0,0.0071969060227274895,0.0026680866722017527,0.9999999403953552,0.9999107122421265,0.0,0.007188039366155863,0.9999107122421265,1.0002951622009277,0.6716329892789292,2e-06,2e-06,128,27,1790307737.446851,1790307824.286616,14,6
28,148.71218609809875,1299.221700668335,148.7099952697754,0.0,0.001859903335571289,8,2.0078125,0.0,249,0,77,365,201,142,38.310121327638626,0.8695787317881241,222.48638294240527,4.742128818705396,0.4425773277193912,4.076663445492188,9.8359375,12.340416112914681,164.04531083628535,57.006044106557965,4.092333532110615,0.5352772269077377,2.70258340524083,233.023391149296,107.54368022456765,12,3,1,0,0,230,373,190,97,2037.2421875,1808.5,4514,679,0.0,0.0,0.0,0.0,1299.221700668335,186.6914015208281,133.2136548980052,1262.467041956901,35.84697016392602,83.03625158393211,8.675193767316282,326.899075680034,11.591831466572748,33.45169392129898,3.4743877797591782,795.3460685520258,8.95855983557077,-0.06294647604227066,-0.06294647604227066,0.27804258465766907,0.0,0.0,0.006611648015677929,0.0016105801332741976,1.0,1.0000652074813843,0.0,0.006604496855288744,1.0000652074813843,1.0005772113800049,0.44525942569803406,2e-06,2e-06,128,28,1790307984.666616,1790308077.000529,15,7
29,94.57311725616455,563.8219668865204,94.57059359550476,0.0,0.002238035202026367,3,1.6953125,0.0,256,0,72,393,217,154,29.697020448744297,0.7963889904926873,187.9353600933423,5.1320724211570905,0.5192732982184225,3.4490860985546874,8.3828125,14.345541154965758,128.99363369494677,57.87887676991522,3.8023864620126915,0.36229558354534674,3.0679008264062304,199.27020198500736,80.07706898264587,9,3,2,2,0,239,390,198,102,1634.3203125,1416.0,6530,312,0.0,0.0,0.0,0.0,563.8219668865204,154.58409860688903,127.16657545900671,460.2651613220514,28.71022293702117,196.13135557189733,22.523067113055404,127.10861284204293,29.07857037663808,61.83778222145312,11.581670072308984,259.5903647769883,21.46391089788566,-0.038614723831415176,-0.038614723831415176,0.28635525703430176,0.0,0.0,0.0064176772721111774,0.0017844774993136525,1.0,1.0000540018081665,0.0,0.006412338465452194,1.0000540018081665,1.0005295276641846,0.4534934617573264,2e-06,2e-06,128,29,1790308176.164543,1790308269.938891,15,7
30,59.369516372680664,890.1934196949005,59.36800289154053,0.0,0.0013680458068847656,5,1.5234375,0.0,254,0,74,409,228,159,24.641421200707555,0.5716037828601657,151.38403478312443,4.0279016418580795,0.5197511065302933,2.783098908109375,7.0234375,10.504190549254417,102.13200110942125,48.28044449724257,2.9678222192223984,0.34010579390587736,2.2650222474064776,160.12280133253876,63.36440197750926,8,5,1,2,0,246,408,207,102,1407.390625,1298.5,4925,215,0.0,0.0,0.0,0.0,890.1934196949005,125.21954992176143,103.99526296451222,856.8852549819858,24.580655136029236,107.33435141104614,13.149951169052725,58.341847050061915,14.07222199842845,33.72787606498337,5.532505510642805,245.50136424592347,7.6393061747443545,-0.010372493416070938,-0.010372493416070938,0.28023937344551086,0.0,0.0,0.006367464084178209,0.0026158227119594812,1.0,0.999976634979248,0.0,0.006354603450745344,0.999976634979248,1.0003712177276611,0.5129557211618866,2e-06,2e-06,128,30,1790308369.816137,1790308452.076737,15,7
31,93.7386589050293,512.909943819046,93.730952501297,0.0,0.0020613670349121094,3,1.75,0.0,250,0,75,425,236,167,28.280520161613822,0.7233585099293123,169.9506174390301,4.903726244303698,0.5146121223194768,3.141601625484375,7.0,12.318004816770554,115.83226287737489,53.008835539221764,3.414701922871245,0.3027899126018383,1.579365065126467,179.18152731255554,70.99268735386431,9,3,1,3,0,257,417,216,106,1670.015625,1561.0,3956,222,0.0,0.0,0.0,0.0,512.909943819046,138.50587933805218,128.5400414175092,420.83502680590027,23.57013696397189,226.62035457503467,23.80144925462191,155.8804571160581,34.193254211957594,69.46053674593831,7.712854951776236,168.32801034188014,11.480578682927812,-0.025434568524360657,-0.025434568524360657,0.29852819442749023,0.0,0.0,0.006550413090735674,0.0020129766780883074,1.0,1.0000156164169312,0.0,0.006542388815432787,1.0000156164169312,1.0004593133926392,0.5287678457184022,2e-06,2e-06,128,31,1790308561.00468,1790308651.998914,15,7
32,3.697218179702759,839.7365074157715,3.695162534713745,0.0,0.0011296272277832031,5,1.765625,0.0,251,0,68,442,248,171,26.645803313702345,0.5635433314619149,157.90681318026554,4.746051149850018,0.4924447517907993,2.705594939203125,6.71875,16.881899639964104,110.19537607394159,47.01928471028805,2.8174721495829544,0.4275900670702413,2.4987971439841203,167.82456799791544,63.32349803484976,9,2,1,4,0,262,429,224,107,1369.59375,1281.0,4411,49,0.0,0.0,0.0,0.0,839.7365074157715,124.95691956412247,104.57154018955771,774.3593710610003,11.785727340000449,106.53659317728317,11.255911725319468,188.29560401389608,14.509374450761252,34.7942476502734,5.2528381951316305,194.62762499399832,6.83760543404839,-0.036414001137018204,-0.036414001137018204,0.33874645829200745,0.0,0.0,0.007262860424816608,0.0034103705547749996,0.9999999403953552,0.9999783039093018,0.0,0.0072578852996230125,0.9999783039093018,1.0004327297210693,0.579908969246825,2e-06,2e-06,128,32,1790308667.740519,1790308747.522035,15,8
33,42.22707533836365,628.5176813602448,42.22565817832947,0.0,0.0012562274932861328,4,2.1875,0.0,254,0,69,449,253,173,25.41150153800845,0.5062577979215348,149.0749225309064,4.4361282734530505,0.4151066941008139,2.839303910015625,6.5546875,16.7353635430336,101.83376912400126,46.437535578384995,3.616145817374445,0.3615151818430604,2.856906685361082,159.56438131882715,55.53010516427457,7,5,1,3,0,268,440,228,110,1251.734375,1274.5,5822,60,0.0,0.0,0.0,0.0,628.5176813602448,118.8214101750466,95.22439718550595,590.149166126037,3.497486734035192,145.85720664998928,18.690007215989556,45.732978719024686,20.156671832259484,42.486738971088776,9.263064783475883,303.9446183319669,17.93740967189495,-0.0896739810705185,-0.0896739810705185,0.3227880299091339,0.0,0.0,0.007477414794266224,0.003492622170597315,0.9999999403953552,1.0000447034835815,0.0,0.007469144184142351,1.0000447034835815,1.0005885362625122,0.6935829339469882,2e-06,2e-06,128,33,1790308802.078239,1790308878.197263,15,8
34,98.35556054115295,857.0413634777069,98.35220980644226,0.0,0.0013034343719482422,6,2.109375,0.0,252,0,72,462,259,179,32.35272782482207,0.7284238905394886,164.289385057843,4.327853821765757,0.36138502685253115,3.44308402740625,6.8671875,18.840838147327304,113.08340001478791,50.09351144917309,4.742036513491485,0.6362499477834263,2.7124104195384007,174.79500271972506,56.27011837437749,11,3,0,2,0,277,452,233,116,1630.7109375,1489.0,3780,522,0.0,0.0,0.0,0.0,857.0413634777069,125.61167804284173,103.02426655705494,765.5261502750218,31.148906474991236,130.43244441131077,13.663284526295325,80.55166885899962,15.080689519968654,40.59138973040349,4.410522246746057,263.33245212299516,6.366756381296148,-0.03172022104263306,-0.03172022104263306,0.27108514308929443,0.0,0.0,0.006330309435725212,0.0031207792926579714,1.0,0.9999988675117493,0.0,0.006320467218756676,0.9999988675117493,1.0004223585128784,0.541209409966958,2e-06,2e-06,128,34,1790308987.007201,1790309077.238345,16,8
35,16.981342315673828,2146.0572049617767,16.978126525878906,0.0,0.0022072792053222656,13,2.40625,0.0,256,0,68,473,266,180,30.074748922139406,0.5645038297818701,188.1921155796408,5.0710967715713196,0.4867740422591851,3.2858397271875,9.234375,13.727783747017384,129.61078582517803,57.1748592145741,3.984028521487062,0.44576745690801545,2.5980041958894162,198.87414487220872,80.97703061811626,6,7,2,1,0,286,461,235,119,1414.7890625,1301.0,4738,101,0.0,0.0,0.0,0.0,2146.0572049617767,158.5767953309428,118.02763968547515,2046.3056957919907,36.984757518948754,42.35014477862071,5.106574034775178,51.767964544007555,5.232801557923249,14.064008450885744,2.207769666645204,419.56143032902037,2.7442870521984464,-0.07076790183782578,-0.07076790183782578,0.26352542638778687,0.0,0.0,0.006735753733664751,0.0022874551359564066,1.0,0.999890923500061,0.0,0.0067159757018089294,0.999890923500061,1.0002505779266357,0.5129349793244036,2e-06,2e-06,128,35,1790309102.719237,1790309187.044644,18,9
36,44.01390480995178,558.7544214725494,44.0111448764801,0.0,0.0025682449340820312,5,2.0625,0.0,256,0,70,478,271,180,25.333207083866,0.6522346515328081,139.31948442983685,3.08664874537385,0.3431021569240329,2.7497997706171873,6.484375,8.142794569954276,90.47811784781516,47.7622601762414,2.983005396736189,0.20540827109266502,2.5493198462195323,147.70269699703067,53.222307831048965,7,7,0,2,0,292,470,241,121,1372.8046875,1175.5,3331,76,0.0,0.0,0.0,0.0,558.7544214725494,114.57580840227524,102.51605383552669,524.8246638519631,20.741417983022984,160.7644250878584,16.774811329990484,39.8029668010131,18.06141964845733,52.413902914303456,5.961474078757954,250.61577694903826,10.810068971228445,-0.09320631623268127,-0.09320631623268127,0.3010903596878052,0.0,0.0,0.006742024794220924,0.003253417555242777,1.0,0.9999891519546509,0.0,0.006735111121088266,0.9999891519546509,1.0004342794418335,0.6274494333904084,2e-06,2e-06,128,36,1790309233.828681,1790309309.473859,18,9
37,118.76749849319458,386.2563304901123,118.76621317863464,0.0,0.000978708267211914,3,1.703125,0.0,253,0,74,493,279,185,16.650553273037076,0.3240241194146165,140.3661263702652,2.085403036724074,0.20095720970243747,2.1412803171171872,7.1796875,3.386059718206525,88.4795111157,51.37704858183861,1.6383289556649743,0.11366928344386906,1.3162377377038865,145.25598548868788,65.97606291994452,4,10,1,1,0,303,487,246,123,1469.859375,1357.5,4505,184,0.0,0.0,0.0,0.0,386.2563304901123,124.92472547683042,118.1682976664888,350.48745026803226,27.172923678997904,237.09082830340205,22.220995029671663,109.66374467802234,31.03120054646394,81.18184098163978,11.663239264670958,109.66374467802234,16.28749370404521,-0.024482673034071922,-0.024482673034071922,0.2573454678058624,0.0,0.0,0.006164933554828167,0.002631643321365118,1.0,1.000010371208191,0.0,0.006158033851534128,1.000010371208191,1.0004323720932007,0.5951991716782897,2e-06,2e-06,128,37,1790309437.98241,1790309520.52405,19,10
38,21.238842964172363,944.6929454803467,21.237791538238525,0.0,0.0009469985961914062,7,1.8046875,0.0,252,0,70,502,283,190,20.20782072469592,0.7987333692899483,153.20205771158567,3.3891130129152316,0.4871759302825467,2.68825150390625,7.4296875,8.046929033473134,101.54778003506362,50.944933984428644,2.2544031144800556,0.14958124088116165,1.100022823977497,160.04804651022573,70.34038381278515,8,7,1,0,0,305,498,250,127,1344.9140625,1251.0,2952,70,0.0,0.0,0.0,0.0,944.6929454803467,131.24410009545318,104.81986273248913,912.2370882000832,32.36042740999255,84.13686201455134,10.246715661751898,105.16112058795989,11.530235916000928,30.371244050532496,3.124824858831777,140.92387260106625,3.6726966732189337,-0.07751341909170151,-0.07751341909170151,0.23233485221862793,0.0,0.0,0.005883391480892897,0.0029637301340699196,1.0,0.9999024868011475,0.0,0.005872810259461403,0.9999024868011475,1.0002045631408691,0.5254639074560121,2e-06,2e-06,128,38,1790309553.546382,1790309628.023187,19,10
39,140.4833312034607,346.5628683567047,140.47897386550903,0.0,0.0018885135650634766,3,1.5546875,0.0,252,0,73,521,292,199,22.66252894885838,0.49447668609218454,134.59284847100798,3.5807707997964826,0.33955789006381565,2.673906687882812,5.8984375,7.708190789446235,85.04165223613381,48.701077569276094,2.7227318549755637,0.2500386593665098,1.955539173796069,142.33419469448472,51.066405188292265,12,2,0,2,0,316,517,257,128,1381.328125,1409.0,3414,134,0.0,0.0,0.0,0.0,346.5628683567047,112.50100882312677,102.9322543789458,319.5765048910107,17.504779993992997,274.1917133743861,35.67606667911745,51.0355023269949,41.837073047093135,85.03026730204297,9.851026499717484,103.95332670994685,14.071993940662157,-0.06316904723644257,-0.06316904723644257,0.24962478876113892,0.0,0.0,0.0058964635245501995,0.003526313230395317,1.0,0.9999701380729675,0.0,0.005887225735932589,0.9999701380729675,1.0003267526626587,0.5132535093757028,2e-06,2e-06,128,39,1790309775.878039,1790309854.937562,19,11
40,36.63630819320679,489.72519636154175,36.63356137275696,0.0,0.0009496212005615234,3,1.34375,0.0,250,0,73,535,302,202,21.950513949617743,0.5824264295852117,132.5360588317419,4.591539199662975,0.3325302820071556,2.4153271746718747,5.8828125,7.453189875930548,83.81204914860427,47.843904038891196,1.9703779927774576,0.3539354833208108,1.9238058575704144,141.27194777376576,51.20118560269475,10,3,0,3,0,325,531,263,129,1436.828125,1195.0,8444,7,0.0,0.0,0.0,0.0,489.72519636154175,111.62590070315764,97.25649467202311,395.35153725298005,19.389574173022993,213.84101555604028,22.998612453840423,225.07508231309475,42.55807725795346,62.590884767758844,17.242322965482423,161.52191457894514,25.727957240821695,-0.16737452149391174,-0.16737452149391174,0.25810885429382324,0.0,0.0,0.006166812498122454,0.004125325474888086,1.0,0.9998699426651001,0.0,0.006150810979306698,0.9998699426651001,1.000158667564392,0.7789568625394844,2e-06,2e-06,128,40,1790309931.319479,1790310012.649535,19,12
41,51.232558250427246,1067.7895076274872,51.23094654083252,0.0,0.0014536380767822266,7,2.1171875,0.0,255,0,72,546,307,207,26.12838350608945,0.8450195734317276,149.58199830377225,4.1220916123602365,0.508814961789767,2.8766270040546873,7.5703125,12.842368558049202,103.34750967100263,45.62014790251851,3.1707967877978263,0.3869821236582993,1.9430186663691984,158.8915219309688,60.39228243753314,11,3,1,1,0,330,544,268,132,1405.34375,1249.0,5639,234,0.0,0.0,0.0,0.0,1067.7895076274872,119.7148905228687,95.91137783553859,973.8608557599946,31.290282669011503,78.50423646346958,9.682619960344187,114.89002243999857,10.850042591812022,28.077319033861333,5.28100338102146,254.77962503602612,6.935955048942016,-0.08900003880262375,-0.08900003880262375,0.26375076174736023,0.0,0.0,0.006448728963732719,0.004305107053369284,1.0,1.0000261068344116,0.0,0.006440760567784309,1.0000261068344116,1.000484585762024,0.5211142322912917,2e-06,2e-06,128,41,1790310075.078743,1790310154.510885,19,13
42,74.76175284385681,915.3978848457336,74.75504040718079,0.0,0.0011136531829833984,5,1.96875,0.0,252,0,71,561,315,213,31.7775647547096,0.7946894970855283,174.5331369072444,4.14309379879046,0.4374255068432831,2.1528155031640623,6.5,14.99802828207612,119.35188226774335,53.484842620790005,3.1374438674063185,0.3009056291721208,1.3124055252428661,182.93458852973458,67.9995979052037,9,5,0,2,0,336,556,276,136,1599.4765625,1451.5,4674,298,0.0,0.0,0.0,0.0,915.3978848457336,139.05969307559872,107.79153624652827,830.424854687968,28.984681306028506,113.30992608110142,11.493362803403286,220.4865781859553,15.140061615303342,37.27577617509687,5.105976403679019,291.2467668291356,7.488571060888021,-0.05654630810022354,-0.05654630810022354,0.2710963189601898,0.0,0.0,0.00652873981744051,0.004259792156517506,0.9999998807907104,0.9999768137931824,0.0,0.006517800968140364,0.9999768137931824,1.0003975629806519,0.5442969454352842,2e-06,2e-06,128,42,1790310242.585685,1790310329.553684,19,14
43,75.23041129112244,468.681348323822,75.2290825843811,0.0,0.0011088848114013672,4,1.7265625,0.0,249,0,69,579,326,219,27.86671823449433,0.6627932441178928,153.1167994828602,5.003570067523242,0.5299700484908954,3.7572492545859375,6.7578125,14.943047715350986,99.27414124086499,52.09052340313792,3.8375955796495873,0.5136663035232232,2.754247650430443,164.08340145650754,50.99842209741473,10,3,0,3,0,339,577,280,140,1598.4140625,1364.0,6699,203,0.0,0.0,0.0,0.0,468.681348323822,122.06478056935202,104.43016144100693,422.3406297509209,22.09994492007536,232.56810565037176,26.444406299345026,89.57777987903683,32.69291304970962,72.75625565632691,14.29329335156627,248.12066068296554,30.372593011262822,-0.044110432267189026,-0.044110432267189026,0.26819273829460144,0.0,0.0,0.006115947384387255,0.003895612433552742,1.0,1.0000337362289429,0.0,0.006109314039349556,1.0000337362289429,1.0004656314849854,0.6015061686509461,2e-06,2e-06,128,43,1790310417.195096,1790310501.497248,20,14
44,96.4197268486023,1413.4628705978394,96.41846919059753,0.0,0.0010616779327392578,8,2.046875,0.0,252,0,69,597,338,225,29.663247702643275,0.8692947120632653,181.46110478090554,4.970382681852925,0.524168092125592,2.66941453959375,9.1484375,13.933410126715899,133.21160506643355,45.828275283798575,2.710832600610047,0.3872087943336737,2.1293514056412732,191.71934588933027,85.47084932029247,7,3,3,3,0,346,589,291,144,1566.0546875,1485.5,5490,287,0.0,0.0,0.0,0.0,1413.4628705978394,148.7192449989443,111.53176459646784,1268.762460264028,22.797886856045807,74.84443739833674,8.228019456274055,29.710659782984294,8.404683952158893,23.63639495711401,3.8840779720502634,569.6397383180738,6.506102748294671,-0.07853753119707108,-0.07853753119707108,0.33216553926467896,0.0,0.0,0.007674137596040964,0.004072867799550295,1.0,1.0000452995300293,0.0,0.007662337273359299,1.0000452995300293,1.0005944967269897,0.6301724736333635,2e-06,2e-06,128,44,1790310608.17717,1790310700.845024,20,14
45,115.19725704193115,452.6118025779724,115.18956851959229,0.0,0.0008425712585449219,3,1.40625,0.0,249,0,69,623,356,231,28.30500504001975,0.613128873272899,165.37436791193682,4.24474240535028,0.5523003953751413,2.758871025453125,7.0,9.697724552825093,103.45433866791427,60.77015997469425,3.0568370611099454,0.3500842270702833,1.9832415552650673,174.5518002524293,61.38254724815488,9,5,1,1,0,351,612,298,151,1485.5234375,1382.0,5106,411,0.0,0.0,0.0,0.0,452.6118025779724,136.35877059717586,114.58673295895278,349.4093984660285,48.18657742001233,195.63379956582688,17.186913720969297,151.47614683405845,25.83221166813693,70.01842746070936,11.281190571959021,159.19011488801334,17.401576687116602,-0.07821177691221237,-0.07821177691221237,0.22071707248687744,0.0,0.0,0.0054994733072817326,0.003608361817896366,1.0,1.0000227689743042,0.0,0.005492393858730793,1.0000227689743042,1.0004135370254517,0.4856215710316377,2e-06,2e-06,128,45,1790310826.960865,1790310904.518096,21,15
46,13.34126091003418,383.6830105781555,13.33949089050293,0.0,0.0016260147094726562,2,1.4921875,0.0,253,0,67,630,362,231,22.96350442059338,0.605365029141467,134.24400528253773,4.536892773553291,0.5154532168521655,2.7160079775703125,5.9609375,5.94858299382031,85.5207785256207,47.80637085624039,2.592161194520486,0.36255645792130053,2.736719820195276,144.09547741602955,52.90329524315894,9,4,1,2,0,358,619,303,153,1142.2265625,1053.0,2858,134,0.0,0.0,0.0,0.0,383.6830105781555,115.2143659873775,97.72846190197743,348.9775739580509,15.430436718947021,220.38896085750812,33.37390410043096,52.20593771705171,38.63012270946889,63.50945788108172,7.4488573150356645,91.4621083670063,9.780272315821211,-0.05521377921104431,-0.05521377921104431,0.2584393620491028,0.0,0.0,0.0062048304826021194,0.004426633473485708,1.0,0.9999266862869263,0.0,0.006197066977620125,0.9999266862869263,1.0002663135528564,0.7129840528328552,2e-06,2e-06,128,46,1790310926.683089,1790310999.900012,22,15
47,71.74450397491455,728.0854995250702,71.74345588684082,0.0,0.0008916854858398438,5,2.1171875,0.0,250,0,69,639,368,233,28.834742553532124,0.5417689269920629,189.48303083856194,3.9635785670782298,0.32306056598395116,3.193028780148438,10.0703125,7.672759145498276,138.69394508562982,49.770118195563555,3.3631605470466184,0.42127871983370824,2.1454886365293078,198.29091098652088,97.8465411812067,10,2,3,1,0,365,630,309,156,1724.8984375,1547.5,4054,117,0.0,0.0,0.0,0.0,728.0854995250702,161.74151992129646,132.04196929901082,676.9983791960403,17.99822599804611,138.50296437132616,15.293533530421023,146.4349669929943,19.143797481842665,50.54053865560644,5.568027385031596,173.84048535104375,7.314454611813777,-0.11772718280553818,-0.11772718280553818,0.26729586720466614,0.0,0.0,0.0066616530530154705,0.00424241553992033,1.0,0.9999251961708069,0.0,0.006639250088483095,0.9999251961708069,1.000301480293274,0.5064292849274927,2e-06,2e-06,128,47,1790311080.245278,1790311170.893231,22,16
48,90.14157128334045,481.2571933269501,90.13557505607605,0.0,0.0019652843475341797,3,1.7421875,0.0,256,0,67,655,371,244,26.26146491803229,0.5979000721088141,157.40426085721765,3.8361220332114954,0.3748420076169623,3.530192659632813,6.734375,9.099482106044888,101.7642569579184,54.87902670353651,3.1143925369663066,0.3207243245551581,2.16524236811847,165.8095922387963,62.40853956900537,8,6,1,1,0,373,645,314,158,1522.390625,1312.5,4341,118,0.0,0.0,0.0,0.0,481.2571933269501,131.23921010626418,114.92584373451245,391.3929537530057,23.766163507010788,236.66070501576988,26.628173412659862,43.760578070010524,29.291655187946574,67.48505189532288,9.02012491489321,384.87568856202415,45.03976162841284,-0.07341568917036057,-0.07341568917036057,0.23963499069213867,0.0,0.0,0.005860843695700169,0.004707634449005127,1.0,0.9999731183052063,0.0,0.005849939305335283,0.9999731183052063,1.0003395080566406,0.5461375032068917,2e-06,2e-06,128,48,1790311273.168706,1790311363.925236,23,17
49,147.20706486701965,512.0314152240753,147.20118188858032,0.0,0.0008494853973388672,4,1.3046875,0.0,254,0,73,677,385,252,23.888383142650127,0.6837852895851029,143.8504169453911,5.406685999062347,0.7493143074068485,3.60022508909375,5.4921875,9.44690497033298,85.97202573344111,57.222246907651424,3.774105795364676,0.3681987415702679,4.107310186311224,156.19774720638293,47.69926634244621,10,4,0,2,0,380,667,322,165,1283.0546875,1138.0,6439,77,0.0,0.0,0.0,0.0,512.0314152240753,122.25020932726602,108.159484166521,473.04050615997403,25.860826696036384,184.76893641105565,20.85614218675753,147.28945725798258,29.27823291718126,53.45733195170234,12.57540027535647,141.17840898703435,17.362674406593147,-0.05663680657744408,-0.05663680657744408,0.1853811889886856,0.0,0.0,0.004657070618122816,0.003337694564834237,1.0,0.9999688863754272,0.0,0.004651342052966356,0.9999688863754272,1.000254511833191,0.5390624447145296,2e-06,2e-06,128,49,1790311525.222761,1790311606.229808,23,17
50,21.017314910888672,714.6495254039764,21.016024351119995,0.0,0.00116729736328125,4,1.3984375,0.0,251,0,69,691,390,261,23.40784734673798,0.4756941845471374,140.96213140517125,4.2361850793693065,0.33717486824320986,2.6325196971171874,6.2734375,10.151751047000289,91.54165069013834,48.595496663823724,4.1047914765529185,0.2568669948736897,2.827969748250098,151.78503427222586,54.268838627263904,8,2,1,5,0,384,674,330,172,1387.9375,1079.5,5315,155,0.0,0.0,0.0,0.0,714.6495254039764,118.5820690577591,99.29809952998767,650.5316028020461,21.676279131992487,144.86214988829073,15.095511319204709,181.97808111002087,20.252634368826097,41.43196389390421,7.437211963438361,181.97808111002087,9.978008126650973,-0.08631227165460587,-0.08631227165460587,0.30995455384254456,0.0,0.0,0.007280497346073389,0.005009302869439125,1.0,1.0001089572906494,0.0,0.007271298207342625,1.0001089572906494,1.0007001161575317,0.5764710764779843,2e-06,2e-06,128,50,1790311664.798542,1790311744.978698,23,17
51,187.33871603012085,755.5695888996124,187.32054805755615,0.0,0.0018208026885986328,5,1.609375,0.0,256,0,76,715,403,269,26.984819089993834,0.503270540866879,187.38003128733703,3.1517793730781705,0.2996237349279909,2.918555532125,11.0703125,8.553380258381367,139.12521329708397,47.112216459587216,2.2837497276923386,0.38381226378146494,1.8587069389911903,194.44742501891233,100.218325920403,7,5,3,1,0,394,696,341,176,1988.7890625,1741.0,6191,111,0.0,0.0,0.0,0.0,755.5695888996124,158.7768497461184,129.2464140545344,698.3033722569817,18.213682988018263,142.01162704673501,14.870900265273717,220.88601369105163,21.014298027795675,56.153001157431525,8.193818399991953,220.88601369105163,11.578810883773855,-0.07779568433761597,-0.07779568433761597,0.24010713398456573,0.0,0.0,0.006055605597794056,0.0036863365676254034,1.0,1.000041127204895,0.0,0.0060415188781917095,1.000041127204895,1.0004985332489014,0.5693876789326973,2e-06,2e-06,128,51,1790311946.76258,1790312041.697886,25,18
52,4.157412528991699,974.7090435028076,4.155674934387207,0.0,0.0009987354278564453,5,1.5546875,0.0,255,0,72,725,409,271,23.780950788408518,0.5695884070071315,162.1671892464858,3.694064899804971,0.6125069590091243,1.9006475375625,7.203125,7.365858653560281,103.14130289666355,58.00319758430123,1.4086224894710995,0.406315078288344,1.6795575711937545,169.66519872210142,68.61577665992081,7,3,1,5,0,402,705,346,176,1519.375,1259.0,5121,165,0.0,0.0,0.0,0.0,974.7090435028076,141.0984882812429,103.96183522348292,901.2713140149717,16.218811102036852,117.85055321451846,13.075696880987529,34.44936996503384,13.55476615523274,33.254368110559106,5.253875537664742,714.1458678920171,19.65358300533365,-0.02749929204583168,-0.02749929204583168,0.3488265573978424,0.0,0.0,0.007984083145856857,0.0053764935582876205,0.9999999403953552,0.9999033808708191,1.759572114679031e-06,0.007971170358359814,0.9999021291732788,1.000341534614563,0.5843512106964425,2e-06,2e-06,128,52,1790312058.409995,1790312147.682182,26,19
53,69.25371551513672,909.3198926448822,69.25120949745178,0.0,0.0016109943389892578,5,2.03125,0.0,249,0,72,737,421,271,26.024763073772192,0.8438721251102379,156.04167047672627,4.776205724360125,0.3753198300546501,2.9201327445546874,6.3046875,11.132156103849411,100.75736284442246,53.57954353094101,3.9295463519665645,0.31486765963268226,2.862743377124616,166.85710132446889,59.246658246964216,9,3,1,3,0,408,716,352,181,1692.921875,1380.0,6846,136,0.0,0.0,0.0078125,0.0,909.3198926448822,129.84017474649318,112.44421276701905,883.2101493419614,31.339401090022875,125.40324652415758,12.50275078326033,165.50551389105385,15.284727379225169,39.717229281786935,7.528703655748106,292.4850520689797,11.098594874453413,-0.025141635909676552,-0.025141635909676552,0.2594655156135559,0.0,0.0,0.006180820986628532,0.004610585980117321,1.0,0.9999837279319763,0.0,0.006173556204885244,0.9999837279319763,1.000393033027649,0.6077968507139729,2e-06,2e-06,128,53,1790312229.234972,1790312318.719994,26,19
54,11.66951036453247,630.2538204193115,11.659403085708618,0.0,0.0007681846618652344,4,1.9921875,0.0,252,0,67,747,427,275,29.641394931823015,0.5130833309237914,158.7557697526479,6.128385130289644,0.6128596831877076,3.254569753476563,7.1328125,19.111564226448536,112.92854176089168,42.848773350939155,3.235716563368669,0.41025733418132404,2.1760771613910492,170.00265707732865,59.359759820625186,8,4,1,3,0,408,731,355,184,1489.2578125,1312.5,5192,143,0.0,0.0,0.0,0.0,630.2538204193115,121.5762438099207,94.96992857300211,501.128022652003,11.62838768295478,159.5489469090923,19.395360415058335,120.7940547359467,23.9940439331913,50.40958468477988,8.237950856919412,344.4194722980319,18.164366998318314,-0.06704974919557571,-0.06704974919557571,0.2740531861782074,0.0,0.0,0.005943757947534323,0.005475734826177359,1.0,0.9999967813491821,0.0,0.005933931563049555,0.9999967813491821,1.0003941059112549,0.5780378224395742,2e-06,2e-06,128,54,1790312345.013172,1790312431.261933,26,19
55,115.24963855743408,626.3013710975647,115.24789929389954,0.0,0.0009660720825195312,4,2.21875,0.0,251,0,67,763,435,280,29.75854817032814,0.6077060554148375,177.55143567743062,4.732739224101579,0.5469074145773902,3.26713711553125,8.640625,16.464559162035584,125.2983012907207,50.39833180047572,3.3345067792747614,0.43052942012604944,2.368371069320574,188.01439860967912,74.9413815960288,8,3,4,1,0,416,748,360,186,1548.375,1212.0,4347,295,0.0,0.0,0.0,0.0,626.3013710975647,142.05261660603855,118.15867635550967,534.6846117230016,23.903158195025753,151.95001063661257,17.125940473678305,333.16943813706166,36.59103220748466,52.74138222324649,6.940748017814618,302.23956060697674,13.41410761551693,-0.10825179517269135,-0.10825179517269135,0.2365153282880783,0.0,0.0,0.005920215509831905,0.004218548536300659,0.9999999403953552,1.0000464916229248,4.045831246912712e-06,0.005914620123803616,1.000045895576477,1.0005083084106445,0.535474640741775,2e-06,2e-06,128,55,1790312562.097424,1790312649.037575,26,22
56,118.82721328735352,1167.783728837967,118.82501459121704,0.0,0.001882314682006836,7,2.3671875,0.0,254,0,70,784,449,286,33.454321483150125,0.7429693066878826,213.27318970195302,5.129096644092897,0.39777450660017166,3.8008342676015627,10.1953125,14.951419414952397,150.77050809189677,60.88264311850071,3.3224248078208802,0.2337438735651176,3.1716396404269744,224.34012273798294,98.18122937344015,10,3,3,0,0,421,765,373,191,1756.125,1486.0,4867,70,0.0,0.0,0.0,0.0,1167.783728837967,178.55093040270708,144.9007778999221,1045.7456070629996,28.35991852497682,83.7426750504951,7.044968855822719,407.3718113270879,10.819136063687875,32.08128275368207,4.16772376580639,407.3718113270879,6.400478330128709,-0.07159584760665894,-0.07159584760665894,0.24639087915420532,0.0,0.0,0.0064687044359743595,0.004733893554657698,1.0000001192092896,0.9999583959579468,0.0,0.006463535130023956,0.9999583959579468,1.000377893447876,0.48995541238334483,2e-06,2e-06,128,56,1790312777.563582,1790312867.187432,27,22
57,149.93982362747192,579.9790894985199,149.93853735923767,0.0,0.0010025501251220703,3,1.09375,0.0,254,0,67,814,466,296,27.017598889768124,0.7634456063194648,159.1958185651231,4.482899224375387,0.33598431147561314,2.8841396495468747,7.4921875,12.306124087423086,112.85486104153097,45.13022443652153,3.1763760790793185,0.4157989318912314,1.6923133508287265,168.538427211726,69.66647393070161,9,3,2,2,0,431,788,377,197,1467.515625,1525.5,5009,162,0.0,0.0,0.0,0.0,579.9790894985199,128.56850906013983,110.71242022195656,523.2749430940021,7.58002430095803,187.4119290990014,20.314525494681767,64.24443409600644,22.845081044252392,53.97953230877627,8.636518265393054,307.47559930899297,18.381415946328712,-0.08697784692049026,-0.08697784692049026,0.2637247145175934,0.0,0.0,0.006036483682692051,0.0048018950037658215,1.0,1.0000332593917847,0.0,0.006036654114723206,1.0000332593917847,1.0004711151123047,0.49158695458406576,2e-06,2e-06,128,57,1790313030.69257,1790313119.969948,27,25
58,97.71816825866699,576.0597887039185,97.71243667602539,0.0,0.0010077953338623047,3,1.3125,0.0,252,0,72,825,471,301,30.22117630392313,0.7639683378984046,162.25226521515606,4.382986396225078,0.6148199111423764,2.9373551508437497,5.96875,9.778865104541183,99.81336440518498,61.0492704436183,3.506538309037751,0.44864814518109597,2.5144363077656635,173.215421692953,56.04938165284693,7,7,0,2,0,437,803,383,202,1355.7265625,1279.5,3882,279,0.0,0.0,0.0,0.0,576.0597887039185,136.8669338521065,107.6564412570151,482.42582261707867,16.245554193039425,161.1791608336952,21.068993597534615,116.67309760392527,26.420007882549168,50.20688344128112,6.738883838315018,482.42582261707867,41.45931398868314,-0.008716471493244171,-0.008716471493244171,0.2532777190208435,0.0,0.0,0.005807037930935621,0.006223880685865879,0.9999999403953552,1.0000832080841064,0.0,0.005804409272968769,1.0000832080841064,1.00055730342865,0.5478672562525608,2e-06,2e-06,128,58,1790313231.24131,1790313310.104452,27,26
59,83.64993143081665,1013.8626689910889,83.64864373207092,0.0,0.0010595321655273438,5,1.6953125,0.0,251,0,70,839,479,306,28.780089961364865,0.5506299367807514,174.27051786980383,4.522856565132315,0.687062996702025,3.884304053984375,6.390625,8.178315525874496,112.25605628825724,60.35902304016054,4.410733894734449,0.615117141087012,3.8806099371010987,186.65796462546837,69.97814210318029,12,1,0,3,0,447,812,388,206,1599.2109375,1579.5,5339,158,0.0,0.0,0.0,0.0,1013.8626689910889,152.13553706796324,123.70657266152557,944.139123098983,9.870021359034581,109.12210964767826,11.719535952363223,75.17320789399673,12.658073295201298,33.65002089873758,5.265999196235251,172.71450130906305,6.347276502679454,-0.0630953311920166,-0.0630953311920166,0.2635555863380432,0.0,0.0,0.006426967680454254,0.005763522814959288,0.9999999403953552,0.9999771118164062,0.0,0.006423456594347954,0.9999771118164062,1.0003927946090698,0.5276227989810601,2e-06,2e-06,128,59,1790313397.731872,1790313482.626864,28,26
60,67.3035078048706,432.8754532337189,67.29994511604309,0.0,0.0010514259338378906,3,1.46875,0.0,255,0,73,855,486,315,20.80770273692906,0.6707473798105639,139.5033943039307,3.4273883477192157,0.5514175800474277,2.404779815140625,6.3984375,5.196789443492889,90.2942866999656,48.34179930575192,2.953354662813126,0.27150200091341503,1.2575791138199293,147.38879374772682,60.637815348804,8,2,2,4,0,457,828,395,208,1238.828125,1076.0,4276,71,0.0,0.0,0.0,0.0,432.8754532337189,121.39890594944222,104.82360387395602,384.82709968305426,19.173580047965515,215.06416985426856,27.24571216014913,60.14672516396968,31.642315474521123,61.05297294153592,9.878129998032701,217.73501229603426,19.87538921721622,-0.061235688626766205,-0.061235688626766205,0.28423571586608887,0.0,0.0,0.0065359268337488174,0.00590150011703372,1.0,0.9999626874923706,0.0,0.006529382895678282,0.9999626874923706,1.0003560781478882,0.6264398678374524,2e-06,2e-06,128,60,1790313585.989543,1790313665.028541,28,26
61,155.032484292984,395.2963128089905,155.02631902694702,0.0,0.0020923614501953125,2,1.34375,0.0,256,0,75,879,501,321,26.049246799200773,0.99537023260973,141.5159006395943,6.294783972459754,0.6270135500717515,3.1994384020390623,5.8515625,10.360496388748288,88.80579951405525,50.577705485746264,2.867172688703249,0.40104236049955944,2.9340515085007155,154.09824800008573,48.740712091326714,8,6,0,2,0,465,847,405,213,1436.9921875,1385.5,3893,510,0.0,0.0,0.0,0.0,395.2963128089905,116.95558706364864,99.00688241048192,338.56129152400536,29.62206091498956,260.44639594133463,31.416938629531145,50.150878144952,35.98193327426899,77.55152866337616,9.848308405247181,214.2298544208752,21.50039292012532,-0.0698898583650589,-0.0698898583650589,0.20818878710269928,0.0,0.0,0.005188250448554754,0.005420494358986616,1.0,0.9999777674674988,0.0,0.00518142431974411,0.9999777674674988,1.0003129243850708,0.469521491636405,2e-06,2e-06,128,61,1790313840.286661,1790313921.769639,30,27
62,121.76460385322571,581.1950988769531,121.76293897628784,0.0,0.001203298568725586,3,1.265625,0.0,255,0,75,908,524,326,24.79835863597691,0.8556616718360601,149.6683897670864,5.348273733469114,0.5813047201727386,3.0203425661171877,5.8203125,11.696020344272256,98.79962348751724,48.46392986364663,4.296175995288422,0.5345012449758997,2.731575190014837,162.26065517218103,57.354013508185744,10,2,1,3,0,473,863,419,220,1195.6640625,1092.5,3031,183,0.0,0.0,0.0,0.0,581.1950988769531,129.4400106109108,100.66948547496577,520.2429478649865,28.10236490701209,173.51488371953815,21.450628238417806,96.2008202849538,25.705457879200765,43.88801634647006,5.215116242130775,406.8716314951016,17.38721725492452,-0.09960155934095383,-0.09960155934095383,0.3004452586174011,0.0,0.0,0.006819199305027723,0.007377967704087496,1.0,1.0000203847885132,0.0,0.006814177148044109,1.0000203847885132,1.0004914999008179,0.627930375687621,2e-06,2e-06,128,62,1790314051.584314,1790314129.028391,31,27
63,68.16984701156616,1288.329214334488,68.16793322563171,0.0,0.0009944438934326172,7,1.65625,0.0,253,0,73,925,537,329,24.184534369036555,0.5183417498049039,162.36456784442407,3.866099763523607,0.22036695079714264,2.1232098231875,8.09375,5.592345666140318,107.65384490787983,53.669376742094755,2.1119680362871804,0.27769503143736074,3.0200841505379685,171.30254482830583,74.82124045677483,7,3,1,5,0,483,876,425,222,1398.1640625,1045.5,7040,70,0.0,0.0,0.0,0.0,1288.329214334488,145.54087703663458,101.3231138340052,1228.241510920052,11.050640696979826,74.42274764337253,7.897826026755202,281.9474277640111,10.110477093066356,23.152079195384843,5.46444179148468,362.3035131088982,7.602380787793039,-0.03904015198349953,-0.03904015198349953,0.2555615305900574,0.0,0.0,0.00589262880384922,0.005345441401004791,1.0,1.0000237226486206,2.43531803789665e-06,0.0058907875791192055,1.000022292137146,1.0004446506500244,0.6458789952861286,2e-06,2e-06,128,63,1790314209.50915,1790314286.475411,32,27
64,127.41472792625427,1170.2788531780243,127.41343116760254,0.0,0.0010609626770019531,6,1.78125,0.0,252,0,75,945,550,335,20.16580137051642,0.4193284345253687,159.20203460017888,3.1610559633595585,0.3180340020155654,3.2360136239765622,8.890625,4.311690155416727,110.59221304953098,47.817458257079124,2.4738362037883235,0.18201098230406387,2.043303970618581,166.33166406494865,82.96755288913846,8,4,2,2,0,490,896,434,224,1447.3359375,1432.0,5333,62,0.0,0.0,0.0,0.0,1170.2788531780243,141.81422059570673,97.41065221600002,1168.6876104829716,13.261093915993115,84.5074941453197,10.741029768986039,265.70895896901493,13.896106956988316,26.383882709792953,4.557033552744833,84.71426774802967,4.912651049580423,-0.12152762711048126,-0.12152762711048126,0.2655736804008484,0.0,0.0,0.006337165366858244,0.005905313417315483,1.0,0.9999077916145325,0.0,0.0063235037960112095,0.9999077916145325,1.0002493858337402,0.7020024133189743,2e-06,2e-06,128,64,1790314416.31146,1790314500.667206,32,28
65,83.15742254257202,667.7438185214996,83.1562283039093,0.0,0.000978708267211914,4,1.5625,0.0,254,0,71,967,564,342,21.00381764397025,0.3312986007899781,152.934119750955,3.049954767445797,0.3889616655160353,3.0871143524609375,6.4765625,2.999365260824561,94.99567552469671,57.19271522574127,2.4539148379076323,0.35253954361814976,2.492763562102027,160.56770928606375,67.33816117048264,9,5,0,2,0,499,908,444,227,1815.0625,1628.5,6517,134,0.0,0.0,0.0,0.0,667.7438185214996,137.71009219517873,120.45955754350871,641.9160090871446,18.09136914598639,179.8346861014538,17.5186945584931,62.09969028798514,19.314973025693522,57.988306681848535,9.759730931586557,127.49457701898064,12.062950763012989,-0.10546916723251343,-0.10546916723251343,0.27319446206092834,0.0,0.0,0.006549718324095011,0.005343592260032892,1.0,0.999963641166687,0.0,0.0065462831407785416,0.999963641166687,1.0003814697265625,0.5441172685834117,2e-06,2e-06,128,65,1790314592.965515,1790314688.528417,33,28
66,79.43357348442078,834.0350816249847,79.42695045471191,0.0,0.0012094974517822266,4,1.5625,0.0,255,0,70,989,581,345,21.756202418357134,0.33866976964009154,174.1186504613504,3.0576078044371116,0.363325241078428,2.3134255324218747,9.1875,5.545421186834574,117.8152120206505,55.398315127938986,1.8348669951842567,0.3165883253850552,1.4912473988838428,180.55170069521114,87.93807788193226,4,8,2,2,0,508,921,456,230,1640.328125,1327.0,5795,207,0.0,0.0,0.0,0.0,834.0350816249847,153.56106937936534,124.13346495153382,776.6369343670376,34.353110542026116,109.26338952367406,14.588115377946135,107.40815618992201,16.744493734133364,41.9570680390171,6.948148977989468,210.55131587808137,9.294548340096506,-0.11678580194711685,-0.11678580194711685,0.26933997869491577,0.0,0.0,0.006523295305669308,0.0056582554243505,1.0,0.999971866607666,0.0,0.006520225666463375,0.999971866607666,1.00038480758667,0.48814815996251687,2e-06,2e-06,128,66,1790314781.95175,1790314863.277347,34,29
67,162.63428258895874,1049.5439054965973,162.6261420249939,0.0,0.001116037368774414,6,1.5859375,0.0,251,0,70,1017,600,350,22.2658895496279,0.5273225963208006,165.22582085664658,4.43324535999227,0.3309713599917359,2.826714781757812,9.296875,6.222327364608645,115.1993554122746,48.829492539167404,2.5047586704895366,0.44307078645420006,2.4763666341632415,174.5947717158058,83.38702784664929,8,2,2,4,0,514,941,468,236,1522.9375,1190.5,5714,227,0.0,0.0,0.0,0.0,1049.5439054965973,147.52270275089245,105.29541206402064,1007.8402187820175,17.46971775603015,96.43014087988985,9.938602802009047,87.51283227294334,10.842685117276861,30.9556686129875,5.4442696204275425,549.2378738370899,11.421009618946128,-0.09313900768756866,-0.09313900768756866,0.3092269003391266,0.0,0.0,0.006975449621677399,0.0065352218225598335,1.0,0.999882161617279,0.0,0.006968706846237183,0.999882161617279,1.0002270936965942,0.5682901294382692,2e-06,2e-06,128,67,1790315037.01605,1790315118.484847,35,32
68,160.35556745529175,1284.968716621399,160.34778118133545,0.0,0.0009036064147949219,7,1.5625,0.0,252,0,72,1045,612,363,27.459288055077195,0.6336913981633643,160.98513753392945,4.704738888624888,0.5006884331869514,4.124813143656251,6.84375,9.378295006230474,110.26629995554686,49.55631975270808,4.403125886976568,0.41142800299053306,3.769339369383488,172.36616132560903,67.47724183090031,13,1,0,2,0,523,959,479,244,1665.203125,1343.0,5570,101,0.0,0.0,0.0,0.0,1284.968716621399,136.93302430555286,117.10778758350352,1230.1646107539418,18.56474258302478,93.58269331996807,8.84068215284582,591.5802131659875,16.383311726959587,27.646068634836784,4.334735879520354,203.6750025479414,5.151236826316742,-0.03337289020419121,-0.03337289020419121,0.21722401678562164,0.0,0.0,0.005497687961906195,0.005627264268696308,1.0,1.0000771284103394,0.0,0.005502999760210514,1.0000771284103394,1.0005407333374023,0.5346211452099885,2e-06,2e-06,128,68,1790315295.142957,1790315383.187201,36,34
69,173.4765281677246,1025.445101261139,173.4745695590973,0.0,0.0015954971313476562,5,1.3046875,0.0,254,0,75,1070,629,369,29.39922011643648,0.5083197510682567,198.63640572008626,3.184146575245677,0.3282077434378152,3.2889777683203123,11.7890625,6.002692926675081,140.17630719020963,56.91142041236162,3.2099050192962295,0.40930645418916356,1.4565929006864735,205.9514804673588,100.38931148126721,6,5,3,2,0,536,978,487,248,2032.8515625,1568.0,6821,172,0.0,0.0,0.0,0.0,1025.445101261139,172.5804398020216,135.64730855700327,963.6668947151047,16.010977453988744,114.65362685472469,10.937689386010089,147.863545308006,12.780578538730124,42.29139126674327,6.651745658164659,204.97780024897656,8.3135549601859,-0.0916568860411644,-0.0916568860411644,0.2857190668582916,0.0,0.0,0.0067809028550982475,0.006372816860675812,0.9999999403953552,1.0000255107879639,0.0,0.006778945215046406,1.0000255107879639,1.0005054473876953,0.5878204100997827,2e-06,2e-06,128,69,1790315565.665213,1790315662.704084,37,35
70,114.9805359840393,838.6751093864441,114.9784209728241,0.0,0.0010578632354736328,4,1.2890625,0.0,254,0,72,1098,645,379,31.059980414807796,0.7230078659372339,180.00728538560338,3.867849386688704,0.4707699378966481,3.6876051341640625,8.3125,5.7199733797460794,125.48246789164841,53.345343347638845,3.9907692501715246,0.30285722376015656,2.6049351750386904,189.25487254854625,83.80421411059797,10,5,1,0,0,540,1000,497,253,1880.453125,1558.0,5612,597,0.0,0.0,0.0,0.0,838.6751093864441,153.89180884913185,132.0994187509932,764.0148698289704,42.57346309098648,125.79881309523772,13.374666631284796,131.6879341749882,15.865917223526804,47.832984291952506,6.691506564568982,296.9918057730538,10.360297174685288,-0.07869715243577957,-0.07869715243577957,0.24866309762001038,0.0,0.0,0.006083173677325249,0.006280074827373028,1.0,0.9999688267707825,0.0,0.006077364087104797,0.9999688267707825,1.0003525018692017,0.45777542302625274,2e-06,2e-06,128,70,1790315810.610275,1790315899.589248,38,36
71,103.48485708236694,865.5966289043427,103.47055101394653,0.0,0.0013074874877929688,4,1.40625,0.0,252,0,73,1115,658,382,26.9277796279639,0.5708980042818439,165.26191472487267,4.218416122516373,0.3806834719048311,3.344638050570312,6.9921875,8.907138604670763,105.98381855897605,58.43699363619089,3.2103127206769386,0.6915642953606493,2.473260300373795,175.10841733084249,66.37197379022837,12,2,1,1,0,547,1017,501,259,1576.1875,1426.5,4499,151,0.0,0.0,0.0,0.0,865.5966289043427,140.76975185490778,110.38560023948958,824.6261640370358,32.696050394006306,124.27593840042698,13.671495018388962,76.86309371102834,15.003799726988342,38.846423623317136,5.197571073832343,166.87062001400045,6.438861503302179,-0.15575186908245087,-0.15575186908245087,0.27285274863243103,0.0,0.0,0.006496101152151823,0.007336973212659359,1.0,0.999921977519989,0.0,0.0064861164428293705,0.999921977519989,1.0002821683883667,0.5174386466324965,2e-06,2e-06,128,71,1790316017.846761,1790316100.94768,39,36
72,85.66045331954956,712.0779418945312,85.658926486969,0.0,0.001279592514038086,3,1.6328125,0.0,255,0,75,1133,672,386,28.30348665267229,0.6555734619469149,184.63213554156232,3.6999266531643116,0.4641165628672752,3.6093429868515625,8.8671875,10.92127475515008,122.11886490136385,61.863952316343784,3.6068042051890643,0.41151907113226116,2.308664121156653,193.5518895924074,77.96963360533118,11,3,2,0,0,551,1033,515,261,1742.6328125,1510.5,6994,514,0.0,0.0,0.0,0.0,712.0779418945312,155.6603399848634,125.50883363044704,682.5372478960198,32.76226963099907,126.57135035930658,15.077001221855223,132.20110370902694,18.51427629631505,52.208002073139596,9.821958508350916,223.92142032599077,14.327371838702343,-0.0696791261434555,-0.0696791261434555,0.24099816381931305,0.0,0.0,0.006160371471196413,0.007367004174739122,1.0,1.0000001192092896,0.0,0.006158587988466024,1.0000001192092896,1.0004456043243408,0.4380600274052002,2e-06,2e-06,128,72,1790316194.796196,1790316277.172372,39,36
73,73.24268507957458,528.3179676532745,73.24011135101318,0.0,0.0009474754333496094,3,1.3984375,0.0,249,0,74,1148,685,387,18.56231864914298,0.42513117222483743,149.09326525106326,4.363282203955805,0.5315309662266827,2.618212360359375,6.7734375,3.987814601510763,92.67654271237552,55.2356620747596,2.7037852824330457,0.319297071094752,1.7663085279059487,158.11656984716524,66.91295157000422,8,2,1,5,0,558,1047,521,264,1329.5859375,1352.0,3721,32,0.0,0.0,0.0,0.0,528.3179676532745,135.98719718732468,110.56292430244503,468.2174617709243,17.252601304033305,219.16094805743072,22.10789849128389,201.36132874101168,35.72339145293902,53.68831222226215,7.0431070450400135,339.85635548690334,19.744073911005042,-0.09151299297809601,-0.09151299297809601,0.3502562940120697,0.0,0.0,0.007624509744346142,0.009193679317831993,1.0,0.9999029040336609,0.0,0.007617549505084753,0.9999029040336609,1.0003039836883545,0.6844363877447038,2e-06,2e-06,128,73,1790316360.490181,1790316450.466084,39,37
74,117.58325290679932,1358.4034242630005,117.58182668685913,0.0,0.0011963844299316406,6,2.078125,0.0,252,0,72,1168,698,393,25.344574293121696,0.7250290511019557,201.41304296061844,4.290605055266951,0.6353833597274843,3.1199526594375,11.203125,5.716406907886267,148.01690994761884,52.215767646208405,1.9897303113045837,0.27001338846139333,1.992832579725473,210.25709503771054,113.32305431365967,8,3,3,2,0,562,1064,526,272,1811.8125,1538.5,6233,200,0.0,0.0,0.0,0.0,1358.4034242630005,180.211287617552,117.5175895170396,1280.5872865309357,37.86839717102703,76.6859816011709,9.380865634164381,44.825345960009145,9.700984060622154,28.45399187724411,4.588474887997064,497.0829362110817,7.236563029050211,-0.08550246804952621,-0.08550246804952621,0.26631465554237366,0.0,0.0,0.006623074412345886,0.006918660830706358,1.0,1.0000715255737305,0.0,0.006620277184993029,1.0000715255737305,1.0006060600280762,0.40858624015602435,2e-06,2e-06,128,74,1790316580.693769,1790316673.87005,40,37
75,184.40391945838928,1159.361064195633,184.4024097919464,0.0,0.0010523796081542969,5,1.421875,0.0,249,0,76,1202,721,403,23.723316326737404,0.29406835356326155,174.17431378181936,3.760983205140292,0.48963584660168635,2.803662799554688,7.7890625,4.936317954212427,111.25707061961293,62.02032436802983,2.843742527012637,0.31974100842103326,2.2322923031713344,182.4361399500226,78.45397455058992,9,3,1,3,0,575,1088,540,275,1616.5,1286.5,5064,119,0.0,0.0,0.0,0.0,1159.361064195633,157.17676704764176,118.2668792004988,1124.5510232170054,26.15764299003058,91.68282710420903,10.255648880402333,77.61269198698574,10.991465580598684,29.74511944409598,4.367923122822322,242.69502229394857,5.52436740156142,-0.10674193501472473,-0.10674193501472473,0.2890012562274933,0.0,0.0,0.006842291448265314,0.008126717060804367,1.0,0.9999949336051941,0.0,0.006835998967289925,0.9999949336051941,1.0004521608352661,0.5769535774947182,2e-06,2e-06,128,75,1790316864.05995,1790316948.438358,40,38
76,137.494136095047,515.7810997962952,137.49288511276245,0.0,0.0009732246398925781,2,1.09375,0.0,251,0,70,1232,734,416,19.214973771944642,0.5697652170304082,154.30314697573544,4.4824347442431645,0.5000328086075569,2.8177389610859374,7.75,3.8888949248939753,98.10282124020159,54.92984859086573,3.007509713863101,0.43578566592736934,1.9276681470394124,163.82666788752385,71.29073339514434,7,4,2,3,0,586,1104,549,279,1288.765625,1176.5,4342,60,0.0,0.0,0.0,0.0,515.7810997962952,140.80370356194385,117.0371418579889,476.09661342401523,20.078896468010498,177.9230246505293,21.910457759044032,81.44262372897356,26.018878415570917,53.30491302904495,8.418299937153277,164.34558272498543,12.35504036753054,-0.08793175220489502,-0.08793175220489502,0.2598768472671509,0.0,0.0,0.0061424411833286285,0.007476025260984898,0.9999999403953552,0.9999584555625916,0.0,0.006137822289019823,0.9999584555625916,1.000331997871399,0.5872344350201472,2e-06,2e-06,128,76,1790317095.754169,1790317175.714819,42,40
77,112.42677617073059,536.7329308986664,112.42131090164185,0.0,0.0008490085601806641,3,1.234375,0.0,251,0,71,1254,751,421,26.307978872209787,1.4523808340156847,154.55914810035938,3.976285912320236,0.4389150601173242,2.9670806086796877,6.625,8.09762523509562,98.80695533566177,54.5949588958174,2.609530736744773,0.2123721819682487,2.3838413354919794,164.04762606619533,61.017927227541804,9,4,1,2,0,594,1126,555,282,1581.953125,1508.0,4789,199,0.0,0.0,0.0,0.0,536.7329308986664,129.44098546445025,110.77725447442208,461.2640953469672,5.412977605970809,205.90594248606894,21.075658579509952,138.2739030069788,28.389368060886103,62.87732946966304,8.922500790070117,461.2640953469672,63.45665684372915,-0.10370786488056183,-0.10370786488056183,0.27393102645874023,0.0,0.0,0.0063896034844219685,0.006710698362439871,1.0,0.999993085861206,0.0,0.006387257017195225,0.999993085861206,1.0004079341888428,0.5028646778940922,2e-06,2e-06,128,77,1790317306.206476,1790317393.043912,42,40
78,4.396530866622925,562.114853143692,4.395352125167847,0.0,0.0010738372802734375,3,1.484375,0.0,251,0,70,1263,759,422,23.922997944056988,1.1632322040245526,155.31773991554837,4.419961655560428,0.5221973209854696,2.99331632665625,7.28125,7.9502341337502,106.12040707841516,48.05300755240023,2.798434838578487,0.4386732957186723,2.3825124702868834,165.56711316563906,70.29993231408298,11,2,1,2,0,600,1133,563,285,1419.6484375,1453.0,3264,147,0.0,0.0,0.0,0.0,562.114853143692,132.57723724032212,111.39185244195687,502.84049757404136,31.478557918977458,179.58133069920666,21.89410212374159,69.12561610896955,24.964033847930004,53.87837230052955,5.806642506857281,359.475350457069,16.107422080716884,-0.09169812500476837,-0.09169812500476837,0.28111565113067627,0.0,0.0,0.0066096484661102295,0.008432441391050816,0.9999999403953552,0.999968409538269,4.0064101085590664e-06,0.006608635652810335,0.9999676942825317,1.0003738403320312,0.5423646763814506,2e-06,2e-06,128,78,1790317405.852044,1790317486.43835,42,40
79,53.033029556274414,384.50434041023254,53.03003764152527,0.0,0.0011069774627685547,3,1.921875,0.0,252,0,68,1279,768,427,24.06374545954168,1.0750332255997819,140.39695596368733,3.472696332009491,0.27808045452297847,2.32323429359375,7.0234375,7.473090430721641,94.46518554538488,44.77284531854093,3.1139967227463785,0.4889148311485769,1.897393755662506,149.583175883781,59.48063720203936,6,7,1,2,0,602,1151,571,287,1337.2421875,1321.5,4816,156,0.0,0.0,0.0,0.0,384.50434041023254,116.9705771993431,91.29579118499532,371.15702671799227,28.064097749069333,213.897021931107,23.391153375288788,209.28018175103352,51.32853864913009,74.19378752108916,12.525216216965845,209.28018175103352,27.484794544608686,-0.08168138563632965,-0.08168138563632965,0.23376736044883728,0.0,0.0,0.0061202929355204105,0.007844808511435986,1.0,0.9999871253967285,0.0,0.006115313153713942,0.9999871253967285,1.0004056692123413,0.4972266380447257,2e-06,2e-06,128,79,1790317549.934742,1790317620.423252,44,40
80,172.3826549053192,396.8158311843872,172.37654995918274,0.0,0.0008723735809326172,4,1.6328125,0.0,254,0,69,1309,791,432,29.212138613685966,0.6986956772109352,154.36365538269524,4.871892214593117,0.6414051446861322,3.8356602098437502,6.7109375,12.542969627305865,103.95253742858768,49.01675369031727,3.3799750885950743,0.3060839494232823,2.7943827739318294,164.8747318392891,57.17665186710656,10,3,1,2,0,611,1176,581,290,1535.765625,1531.5,3406,274,0.0,0.0,0.0,0.0,396.8158311843872,123.24181511549955,106.86765841800661,305.01620205902145,28.896344525011955,285.3578186687407,29.75183718039249,47.180746339960024,33.76663416159499,82.56475025759775,8.583326904660073,305.01620205902145,37.10254640951339,-0.09971356391906738,-0.09971356391906738,0.2373831421136856,0.0,0.0,0.005901921074837446,0.006536353845149279,0.9999999403953552,0.9999761581420898,0.0,0.005894114729017019,0.9999761581420898,1.000360369682312,0.4904928096133386,2e-06,2e-06,128,80,1790317829.218969,1790317923.851378,45,41
81,101.7630467414856,499.59419560432434,101.75957942008972,0.0,0.0009815692901611328,4,1.609375,0.0,251,0,74,1327,804,436,34.445080464705825,0.633340363882553,178.6538072022488,5.3378827406404525,0.584104500719377,3.1715538895546875,7.46875,13.635141741484404,127.3923702724278,49.76915896497667,3.9518651053676876,0.460897503971637,2.296968143499498,189.3331127285635,73.62193757295609,9,2,1,4,0,619,1195,591,292,1846.8203125,1521.0,7361,105,0.0,0.0,0.0,0.0,499.59419560432434,142.0887993582894,123.80371994394227,430.88749027298763,19.278239736973774,257.0456204853643,22.83253108295573,107.84053402009886,29.117787830931455,78.86167149255068,14.73395821001465,132.34827868797584,20.04378989917182,-0.029039736837148666,-0.029039736837148666,0.24098749458789825,0.0,0.0,0.005653779953718185,0.006035416387021542,1.0,0.9999123215675354,0.0,0.0056487685069441795,0.9999123215675354,1.0002074241638184,0.3966714577358812,2e-06,2e-06,128,81,1790318041.860208,1790318133.433751,45,42
82,33.079951763153076,1248.8666577339172,33.07336187362671,0.0,0.0012426376342773438,7,1.9296875,0.0,250,0,70,1339,813,439,31.41524457000196,0.8810610920340878,185.91373978044476,6.002230599728136,0.6521601109791391,3.395702964671875,9.25,9.773156099021435,139.0316388271749,45.95902938954532,3.810160400321138,0.48426687110145394,2.3982437275622033,197.83296827247636,92.46742556989193,10,2,1,3,0,628,1205,595,293,1690.296875,1360.0,6588,130,0.0,0.0,0.0,0.0078125,1248.8666577339172,157.63094147891798,116.30877206751029,1160.7899412119295,22.6682168370171,88.64477189332318,10.20365138350504,100.92865597497439,11.100773718157578,28.873912553720782,5.275182870166461,225.86862313293386,6.439895070345492,-0.13744273781776428,-0.13744273781776428,0.2649911046028137,0.0,0.0,0.006398493889719248,0.008763856254518032,0.9999999403953552,1.0001044273376465,0.0,0.006402675528079271,1.0001044273376465,1.0006568431854248,0.5815487596301991,2e-06,2e-06,128,82,1790318181.74944,1790318267.722871,45,42
83,57.78420662879944,528.1810655593872,57.782975912094116,0.0,0.0010514259338378906,3,1.921875,0.0,253,0,69,1352,822,442,29.8642073944211,0.9280210812746645,163.5707640891942,5.438348833827604,0.5489824636219964,3.5505687803828128,6.4765625,14.275734428316355,107.63608678989112,54.699739227071404,5.398299048921444,0.27257859131941586,2.350269556195144,175.3895762084128,57.53037014789879,10,3,0,3,0,636,1217,601,295,1558.3515625,1465.0,4616,230,0.0,0.0,0.0,0.0,528.1810655593872,131.89697910981727,110.95127271850652,453.052963419992,10.978750956943259,219.06345041756728,22.40519543703601,136.75916939604213,30.233362302914013,62.94211493197758,8.739427255142658,247.4223907480191,16.44116607652935,-0.09121819585561752,-0.09121819585561752,0.28050392866134644,0.0,0.0,0.006364281289279461,0.008237479254603386,1.0,1.0000243186950684,0.0,0.00636054202914238,1.0000243186950684,1.0004768371582031,0.5849413987910307,2e-06,2e-06,128,83,1790318336.561167,1790318425.447378,46,42
84,45.11329960823059,941.8263473510742,45.10695791244507,0.0,0.0009005069732666016,5,1.9296875,0.0,253,0,68,1364,829,445,30.532743260264397,0.6493734209620925,161.0040637600157,3.666488678718906,0.5279957305165226,2.773330603921875,7.0703125,16.065978821367025,109.55605453625321,50.26245679706335,2.877753707098009,0.27744966186628517,1.3781314053837832,168.55094230587565,58.91332062520087,7,8,1,0,0,639,1230,606,301,1507.7109375,1409.0,4999,589,0.0,0.0,0.0,0.0,941.8263473510742,122.28499662695458,98.0543148220604,911.3367778050306,27.653991721977945,88.9141261573257,11.246234541845682,84.69974387797993,12.357567665127885,34.151200049206516,5.3077725146040935,423.5674749848549,9.64575864794368,-0.052145667374134064,-0.052145667374134064,0.216224804520607,0.0,0.0,0.0056511047296226025,0.008251864463090897,1.0,0.9999448657035828,0.0,0.00564886350184679,0.9999448657035828,1.0002822875976562,0.45497998010167406,2e-06,2e-06,128,84,1790318482.500613,1790318565.335515,47,43
85,85.15308976173401,665.9160377979279,85.14682173728943,0.0,0.0017218589782714844,5,1.875,0.0,252,0,63,1383,843,447,30.242079738527536,0.407912650498929,166.4177980255156,4.145628419312061,0.42396256820325107,2.8492769616484375,7.4375,9.848841616883874,110.3616811092943,55.09598175249994,2.8849684534980042,0.5665220187411251,1.912737289922461,174.77632820224358,66.13893371075392,9,3,1,3,0,648,1243,610,305,1645.125,1348.5,6377,63,0.0,0.0,0.0,0.0,665.9160377979279,134.93918291543378,104.16324472648557,557.2282976929564,24.56294020501082,165.67128647552445,17.703433061898068,49.471330574015155,19.124180744596536,52.7033409738209,9.576282350981762,146.60992767396965,12.27984781168435,-0.06129489839076996,-0.06129489839076996,0.26537981629371643,0.0,0.0,0.006279748398810625,0.009627780877053738,0.9999999403953552,1.0000782012939453,0.0,0.006284160539507866,1.0000782012939453,1.0005788803100586,0.5493674835194299,2e-06,2e-06,128,85,1790318665.170399,1790318750.988117,48,45
86,180.68381881713867,511.04686403274536,180.67825770378113,0.0,0.0006384849548339844,3,1.0390625,0.0,254,0,73,1413,864,452,26.23694016225636,0.5816529013104628,139.01452792704708,4.891898963782296,0.48369156570311134,3.325581240570313,6.1796875,5.636068241670728,89.33877248875797,48.29465757124126,3.5690202326779854,0.23368183140792098,1.9162159984934988,148.3030638149296,53.3772222623229,9,6,0,1,0,661,1269,626,306,1494.1015625,1436.5,2940,79,0.0,0.0,0.0,0.0,511.04686403274536,117.39065248977613,104.29609766750946,458.89815882901894,23.819060370035004,192.28797510118395,20.099917880215816,145.89565534787835,28.130811991546622,62.370340001977446,5.752897056837471,194.4478264800273,9.286193738066718,-0.11713192611932755,-0.11713192611932755,0.2302314043045044,0.0,0.0,0.005675729364156723,0.008709210902452469,1.0,0.9999668002128601,0.0,0.005662675015628338,0.9999668002128601,1.0003281831741333,0.6816021053065663,2e-06,2e-06,128,86,1790318943.551229,1790319021.997721,50,47
87,101.65726137161255,770.6937539577484,101.6560606956482,0.0,0.0009522438049316406,4,1.265625,0.0,252,0,66,1441,883,459,31.01908602938056,0.8867685862492181,178.92128586335957,5.018505711655962,0.6928447943898846,3.467791116289063,8.5703125,13.178117658942938,125.3690309971571,51.89662519283593,3.5787204577293323,0.40451448398493994,2.002681480523279,189.15879004387557,76.74885904230177,11,4,1,0,0,668,1288,634,309,1577.3984375,1383.5,3667,665,0.0,0.0,0.0,0.0,770.6937539577484,144.7834445909591,110.72296518248913,648.2976959531079,23.740045942016877,112.17014915378788,14.361086933898752,217.3862311449484,20.003342704857143,43.663473972453545,4.758050757734615,648.2976959531079,29.9601152176075,-0.06680254638195038,-0.06680254638195038,0.23200847208499908,0.0,0.0,0.005626518279314041,0.008747203275561333,1.0,0.9999743103981018,0.0,0.00562299694865942,0.9999743103981018,1.0003325939178467,0.45840672606169713,2e-06,2e-06,128,87,1790319134.741237,1790319215.34555,51,48
88,144.98436498641968,477.79677391052246,144.98316502571106,0.0,0.0009617805480957031,2,1.359375,0.0,253,0,71,1455,891,465,32.39308317936957,0.5825393495861135,163.01697067436612,3.996361046015636,0.507021355428833,2.8821109320546876,6.4609375,16.585405815392733,108.51676138490438,53.43341704457998,3.7993377040254472,0.2564232209460897,1.8988277316097992,171.90350330621277,54.521652890369296,12,2,0,2,0,678,1307,639,310,1571.4921875,1540.5,4050,93,0.0,0.0,0.0,0.0,477.79677391052246,123.45765682367869,108.4982549649576,364.62219940300565,19.824154718982754,219.5099933561039,26.404531568399857,64.85168922698358,30.551277804089352,70.16616372747833,8.47640716962741,209.30829451204045,15.084446115057025,-0.10930141806602478,-0.10930141806602478,0.2809286117553711,0.0,0.0,0.006584504619240761,0.010476969182491302,0.9999999403953552,1.0000441074371338,0.0,0.006586645729839802,1.0000441074371338,1.0005290508270264,0.5714712520821404,2e-06,2e-06,128,88,1790319371.234301,1790319452.740492,51,48
89,53.61413049697876,480.19156980514526,53.612863063812256,0.0,0.0011601448059082031,3,1.625,0.0,254,0,72,1463,898,466,29.93207335099578,0.4232518324533885,181.45312614549334,4.32914067814022,0.5080328382259722,2.3867712665078136,7.796875,17.538904663175344,117.02604518458247,62.15398773178458,2.9458574517323086,0.26947827260187296,2.407355067657363,190.59387674809432,65.0038527008146,7,6,1,2,0,682,1320,646,311,1550.9140625,1470.5,5544,249,0.0,0.0,0.0,0.0,480.19156980514526,144.9818750943209,117.9727176475426,456.0175482299528,24.616721359983785,203.19494579963887,25.70640714290135,64.38921225001104,29.687181363235105,68.90201483564685,11.545392190557768,106.06541116401786,14.818530786878137,-0.05371111258864403,-0.05371111258864403,0.23598599433898926,0.0,0.0,0.005896762944757938,0.008674029260873795,1.0,1.0000017881393433,0.0,0.005894230213016272,1.0000017881393433,1.0004135370254517,0.49879190407540397,2e-06,2e-06,128,89,1790319512.741929,1790319594.904907,51,48
90,19.863351106643677,1336.1889231204987,19.86106824874878,0.0,0.0013322830200195312,7,2.4296875,0.0,249,0,69,1476,907,469,37.22057061456144,0.713389158109976,222.8984401306875,4.784618924968299,0.5561468890466585,3.9531016339140623,10.65625,16.556939585134387,161.25687680765986,59.596316292881966,3.91124359087803,0.41179736998469707,3.4535232709288266,234.1484464956643,101.56603060662746,9,4,2,1,0,688,1329,653,315,1851.828125,1541.0,6527,289,0.0,0.0,0.0,0.0,1336.1889231204987,184.56425653320775,138.68978921651433,1269.45205497797,48.07984475995181,79.76317182585663,9.529341083193314,117.13563439398422,10.444990483805302,29.565928876588966,4.884788286342791,367.639601502131,6.738944372077934,-0.09978462010622025,-0.09978462010622025,0.2841392159461975,0.0,0.0,0.0071309101767838,0.008756397292017937,1.0,1.0000040531158447,0.0,0.007120388559997082,1.0000040531158447,1.0005077123641968,0.478921492366707,2e-06,2e-06,128,90,1790319651.826872,1790319744.573274,52,48
91,60.6361403465271,454.5965676307678,60.63387179374695,0.0,0.0020961761474609375,3,2.09375,0.0,256,0,65,1495,923,471,30.97047027386725,0.7520518205867575,161.75368323404723,4.847951590399816,0.57868948815576,3.024428006335938,6.6484375,19.35355463065207,113.82737307064235,46.98686715401709,3.8783595403424442,0.5735243286460445,2.997293241312036,173.1609605977808,58.69123869948089,8,5,1,2,0,699,1339,662,316,1565.5625,1325.0,6506,263,0.0,0.0,0.0,0.0,454.5965676307678,122.08382528081711,113.57268621749245,332.8718302670168,20.412657017004676,227.0089731161785,23.04460866169322,84.37250402994687,28.296377869417263,73.46880518859024,14.311590678978245,143.69476838898845,20.926221771204585,-0.09631552547216415,-0.09631552547216415,0.2526012659072876,0.0,0.0,0.0063718995079398155,0.008352435193955898,1.0,0.9999256730079651,0.0,0.0063600786961615086,0.9999256730079651,1.0002909898757935,0.5088020074116495,2e-06,2e-06,128,91,1790319810.174834,1790319898.084152,52,49
92,126.69489860534668,447.82315397262573,126.68361377716064,0.0,0.0011756420135498047,4,1.3671875,0.0,254,0,65,1525,946,476,26.856174351647496,0.500046416913392,143.19004102095414,5.225768393430826,0.5419351367484069,2.994358511273438,6.6015625,15.808783993124962,96.17493702284992,46.33600540831685,3.6750650768256037,0.23308688572728897,2.136038706444424,153.7889372654522,49.92436173371971,9,5,0,2,0,709,1353,676,324,1525.6328125,1364.5,3649,71,0.0,0.0,0.0,0.0,447.82315397262573,110.99406985413748,95.98020074302622,391.4739115520206,16.34814389597159,228.36916557970434,24.25064426361448,42.13140691802255,26.769092738133324,72.67787081711018,8.148305793547811,145.38419186198735,12.065244420013322,-0.05833221971988678,-0.05833221971988678,0.24299828708171844,0.0,0.0,0.005780850071460009,0.01671614870429039,0.9999999403953552,1.0000215768814087,0.0,0.005776452831923962,1.0000215768814087,1.0004364252090454,0.4664402960486847,2e-06,2e-06,128,92,1790320043.620586,1790320128.119276,52,51
93,211.45440816879272,772.0396275520325,211.45196318626404,0.0,0.0009415149688720703,5,1.6328125,0.0,250,0,72,1560,977,479,25.863993730396032,0.555432907741988,164.63684528726503,4.360203723538689,0.44750531114777914,3.6310852234140625,7.90625,10.66826494783163,116.58507368713617,47.3126805908978,3.8482810342384255,0.49970296835704175,2.6058325116089236,174.48543151254717,75.05617698095739,6,8,1,1,0,720,1380,690,330,1526.9921875,1469.0,3423,330,0.0,0.0,0.0,0.0,772.0396275520325,137.39691470344906,118.0890315130091,725.5409850180149,61.730395588994725,124.06401163245727,13.3892090912177,199.5691162730218,18.056825279794985,42.19450941478758,4.433710236938975,199.5691162730218,5.979347289613837,-0.031763847917318344,-0.031763847917318344,0.2533572316169739,0.0,0.0,0.006311837583780289,0.008801447227597237,1.0,0.99995356798172,0.0,0.006306881550699472,0.99995356798172,1.0003429651260376,0.539757349853865,2e-06,2e-06,128,93,1790320354.030909,1790320441.253469,52,52
94,63.37187385559082,757.9998536109924,63.366146087646484,0.0,0.0011310577392578125,4,1.2578125,0.0,253,0,71,1572,983,484,23.45289102010429,0.45164910656217216,160.29640582086085,4.042229336804667,0.4394958065531682,2.8814309335,7.109375,5.620324149727821,106.34562865644693,53.08975797146559,3.0181097237352787,0.36087628900781965,1.8762082146095054,168.76006032578084,72.72385351546109,11,2,1,2,0,727,1396,691,333,1561.546875,1251.0,6357,249,0.0,0.0,0.0,0.0,757.9998536109924,140.90556505823906,116.05973038551747,718.9223837960453,29.872488132037688,130.2797085376217,15.097628245549888,183.815713415941,19.930888366426235,43.94855730024497,8.386545155274435,152.83387923901319,10.504556219633926,-0.06309016048908234,-0.06309016048908234,0.3024332821369171,0.0,0.0,0.00712189543992281,0.012440260499715805,1.0,0.9999585747718811,0.0,0.007116719149053097,0.9999585747718811,1.0003923177719116,0.6033808980637301,2e-06,2e-06,128,94,1790320513.976691,1790320596.124083,52,53
95,164.0471842288971,801.6350314617157,164.0454249382019,0.0,0.0014882087707519531,3,1.6796875,0.0,249,0,75,1592,998,486,27.563339188694954,0.4551525438744193,188.31452791571837,4.518913484704171,0.4812211361499976,3.708610109382812,9.0546875,5.281705075874925,123.01386609114707,64.37161592394114,3.48018403293122,0.3257297342579477,3.4020117618372296,198.59830857455518,85.47475639544427,8,7,1,0,0,737,1414,696,340,1796.0234375,1468.5,6617,505,0.0,0.0,0.0,0.0,801.6350314617157,165.43728324109657,130.11885465701926,705.2883516429283,55.03416672293679,126.19749557210402,13.6121795726702,154.374406297924,16.858742175516515,47.79627282106435,8.254379786689766,705.2883516429283,68.67906618521275,-0.09096165746450424,-0.09096165746450424,0.21618801355361938,0.0,0.0,0.0055292886681854725,0.008487843908369541,1.0,1.0000627040863037,3.1362906156573445e-06,0.00553111732006073,1.0000609159469604,1.0005158185958862,0.4536471482559692,2e-06,2e-06,128,95,1790320763.656614,1790320851.960919,54,54
96,78.84075927734375,396.5057532787323,78.83832669258118,0.0,0.0011610984802246094,3,1.3671875,0.0,253,0,75,1605,1007,488,26.948048511520028,0.6632944048144509,162.7644488903518,3.9309213347576133,0.5626423068513304,3.1226895277421876,7.2890625,4.645253878086805,104.43587749265134,57.29551878012717,3.0656034480855396,0.3273669873833569,2.144737748194757,171.74205404427312,68.15460606478155,10,5,0,1,0,743,1429,702,342,1689.4921875,1515.5,4753,546,0.0,0.0,0.0,0.0,396.5057532787323,139.75970036846047,127.26260477905453,371.3146035290556,23.297892958042212,259.8192648693128,29.439673708326275,138.48091925596236,45.239831445720036,90.90032036600273,11.987215723093874,285.52299147984013,42.82647073256961,-0.06772101670503616,-0.06772101670503616,0.21888500452041626,0.0,0.0,0.005539819598197937,0.011272693984210491,0.9999998807907104,1.000025987625122,0.0,0.005535916890949011,1.000025987625122,1.0004388093948364,0.4568397903443004,2e-06,2e-06,128,96,1790320946.097346,1790321029.029096,56,54
97,44.11914324760437,1035.653414964676,44.10711050033569,0.0,0.0009036064147949219,5,1.828125,0.0,250,0,74,1618,1017,491,22.93286431953311,0.762766115360364,162.72509772584294,5.073264691687655,0.5958727029531019,3.629312925679687,7.421875,6.770506016910076,104.0817327555269,57.576679000630975,3.793539784750692,0.5515756642980705,2.144031407103057,173.38429264060233,69.94297963567078,9,4,1,2,0,748,1441,711,344,1421.1875,1363.5,5318,98,0.0,0.0,0.0,0.0,1035.653414964676,144.8353031676752,114.92917999255587,997.4336137071077,8.247615319967736,83.27077902756506,11.722068236905367,53.78660230603418,12.364202398416966,29.274915940581124,5.134922478077655,417.68494175892556,8.60561700245409,-0.08558672666549683,-0.08558672666549683,0.2254619598388672,0.0,0.0,0.005430189892649651,0.00887399259954691,1.0,1.0000007152557373,2.4738758384046378e-06,0.005425384733825922,0.9999992847442627,1.0003671646118164,0.5096534225513615,2e-06,2e-06,128,97,1790321079.611553,1790321151.944024,56,54
98,127.60240697860718,1001.5047054290771,127.60119700431824,0.0,0.0009520053863525391,5,1.9453125,0.0,255,0,76,1640,1034,495,28.84401860460639,0.5470592769268023,175.42344450187397,3.9716803618916856,0.4398398472580993,3.0659377704375004,7.25,11.016615292057395,116.60958549194038,57.7730120010674,3.2833800162838997,0.37281696955301413,2.5156959324619947,185.13367332543748,72.87750056572258,7,6,1,2,0,755,1462,720,347,1591.3359375,1545.5,5306,474,0.0,0.0,0.0,0.0,1001.5047054290771,147.07276368732255,111.95916989758553,876.5228101979592,15.717988575983327,104.7996407449391,11.21013205343852,207.40595896201557,14.138040199595864,33.89749425636034,5.29802802846217,876.5228101979592,42.454148980442994,-0.05420937389135361,-0.05420937389135361,0.258045494556427,0.0,0.0,0.006392046809196472,0.0111163929104805,1.0,0.9999686479568481,0.0,0.0063843876123428345,0.9999686479568481,1.0003774166107178,0.5248293235910718,2e-06,2e-06,128,98,1790321295.4399,1790321382.1061,57,54
99,87.43294978141785,629.3957822322845,87.43184280395508,0.0,0.0009069442749023438,4,1.5078125,0.0,253,0,71,1661,1047,501,24.84797009639442,0.6793765535405782,149.58252888282823,4.2205501976945925,0.3607528331399408,2.5080127587578125,7.0625,12.386862127110362,102.35937314853072,46.235691003501415,2.623742960312711,0.23855176149936597,2.782561954375524,159.13286653221758,61.5834488067776,9,3,1,3,0,764,1472,728,352,1507.2734375,1404.5,5291,179,0.0,0.0,0.0,0.0,629.3957822322845,121.6273542962474,94.70474662999914,592.5551056549593,28.814305793959647,152.51743981008423,17.351562098599352,163.0725602049788,23.419378414228998,51.088945262107735,8.406475145471035,346.66886964600417,18.714171748277888,-0.030752655118703842,-0.030752655118703842,0.2600637674331665,0.0,0.0,0.0062566096894443035,0.009766018018126488,1.0,1.000013828277588,0.0,0.006247891113162041,1.000013828277588,1.0004558563232422,0.6456403495241645,2e-06,2e-06,128,99,1790321479.921137,1790321557.803787,58,55
100,61.97971796989441,880.4950652122498,61.977723598480225,0.0,0.0010230541229248047,5,1.7421875,0.0,251,0,71,1676,1055,506,26.421234250068665,0.5221553602173117,160.83841046225643,3.481378066536763,0.4800603863820925,2.620707387554687,7.3046875,9.812244959175587,101.94679315015674,58.296435518190265,3.0187857737780632,0.40339255642948046,2.4597035715846687,169.9178839420681,62.03611055202782,9,3,1,3,0,769,1491,734,353,1591.6640625,1536.5,4950,151,0.0,0.0,0.0,0.0,880.4950652122498,136.2323929682109,113.00655021202692,841.0497890301049,37.05224951999844,123.84945429199688,13.132384787656537,89.68582911600242,14.62173109798214,38.56410029034607,5.621837299913506,157.98504293593578,6.85111603629346,-0.06277130544185638,-0.06277130544185638,0.28365135192871094,0.0,0.0,0.0068143028765916824,0.011263519525527954,1.0,1.0000935792922974,4.601001364790136e-06,0.0068149748258292675,1.0000934600830078,1.0006515979766846,0.6872812920263657,2e-06,2e-06,128,100,1790321651.972621,1790321736.233486,59,56
101,127.882497549057,796.3333384990692,127.88116216659546,0.0,0.0011162757873535156,5,1.7890625,0.0,252,0,74,1692,1066,510,20.222255827859044,0.46575212981952063,149.0827590498577,3.7200522472587636,0.27641732050869905,2.209387776554688,7.078125,4.100978555157781,93.49171725288033,54.601111710071564,2.425748733657656,0.29220572265580813,1.6575895277030668,156.65754832089124,65.94923058710992,8,3,2,3,0,775,1509,742,356,1351.53125,1112.0,6984,169,0.0,0.0,0.0,0.0,796.3333384990692,135.07619889144098,110.59740463249909,704.7581304349878,19.807582852983614,110.92297960695,14.773963905837093,62.18359668596531,16.0253410577308,36.20678084507995,8.770196678144178,704.7581304349878,76.26518298612898,-0.10280224680900574,-0.10280224680900574,0.29971930384635925,0.0,0.0,0.00740035530179739,0.013093525543808937,0.9999999403953552,0.9999561905860901,0.0,0.007385520730167627,0.9999561905860901,1.0004206895828247,0.7718171379857572,2e-06,2e-06,128,101,1790321869.413885,1790321945.436648,60,56
102,51.5240740776062,900.2839252948761,51.5214262008667,0.0,0.0009157657623291016,6,1.7421875,0.0,255,0,68,1706,1076,514,36.11557072587311,1.0864331063517056,189.15789712700007,5.5094152575554745,0.5099083942498055,4.1035725920703126,7.8359375,13.609245240688324,132.84167731367052,55.122839853167534,5.464447210463732,0.37605553177490947,2.7405517788597535,201.33261170189826,76.40024673007429,12,3,0,1,0,781,1521,745,359,1946.5,1599.5,6814,514,0.0,0.0,0.0,0.0,900.2839252948761,151.96829895401652,132.4887526149978,795.1582011549035,37.796105509012705,128.75234513234332,12.267241133271021,486.9457342919777,26.719040825149783,46.12470817995807,7.568723386645123,486.9457342919777,16.485290128809364,-0.08466777205467224,-0.08466777205467224,0.2362474501132965,0.0,0.0,0.005766178481280804,0.010579709894955158,1.0,0.9999921917915344,0.0,0.005761738400906324,0.9999921917915344,1.0003851652145386,0.4994235142666391,2e-06,2e-06,128,102,1790322017.372311,1790322108.567291,60,56
103,52.183002948760986,773.1298608779907,52.17698264122009,0.0,0.0009634494781494141,5,1.828125,0.0,250,0,66,1719,1081,520,22.894650535658002,0.7417067368119206,166.84521641660945,3.614233021522523,0.4564667063448269,3.2276962128593745,8.171875,12.358247024938464,115.61947779729962,49.94990977272391,2.640197903953549,0.3435671389690924,2.8444974161875507,176.11523061291405,76.88063785620034,10,2,1,3,0,787,1530,750,366,1228.8515625,1102.0,5613,63,0.0,0.0,0.0,0.0,773.1298608779907,141.550841388354,102.72462129998894,717.5380724240094,12.206103419041028,117.6801008522397,14.30031429318285,165.6794958980463,18.20066401699343,33.908275086191665,7.260099866826641,226.23552599502727,10.26340856355953,-0.05231967568397522,-0.05231967568397522,0.2827584743499756,0.0,0.0,0.006780013907700777,0.014355608262121677,1.0,1.0000436305999756,0.0,0.006773751229047775,1.0000436305999756,1.0005502700805664,0.6297083413435328,2e-06,2e-06,128,103,1790322173.543044,1790322251.626504,61,57
104,178.74374103546143,486.94730401039124,178.74264693260193,0.0,0.0008563995361328125,3,1.6640625,0.0,249,0,70,1739,1094,527,23.660038109868765,0.6464846485312137,175.28211988471776,3.818354733021806,0.5236776402050509,3.1372210539531253,8.671875,9.64094815775752,115.72009034268558,58.93256302550435,2.8660638557962557,0.24697695643158113,3.4052197743815213,185.2686687512496,78.81371024250984,8,6,1,1,0,798,1548,754,373,1692.3203125,1548.5,7067,128,0.0,0.0,0.0,0.0,486.94730401039124,151.84957285500332,128.5932020744949,437.54805485202814,34.73584568797378,213.07199460564064,23.370085235664753,211.79402451700298,41.35876563402347,74.14115046124768,14.51286400355385,211.79402451700298,25.683866145487155,-0.11708095669746399,-0.11708095669746399,0.23407268524169922,0.0,0.0,0.0059609380550682545,0.011277328245341778,0.9999999403953552,1.0000813007354736,0.0,0.005961030256003141,1.0000813007354736,1.000572681427002,0.43376163291172815,2e-06,2e-06,128,104,1790322438.590197,1790322523.439229,61,57
105,154.69744491577148,837.8146624565125,154.69186401367188,0.0,0.0007722377777099609,4,1.1015625,0.0,250,0,74,1759,1106,535,18.74730172380805,0.6163189639539723,158.81446497924117,3.0042872803487626,0.3177755749602511,2.6967462723125006,6.8125,2.773907244205475,94.41671838797629,63.65721710585058,2.728918660016234,0.244374833321217,2.0027573368431604,166.42919535080296,69.98019464872777,8,6,0,2,0,807,1569,760,377,1752.734375,1562.5,8289,163,0.0,0.0,0.0,0.0,837.8146624565125,145.1479813164383,129.75535265399958,706.6827603099518,36.35950992500875,137.14867000508113,14.19765078486845,203.50545964791672,18.75268393920708,44.6299979485111,9.893596246807448,232.36340987303993,13.690614999359028,-0.07314392179250717,-0.07314392179250717,0.25522106885910034,0.0,0.0,0.006254770327359438,0.012817692011594772,1.0,0.9999951720237732,0.0,0.006247727200388908,0.9999951720237732,1.0004152059555054,0.5624998410542581,2e-06,2e-06,128,105,1790322685.476626,1790322771.591701,61,57
106,38.75683903694153,922.3935978412628,38.75543451309204,0.0,0.0010991096496582031,5,1.515625,0.0,252,0,69,1773,1115,540,26.67058340087533,0.5182096293981431,165.58806021330315,3.726342211110932,0.5064799039214449,3.2241245504843747,8.125,3.431452365592122,108.67359475046396,55.9101038929075,3.6677618239359617,0.26396932798616035,1.4880740653443354,173.86893537980632,74.43149693869054,11,4,0,1,0,812,1578,765,383,2134.78125,1504.5,8103,266,0.0,0.0,0.0,0.0,922.3935978412628,145.91911721299311,121.76937374949921,835.3893183498585,29.124143736960832,125.70971178107432,12.143406053787041,187.61262754595373,15.243998487737521,49.37371649866703,8.78475308042464,225.8750546220108,11.633573978588702,-0.06419622898101807,-0.06419622898101807,0.21250103414058685,0.0,0.0,0.005341210402548313,0.011370624415576458,1.0,0.99998539686203,2.8690781164186774e-06,0.005331515800207853,0.9999850988388062,1.000342607498169,0.4219889310361383,2e-06,2e-06,128,106,1790322820.403893,1790322910.97705,61,57
107,222.84687519073486,958.4746930599213,222.84540796279907,0.0,0.0010457038879394531,6,1.3984375,0.0,253,0,76,1810,1143,547,21.082143558189273,0.467381557501767,170.88970989276413,4.04959675436794,0.5306871045629578,3.347877858750001,9.0625,4.1785658448934555,112.75443061627448,57.46789620630443,2.7554327787993316,0.23145436581171452,1.9743293188982989,179.14827004633594,83.80280718579888,7,7,2,0,0,828,1600,783,387,1563.5703125,1343.5,5819,354,0.0,0.0,0.0,0.0,958.4746930599213,154.70416954430243,115.64329836453544,898.600956408045,32.40762445202563,89.12285386199513,8.806700960514865,774.8788482339005,45.97598604695475,34.80130138874864,6.0711044768671965,324.06244833700475,9.172269369645418,-0.10728834569454193,-0.10728834569454193,0.23726743459701538,0.0,0.0,0.006225195713341236,0.011819321662187576,1.0,1.0000206232070923,0.0,0.006217646412551403,1.0000206232070923,1.0004695653915405,0.48009110162391,2e-06,2e-06,128,107,1790323140.142704,1790323222.557404,62,58
108,87.64432835578918,396.91665720939636,87.63582062721252,0.0,0.0008337497711181641,2,1.0078125,0.0,249,0,69,1836,1157,557,19.68146991916001,0.5273654890615944,130.38895036551457,3.043814534655894,0.42109150639657855,2.3638581561484373,6.015625,3.1835056971758604,76.74836088903248,52.43871278874576,2.265732920487153,0.22341968408545654,1.9323279770633235,137.60265589596906,51.07548955641687,6,6,0,4,0,831,1620,790,392,1520.1328125,1481.0,6810,77,0.0,0.0,0.0,0.0,396.91665720939636,114.52397073136854,100.86890127148945,375.75241751997964,15.028091010957723,283.73168847363576,30.11715377239403,219.69446031405823,67.45204725714837,81.70355013065519,17.157254240421896,176.3463823189959,30.87451381825512,-0.07948069274425507,-0.07948069274425507,0.2188677191734314,0.0,0.0,0.005324298515915871,0.029249053448438644,1.0,1.0000793933868408,0.0,0.005316491238772869,1.0000793933868408,1.0005285739898682,0.4520373939283865,2e-06,2e-06,128,108,1790323323.975275,1790323409.297487,62,60
109,96.17661356925964,330.9499559402466,96.17510724067688,0.0,0.0013437271118164062,2,1.3671875,0.0,249,0,75,1845,1164,559,18.976568406447768,0.5358475961875229,122.09040771021773,4.027174378462178,0.3874981909921189,2.85850351221875,5.375,5.446431519463658,75.47359714098275,45.65392327308655,2.89749848766769,0.26623989674908444,2.6110445220942893,131.1234278954239,47.23167799971998,11,1,0,4,0,840,1630,798,396,1377.8046875,1272.5,4873,235,0.0,0.0,0.0,0.0,330.9499559402466,106.2528302130363,98.67775238752074,321.16474518799805,13.267730913008563,316.20641768235924,33.85406101103363,43.186136972974055,38.93470708099768,88.81453566947637,14.724280552192688,172.84759763497277,30.82180463488666,-0.047248080372810364,-0.047248080372810364,0.24464087188243866,0.0,0.0,0.005918032955378294,0.011808894574642181,1.0,1.000050663948059,6.654599474131828e-06,0.005914594046771526,1.000050663948059,1.0005098581314087,0.7183812895725686,2e-06,2e-06,128,109,1790323508.357764,1790323586.696397,62,60
110,110.74431300163269,1368.6216099262238,110.74290704727173,0.0,0.0011777877807617188,6,1.75,0.0,250,0,74,1872,1183,564,23.987602235749364,1.4871330217047216,223.1158259528147,3.4621580078739953,0.3701337918751051,3.225205067976562,13.0859375,3.311579216271639,157.17330903746188,65.13149882107973,2.350058688211675,0.26117182217149093,1.8010680618122024,231.4484559805528,126.60645639710128,8,5,2,1,0,849,1654,802,401,2049.765625,1724.5,6064,538,0.0,0.0,0.0,0.0,1368.6216099262238,203.95062503701456,135.41821739004808,1282.1646696869866,41.035276228998555,76.83618752179089,6.805387210349599,121.2942582090036,7.467165686038419,31.950637792202134,4.430735241954044,357.0959926790965,5.9949050193144995,-0.07368092983961105,-0.07368092983961105,0.24896815419197083,0.0,0.0,0.0064180828630924225,0.01220756210386753,1.0,1.000084400177002,0.0,0.006412949413061142,1.000084400177002,1.0006211996078491,0.4479144192424844,2e-06,2e-06,128,110,1790323767.259908,1790323863.07499,64,61
111,152.23720955848694,1305.3000936508179,152.23522663116455,0.0,0.0010347366333007812,6,1.4921875,0.0,254,0,76,1898,1203,570,22.436757743358612,1.2713173700701645,197.2102273368505,4.085551270850601,0.4126095691108276,2.63802977859375,10.2578125,4.272382082417607,142.53281843289733,53.41092792712152,1.6810445733558481,0.4739844050936881,1.653549662115438,206.2033711263682,112.70559094659984,9,3,2,2,0,856,1676,811,407,1664.9453125,1501.5,6205,38,0.0,0.0,0.0,0.0,1305.3000936508179,180.06651097697568,122.39696326405101,1269.5803773450025,8.515897103963653,74.60672617764938,7.75836916679873,174.9219578540651,8.958948938676997,27.211239397057003,4.753696127183383,174.9219578540651,5.4893135345601625,-0.016097867861390114,-0.016097867861390114,0.3495626151561737,0.0,0.0,0.007218881975859404,0.015328878536820412,1.0,0.9998847246170044,4.801782324648229e-06,0.007202996872365475,0.9998844861984253,1.000272274017334,0.6456322946717985,2e-06,2e-06,128,111,1790324026.931659,1790324111.771021,64,61
112,121.99626326560974,1389.8541285991669,121.99125719070435,0.0,0.0010192394256591797,7,1.703125,0.0,249,0,77,1915,1214,575,24.606762394309044,0.45821269957741606,171.58310726230434,4.6197420005391905,0.5408721102965046,3.374129236710938,7.6328125,4.659375747665763,112.27463901415467,58.449143843725324,3.9992392984729577,0.500863578007511,3.653191173594678,182.8707421162967,78.37429253198206,11,2,1,2,0,867,1693,816,408,1597.2421875,1476.5,4281,41,0.0,0.0,0.0,0.0,1389.8541285991669,154.97927295446925,131.15152298551402,1324.840090846992,8.401058021961944,72.8771923487794,7.3935816633916644,23.136716409993824,7.518745212691895,24.51660163383021,3.0801793597683647,440.1348246259149,4.507647661882811,-0.09392097592353821,-0.09392097592353821,0.22464920580387115,0.0,0.0,0.005650168284773827,0.011111012659966946,1.0,0.9997905492782593,0.0,0.005623247008770704,0.9997905492782593,0.9999744296073914,0.6279284772371817,2e-06,2e-06,128,112,1790324242.720957,1790324326.666111,64,62
113,105.45465564727783,1617.2656021118164,105.45355463027954,0.0,0.0009131431579589844,8,1.859375,0.0,253,0,73,1937,1229,579,25.423635264858603,0.5192575473377019,205.62393171865415,4.143975691921696,0.4029026094992787,3.1283770815234364,9.640625,8.576033860445023,141.7258634418249,63.0825959648937,2.544613145934136,0.4076961933676557,2.346850660538621,214.70545122996919,103.90066860802472,7,6,2,1,0,873,1707,825,413,1527.0390625,1499.0,5481,605,0.0,0.0,0.0,0.0,1617.2656021118164,182.4419188751092,137.45596937448136,1577.4385553749453,45.27426490702783,56.42888829196178,7.096546161009916,45.27426490702783,7.300930818364206,20.143156010240176,3.3890537168681143,497.89301062203594,4.896492947629976,-0.04990885779261589,-0.04990885779261589,0.24417546391487122,0.0,0.0,0.006390225142240524,0.013225430622696877,1.0,0.9999340772628784,8.04582941782428e-06,0.00638115219771862,0.999932050704956,1.000319480895996,0.5369061449673705,2e-06,2e-06,128,113,1790324477.152926,1790324560.389693,65,64
114,100.1434965133667,2108.7402317523956,100.14230442047119,0.0,0.0009753704071044922,10,1.9375,0.0,250,0,74,1958,1242,584,31.778506690636277,0.561184251623672,222.67900052319555,5.326899397750822,0.39120751051746083,3.354167718296875,9.0234375,23.541986210271716,150.50266508944333,70.66192286275327,4.469025944599025,0.5492716659687176,1.4906688928913354,232.1977696885233,89.2219792213291,8,5,1,2,0,879,1724,838,415,1692.40625,1504.0,5945,330,0.0,0.0,0.0,0.0,2108.7402317523956,181.14363046561766,132.45109059850802,1971.601093081932,31.02330660301959,52.14716904317364,5.75462061057925,100.00294757002848,6.041108558872301,17.12143872584208,2.8192187498882277,868.5949007320451,4.7937929944941615,-0.06410390138626099,-0.06410390138626099,0.24705921113491058,0.0,0.0,0.006237827241420746,0.013592221774160862,1.0,0.9999047517776489,4.71769317300641e-06,0.006226563826203346,0.9999047517776489,1.0002474784851074,0.5704251008377357,2e-06,2e-06,128,114,1790324669.561838,1790324765.796118,67,65
115,234.8758807182312,1108.117431640625,234.8747000694275,0.0,0.0008375644683837891,4,1.578125,0.0,250,0,77,2000,1272,594,30.760988933965564,0.6735925736504669,191.8933974006809,4.866699417857262,0.4177268176488269,2.6622348595000007,7.8984375,18.06303977407515,136.95820524543524,53.843409622088075,3.385152663603094,0.3124315041711725,1.9889881970325405,202.0091078317348,84.40711461938918,8,3,1,4,0,894,1753,848,422,1689.03125,1513.0,6593,72,0.0,0.0,0.0,0.0,1108.117431640625,157.86766100283353,112.46894731448265,1059.8425811959314,12.506499652023194,102.01686521553519,11.253319949617183,56.14368881599512,11.8539080324544,32.51701095733008,5.949730427251491,551.0945284989721,11.836138088425022,-0.09113074094057083,-0.09113074094057083,0.3575606644153595,0.0,0.0,0.00793058518320322,0.016292354092001915,1.0,0.999967098236084,3.543083948898129e-06,0.007918988354504108,0.999964714050293,1.0004775524139404,0.6093207604160096,2e-06,2e-06,128,115,1790325008.764873,1790325096.225302,69,65
116,87.68778991699219,560.7358825206757,87.6858024597168,0.0,0.0010809898376464844,3,1.328125,0.0,255,0,69,2024,1285,603,31.476704800501466,0.8841468369605536,167.87655409588388,3.9068078727177635,0.4090017084536157,2.6598272638750005,7.265625,13.36850792169571,115.86039959266782,50.830261850729585,2.5588101825146623,0.5558258259147806,1.0845661467660648,176.10587540335155,67.22376233525574,6,7,2,1,0,898,1770,854,427,1475.2890625,1255.5,5090,53,0.0,0.0,0.0,0.0,560.7358825206757,131.29859647706303,106.42202952998923,456.6375059989514,30.75044946197886,172.1481889704239,19.93451881436862,175.9709596010798,29.051504786822424,56.12773199363224,9.077357377450015,309.4126089249912,20.252800017990065,-0.03362979739904404,-0.03362979739904404,0.23811452090740204,0.0,0.0,0.006191993597894907,0.02793795056641102,1.0,0.9999526143074036,0.0,0.006181738805025816,0.9999526143074036,1.0003414154052734,0.5174537365270453,2e-06,2e-06,128,116,1790325204.859082,1790325286.489834,70,66
117,142.57337522506714,1393.717262506485,142.57201766967773,0.0,0.0011234283447265625,6,1.546875,0.0,252,0,70,2043,1300,605,30.2965406216681,0.7727217282645142,187.71516852368063,6.338352665015236,0.8922113036878727,3.7387206167265625,7.8203125,13.553427338600159,129.21662949211895,56.87047313153744,4.088393155821677,0.44193328588335135,2.5748739187970386,199.96979851664105,79.61155300028622,10,2,1,3,0,903,1789,862,431,1327.078125,1317.5,3323,249,0.0,0.0,0.0,0.0,1393.717262506485,160.3244639941836,125.86126146404422,1319.8766686620074,14.195365241059335,65.84668866167513,5.585781427431933,105.22544476104667,6.041947564418332,20.313302246888306,2.3842712502705607,394.5610486289952,3.325806269176088,-0.07756590843200684,-0.07756590843200684,0.22816966474056244,0.0,0.0,0.006037311628460884,0.01423464622348547,1.0,0.9999688267707825,0.0,0.006029006093740463,0.9999688267707825,1.0003594160079956,0.5136374110274864,2e-06,2e-06,128,117,1790325440.465687,1790325521.434315,71,67
118,223.93187165260315,912.9940013885498,223.93061327934265,0.0,0.0008790493011474609,4,1.4609375,0.0,250,0,68,2078,1319,618,34.028123915195465,0.5186859355796969,219.37489260805728,4.646280394304313,0.49633325456079547,4.243515502820312,9.9921875,11.552625434473157,153.68148281611502,64.67783901840448,4.586798431987745,0.2565418342026078,3.1589123676476447,230.274019391803,102.19107965938747,12,1,3,0,0,914,1813,871,436,1704.7578125,1535.0,4391,534,0.0,0.0,0.0,0.0,912.9940013885498,192.47673641791516,150.31183205101115,835.0506087130925,58.7048296269204,112.24224895688916,12.040604848751492,336.2093326319009,19.059105755527725,39.83396014799137,4.809451095321369,280.696197125013,6.944512491411191,-0.08246766030788422,-0.08246766030788422,0.24684755504131317,0.0,0.0,0.006403196603059769,0.015725262463092804,1.0,0.9999346733093262,2.2592539608012885e-06,0.006388314533978701,0.9999330043792725,1.0003182888031006,0.4986273580358161,2e-06,2e-06,128,118,1790325757.404147,1790325845.438807,73,68
119,123.45104384422302,1013.6249537467957,123.44988465309143,0.0,0.0009636878967285156,4,1.40625,0.0,253,0,69,2097,1333,622,20.90540977753699,0.5347040535323231,192.47832858711718,4.034992408352082,0.501516485787306,2.800819424703125,9.1171875,10.360517799854279,131.17174226790667,60.4190640412271,1.9512159709224761,0.21778961472705305,2.0591542844160813,200.82040528211792,96.70471046678722,7,5,3,1,0,917,1833,878,442,1492.71875,1386.0,3983,93,0.0,0.0,0.0,0.0,1013.6249537467957,169.01870447212286,129.77474024999538,973.6783644299139,6.888789394957712,97.63769097650125,9.312122758135915,41.879197423986625,9.713446072271203,31.41661671701651,3.9294612719202617,536.9674087220919,8.356103960954973,-0.05433820188045502,-0.05433820188045502,0.25726091861724854,0.0,0.0,0.006666772533208132,0.01900983601808548,0.9999999403953552,0.9999303221702576,6.2751005316386e-06,0.006660341285169125,0.999929666519165,1.0003447532653809,0.6307766036305913,2e-06,2e-06,128,119,1790326009.27087,1790326096.804147,73,69
120,91.10394430160522,511.44406485557556,91.10235118865967,0.0,0.0013606548309326172,2,1.375,0.0,254,0,69,2121,1347,630,26.593125523999333,0.736582037366361,176.91638616868795,3.988883865139769,0.5869991604206461,3.3644327153828124,6.96875,14.02061315253377,114.89846410043538,61.278444062918425,3.6324245795717616,0.30204209700832507,2.291249672071899,186.66542625486704,70.3969118911773,15,1,0,0,0,923,1853,885,449,1857.7734375,1642.0,5354,541,0.0,0.0,0.0,0.0,511.44406485557556,145.8662418766139,131.22927744002664,399.76289184208144,45.37257230799878,184.41117314878508,20.694345144055525,174.375641795923,31.40015283522094,77.49136752851291,10.468397949855753,363.1180522549839,36.096163485612664,-0.08376717567443848,-0.08376717567443848,0.2438395619392395,0.0,0.0,0.006141190882772207,0.01684151589870453,1.0,1.0000319480895996,0.0,0.0061305491253733635,1.0000319480895996,1.0004920959472656,0.46345691406166206,2e-06,2e-06,128,120,1790326213.711756,1790326297.646827,73,71
121,117.75324392318726,563.1953468322754,117.75196623802185,0.0,0.000997781753540039,3,1.1875,0.0,250,0,71,2141,1362,633,18.376340644434094,0.5179224984779012,144.61564116925,2.875977964929234,0.5094962304835917,2.7798130541562496,7.546875,3.389962524175644,97.65486305765808,46.51327174343169,2.3421631809487735,0.2306754429691864,1.4548506546700537,151.10493316034285,72.44758100062609,12,3,1,0,0,934,1870,893,451,1651.6015625,1371.0,6120,419,0.0,0.0,0.0,0.0,563.1953468322754,128.81995948346616,112.52429652496357,526.1235656750796,41.25313234902569,159.78588454756303,19.421325232037887,141.06824788398808,25.91162715507151,62.56118212773465,10.866567052484173,212.815743153129,17.466770142260554,-0.055918071419000626,-0.055918071419000626,0.19684572517871857,0.0,0.0,0.005195098929107189,0.01596440002322197,0.9999999403953552,0.9999931454658508,0.0,0.005187822971493006,0.9999931454658508,1.0003492832183838,0.4394165193358667,2e-06,2e-06,128,121,1790326418.367968,1790326498.639236,74,72
122,172.72296667099,589.4944717884064,172.7216031551361,0.0,0.0010590553283691406,3,1.2421875,0.0,251,0,77,2169,1378,641,21.381936812773347,0.7143095687190453,160.48476903350138,4.041076175243006,0.4604459943925576,2.8517703572890634,7.984375,3.1565406508743763,102.50978391058743,56.59969210624695,2.27631004023101,0.2854457700630064,1.9520956859917078,168.8603979040165,74.94422535970807,9,5,2,0,0,949,1889,905,455,1454.5390625,1429.0,3692,277,0.0,0.0,0.0,0.0,589.4944717884064,143.8288425192427,120.61173605253862,567.293218923005,39.05739049692056,145.13311109959977,17.682947845763003,102.51494888303569,21.405417496426395,52.63860502801231,6.26299342349933,159.38263173800078,8.583813920508042,-0.06926608085632324,-0.06926608085632324,0.2023245245218277,0.0,0.0,0.005396584514528513,0.01741175912320614,1.0,0.9999673962593079,3.036338966921903e-06,0.005388442426919937,0.9999671578407288,1.0003173351287842,0.5907096822269,2e-06,2e-06,128,122,1790326674.060416,1790326754.318535,77,73
123,135.412091255188,357.0822787284851,135.4109082221985,0.0,0.0009171962738037109,2,1.2109375,0.0,253,0,70,2196,1395,651,26.153129750862718,0.6798572132979643,144.26981735026834,4.127707323336608,0.642968111154687,3.105465593976562,6.0859375,6.808994675055146,95.70301219262183,47.24146302416921,4.134691382147139,0.4660718257755434,2.2096708814215162,154.2863003493751,58.02530711144209,7,8,0,1,0,959,1912,905,458,1397.1640625,1274.5,4040,287,0.0,0.0,0.0,0.0,357.0822787284851,120.7235715556335,106.35920557996724,314.52930183694116,36.365604782971786,243.16291185284226,28.657260831980054,83.11528626503423,37.3512148598162,83.47142505307691,11.313919061975902,253.1132924670237,38.857741575359796,-0.0894443616271019,-0.0894443616271019,0.21893174946308136,0.0,0.0,0.005751666147261858,0.01666020043194294,1.0000001192092896,0.9999094009399414,0.0,0.0057422867976129055,0.9999094009399414,1.0002202987670898,0.5273433261445779,2e-06,2e-06,128,123,1790326893.011562,1790326967.315198,77,73
124,158.16883754730225,1147.741146326065,158.1673882007599,0.0,0.0011909008026123047,5,2.015625,0.0,250,0,75,2212,1406,656,32.52857270464301,0.6656019709125758,223.24243453304757,4.315014425163554,0.4130911210083923,3.7422504611640623,12.625,9.47244700603187,167.37597926706076,54.40665763057768,3.7247808048248316,0.33132969079042596,1.7833413006412684,231.86903697271737,120.41197851672769,10,3,3,0,0,966,1930,915,460,1838.4375,1582.0,7231,227,0.0,0.0,0.0,0.0,1147.741146326065,190.55747010776167,123.98641534955823,1032.4861418590008,25.23927534496761,79.35209690634609,9.16060213895394,159.8841039049439,10.643240416884032,34.171468127237354,6.300201071597484,497.2825615829206,11.116772335098636,-0.13999240100383759,-0.13999240100383759,0.21636700630187988,0.0,0.0,0.006175488233566284,0.014462159015238285,1.0,1.0000110864639282,0.0,0.0061617763713002205,1.0000110864639282,1.0004725456237793,0.5021418057289039,2e-06,2e-06,128,124,1790327128.804368,1790327212.212912,77,73
125,73.221027135849,586.6257727146149,73.21238422393799,0.0,0.0008485317230224609,3,1.421875,0.0,256,0,76,2230,1419,660,35.705297922715545,0.7594602301264786,174.57021756892073,4.501296941225974,0.46112651324892795,3.2112287218749995,6.7265625,10.326738586649299,115.90728027373552,56.34110084734857,3.7247685852489667,0.4480611338678955,1.4061919775319893,183.72981378613463,64.80417328886688,10,5,0,1,0,976,1943,923,464,1690.515625,1339.5,5876,157,0.0,0.0,0.0,0.0,586.6257727146149,138.5021803230684,121.0103699490137,484.9726425820554,28.28028186102165,166.58746435189713,17.28870511956511,134.87213788402732,22.4502897553959,61.47758078620614,10.016607304532101,132.79714619900915,12.947618675169542,-0.08350000530481339,-0.08350000530481339,0.2176210582256317,0.0,0.0,0.005695922765880823,0.016879497095942497,1.0,1.0000702142715454,0.0,0.005691241938620806,1.0000702142715454,1.000540852546692,0.5936276159142511,2e-06,2e-06,128,125,1790327300.840637,1790327383.19515,78,73
126,94.8830394744873,515.1365406513214,94.88142704963684,0.0,0.0007328987121582031,3,1.53125,0.0,251,0,72,2255,1434,667,24.96180414222181,0.6960546755003634,145.77030831645243,4.830149962263931,0.6466542065784324,2.937941894921875,5.859375,13.231247892603278,94.54580373875797,49.286335967481136,2.6172343945831926,0.19435412789744078,2.8069947251951817,156.3434442899204,52.80135294981301,10,2,0,4,0,981,1961,932,469,1294.6796875,1195.5,4684,47,0.0,0.0,0.0,0.0,515.1365406513214,118.30331919401897,105.05880992901803,414.0798010050494,14.172423548996449,198.66286299668556,23.22879286503456,78.93526502302848,27.432290248955567,53.616529121408746,9.092734897193873,245.69650631400873,17.384202060099533,-0.07934881001710892,-0.07934881001710892,0.3030909299850464,0.0,0.0,0.007410143502056599,0.04655127599835396,0.9999999403953552,0.9999976754188538,3.0940593660488958e-06,0.007403626572340727,0.9999974370002747,1.000507116317749,0.6194361032780633,2e-06,2e-06,128,126,1790327491.461828,1790327576.449069,80,74
127,91.05434036254883,363.1333520412445,91.05216693878174,0.0,0.001905202865600586,2,1.2265625,0.0,252,0,73,2276,1444,676,22.517508942633867,1.011815718595244,129.17686629337527,3.26210980344149,0.3799476867584417,2.782513800046875,6.421875,7.495533883571625,86.76863125525415,41.513112330809236,2.6682597053238624,0.24661447832886552,2.3798691230210807,137.4467449470485,53.55941227450967,11,4,0,1,0,988,1978,943,472,1671.296875,1499.5,6461,222,0.0,0.0,0.0,0.0,363.1333520412445,106.41964792837939,100.20380651394953,305.1485066418536,24.81748787208926,247.03183966922236,30.97760075401266,183.14331218623556,62.49790271207027,98.18523452311187,17.792361851869124,183.14331218623556,35.89643074252698,-0.10759732872247696,-0.10759732872247696,0.25367435812950134,0.0,0.0,0.006429951172322035,0.01962588168680668,1.0,1.0000107288360596,4.5955880523251835e-06,0.006424983963370323,1.000008463859558,1.000472068786621,0.5478008063156862,2e-06,2e-06,128,127,1790327679.309927,1790327753.609297,81,75
128,102.37817096710205,823.5027968883514,102.373220205307,0.0,0.0009405612945556641,4,1.6484375,0.0,251,0,68,2305,1466,681,23.969953395426273,0.8086171660606851,154.3841658099675,4.167880598256033,0.3822209023533105,2.905809289593751,6.8203125,7.345529990270734,99.61326644942164,54.05819595977664,3.2274423631272384,0.40923277219690135,1.8014899183597208,162.94272054072553,64.00908432714641,8,4,0,4,0,996,1992,955,478,1692.5859375,1665.0,4823,66,0.0,0.0,0.0,0.0,823.5027968883514,131.77779269844973,114.57344575651223,783.7498036988836,17.760712732037064,148.56395606136633,14.222173918843271,179.40957082505338,18.18370311326486,43.84745277907721,5.856689276859725,241.4113391219871,8.285639542808445,-0.15107131004333496,-0.15107131004333496,0.22048413753509521,0.0,0.0,0.005581551697105169,0.03261507675051689,1.0,0.9998011589050293,0.0,0.0055563547648489475,0.9998011589050293,0.9999897480010986,0.6070648321536791,2e-06,2e-06,128,128,1790327867.680404,1790327954.873055,82,76
129,81.57832527160645,1256.1742885112762,81.57719302177429,0.0,0.0008420944213867188,7,1.875,0.0,251,0,72,2319,1479,682,28.177224151790142,0.6268455209080912,177.85782523339412,4.23734560378216,0.3829647567022221,3.2956061650234365,9.0,8.244636230170727,130.1834303289652,46.49675582163036,2.510984069263259,0.3011974205073784,2.1750580120608447,186.70064779393078,90.0167551599443,8,5,1,2,0,1001,2007,963,484,1689.5234375,1328.5,6836,166,0.0,0.0,0.0,0.0,1256.1742885112762,154.47365675569745,101.81730974101811,1182.2575418661581,17.362051102973055,81.36543439986924,8.349955970226693,40.89189995004563,8.630915825594986,28.692807197464877,5.4419200126293905,112.78008982393658,5.978690470747525,-0.08147706091403961,-0.08147706091403961,0.2733325660228729,0.0,0.0,0.007031094748526812,0.017816120758652687,0.9999999403953552,1.0000150203704834,0.0,0.007022438105195761,1.0000150203704834,1.0005193948745728,0.6854305114236776,2e-06,2e-06,128,129,1790328049.337471,1790328137.662627,82,76
130,112.074622631073,889.381539106369,112.07337617874146,0.0,0.0010182857513427734,5,1.5234375,0.0,254,0,74,2343,1499,686,21.353873264044523,0.517682057435195,153.2991705002405,4.910245281389962,0.6197957298072652,2.7544660958828118,7.9296875,5.716586165130138,105.20047854632139,47.14465555921197,2.3643174277672188,0.285069894879598,1.7778458014231546,162.82017873973518,75.2336455360055,8,4,1,3,0,1012,2025,972,488,1676.671875,1427.0,5011,187,0.0,0.0,0.0,0.0,889.381539106369,137.0897201615162,118.19253156988998,862.7012036959059,27.93422393698711,118.25464705021426,11.331469742587812,137.065594868036,13.395967581417228,40.21783500919066,5.634252319915412,154.25864280201495,6.8165473082005,-0.09734188765287399,-0.09734188765287399,0.2828958332538605,0.0,0.0,0.007111743558198214,0.01900603249669075,1.0,0.9999234080314636,0.0,0.007102133706212044,0.9999234080314636,1.0003396272659302,0.5905888884469576,2e-06,2e-06,128,130,1790328286.950346,1790328370.742265,82,76
131,78.6556761264801,319.2893052101135,78.65181970596313,0.0,0.00092315673828125,2,1.1875,0.0,254,0,70,2368,1519,689,20.662324622273445,0.5006103199011704,134.86554379102245,4.270995550846692,0.46697129346966904,2.795423051015624,6.5,6.270664278417826,86.1150281317532,47.84757533669472,2.339554183907694,0.27986509876109267,2.0962794756446783,143.44059560002052,55.943761456757784,8,4,1,3,0,1020,2039,982,493,1495.703125,1520.5,3797,73,0.0,0.0,0.0,0.0,319.2893052101135,116.16478115118298,110.63342840844416,289.4565429490176,12.359850601991639,358.90439004188585,39.27472607248103,240.26718063588487,158.6897349010235,99.93549051802889,11.892036275694617,202.774730279285,32.58819767616346,-0.05699872225522995,-0.05699872225522995,0.2581236958503723,0.0,0.0,0.006503258366137743,0.0203075148165226,1.0,0.9999547600746155,0.0,0.0064951516687870026,0.9999547600746155,1.000366449356079,0.6908973502058199,2e-06,2e-06,128,131,1790328461.027261,1790328547.836902,83,77
132,192.15236496925354,1038.5712630748749,192.15067195892334,0.0,0.0009064674377441406,6,2.0625,0.0,252,0,72,2398,1540,698,27.74916449189186,0.36216780220775036,216.02680682372147,4.287503592086523,0.5155288844166535,3.387360958257813,12.0859375,8.061378007754683,157.6929529234767,57.339341420680285,3.057831941180666,0.3759883103593893,1.7137618243377801,224.93807053667706,118.01367423683405,7,5,3,1,0,1031,2060,994,497,1649.234375,1383.5,4757,154,0.0,0.0,0.0,0.0,1038.5712630748749,192.12442567990502,132.79926910146605,995.2231602690299,29.28766273596557,91.15086275966193,9.554471948916817,96.57967267901404,10.534064317739796,33.87698843360943,4.580330853673012,365.51111203600885,7.067718973790956,-0.05449444800615311,-0.05449444800615311,0.2680344879627228,0.0,0.0,0.007249174173921347,0.01937241479754448,1.0,1.000019907951355,3.3747301131370477e-06,0.007235134486109018,1.000019907951355,1.0005519390106201,0.5238934708699761,2e-06,2e-06,128,132,1790328751.063253,1790328837.170316,83,77
133,173.97873640060425,486.28158593177795,173.97760701179504,0.0,0.0008242130279541016,2,0.9921875,0.0,255,0,73,2426,1557,708,22.627378357574344,0.47667976710863513,159.5060457778759,4.1138605406317765,0.5511426570701587,2.9887607493125,6.1171875,7.285266872495413,93.55858623422682,65.0141417235136,3.105208026976925,0.5391290613843012,2.5552124464770714,168.95245716392355,59.751486824825406,7,5,0,4,0,1039,2085,1001,502,1348.515625,1309.5,4957,71,0.0,0.0,0.0,0.0,486.28158593177795,139.26987392361207,127.56237157105352,472.86757534299977,2.3613416580483317,231.12191903787394,24.652383201040717,21.31074703502236,25.78226201979491,59.159824606990846,10.193682309606174,213.97147597395815,18.2035106987685,-0.12821155786514282,-0.12821155786514282,0.29003700613975525,0.0,0.0,0.007108327932655811,0.019241446629166603,0.9999999403953552,0.9999216198921204,1.5760540463816142e-06,0.0070978496223688126,0.999921441078186,1.000331997871399,0.6360749576484778,2e-06,2e-06,128,133,1790329029.145946,1790329112.347833,84,77
134,117.42705273628235,763.9467413425446,117.42580533027649,0.0,0.0010085105895996094,4,1.265625,0.0,255,0,75,2444,1568,713,25.969179842621088,0.5593230194294847,161.27304447450388,4.337210752633837,0.5063062101953619,3.433485517429688,6.171875,11.303360376507044,102.8020028937608,57.365653585642576,4.3091132317372285,0.41377756256088105,2.7148514101472756,171.84718778253136,60.60054990276694,9,5,0,2,0,1049,2095,1011,508,1475.53125,1460.5,3729,112,0.0,0.0,0.0,0.0,763.9467413425446,135.38108590286902,115.55804169611656,654.9565403891611,23.68179900594987,145.23176463630594,15.60972690196079,156.8314445388969,19.64206809280374,41.20444305408149,4.881230324311261,229.93950306391343,6.983051413348642,-0.10397963225841522,-0.10397963225841522,0.24268211424350739,0.0,0.0,0.006111087743192911,0.016535066068172455,1.0,1.0000139474868774,0.0,0.0061066607013344765,1.0000139474868774,1.0004535913467407,0.6632557175465699,2e-06,2e-06,128,134,1790329241.902297,1790329327.872173,85,78
135,99.26768326759338,947.8338108062744,99.26570630073547,0.0,0.0011210441589355469,4,1.515625,0.0,256,0,74,2462,1581,718,25.482825294137,0.5376845158448305,165.49682834754503,3.9705356965691863,0.2816700087209938,3.104004969710938,7.7421875,8.191430646926165,109.18574538081884,55.22806888818741,3.9811283402696063,0.33446780692338507,2.7062465443586916,175.0567406927462,70.82160345464945,10,2,1,3,0,1055,2112,1018,511,1780.3203125,1258.0,6538,131,0.0,0.0,0.0,0.0,947.8338108062744,144.21801595692432,109.32473457159358,907.7789811341208,24.178945310995914,117.80651705705203,12.388247671827273,81.663194085937,13.556220649067766,40.07049150774528,6.897833697701133,248.96129539015237,9.355068135863306,-0.1506880670785904,-0.1506880670785904,0.2536381185054779,0.0,0.0,0.006241737399250269,0.01757236383855343,0.9999999403953552,1.0000320672988892,0.0,0.006236632354557514,1.0000320672988892,1.0004991292953491,0.6125466873903904,2e-06,2e-06,128,135,1790329439.780784,1790329526.482464,85,78
136,116.86060953140259,398.2304410934448,116.8591661453247,0.0,0.001207113265991211,3,1.234375,0.0,256,0,71,2483,1594,724,20.3257338386029,0.6210933662437128,143.15506223730927,3.390062240399402,0.369868723745185,2.6749263371328125,5.4453125,4.634401137009263,80.83689719252288,61.36957342736423,3.0792495196396885,0.2685528939996402,2.1967090363928037,151.07834846830747,51.88714586570859,7,6,0,3,0,1060,2128,1027,515,1450.515625,1364.0,7073,99,0.0,0.0,0.0,0.0,398.2304410934448,126.33166208314606,125.25087447804981,377.8651503039873,22.836784517916385,267.9826108730139,31.51190543230063,110.42862598510692,43.60292166773219,77.70459045864915,17.761073163013975,220.13757935498143,39.715235809883204,-0.12340467423200607,-0.12340467423200607,0.2525935769081116,0.0,0.0,0.006324368063360453,0.020024985074996948,1.0,0.9998970031738281,0.0,0.006311492528766394,0.9998970031738281,1.0002340078353882,0.6272933607185198,2e-06,2e-06,128,136,1790329655.58373,1790329740.292665,86,79
137,142.01681113243103,922.2179136276245,142.01367211341858,0.0,0.0008018016815185547,5,1.4375,0.0,250,0,69,2515,1618,730,22.244876021519303,0.7892398290723577,172.442053424812,4.258534573599718,0.5471691674524664,2.9152402415078122,7.7578125,3.876052552834153,104.33357942849398,66.86961897090077,3.3683535191053124,0.3950922824224108,2.9852916933455163,182.77014385989196,73.68974428623915,11,2,1,2,0,1071,2147,1039,519,1654.3046875,1386.5,6230,132,0.0,0.0,0.0,0.0,922.2179136276245,158.238199149886,117.15521368847112,863.3354362139362,41.74552207312081,117.81470705328832,12.266081403150435,55.29738572007045,13.04848557145515,38.26843180101526,6.755453248022208,105.14091196999652,7.624740370076525,-0.17735806107521057,-0.17735806107521057,0.22669188678264618,0.0,0.0,0.0058527057990431786,0.016155384480953217,1.0,0.9999805092811584,0.0,0.0058447979390621185,0.9999805092811584,1.0003706216812134,0.5229140838873355,2e-06,2e-06,128,137,1790329894.295158,1790329983.559721,86,81
138,103.29734873771667,585.9249167442322,103.2929048538208,0.0,0.0008437633514404297,3,0.984375,0.0,249,0,72,2540,1634,734,21.31043815985322,0.6430365351629916,138.20878159049153,2.919700321649543,0.4008201028414078,2.6476129536875,6.609375,3.396079869940877,87.32251240126789,49.850467301905155,3.0416897178474755,0.22439892500869973,2.3932884179926077,146.12832737662256,59.02348667010665,9,4,1,2,0,1077,2164,1051,528,1627.328125,1336.0,8402,244,0.0,0.0,0.0,0.0,585.9249167442322,121.69971119325965,107.38999554846669,488.3310757969739,28.73452516499674,175.93721832621614,18.898325849544957,66.50008188304491,21.3178101177222,59.250481318048635,14.339721284916168,488.3310757969739,86.09149838195847,-0.0904403105378151,-0.0904403105378151,0.24847295880317688,0.0,0.0,0.006079057697206736,0.021371951326727867,1.0,0.9999601244926453,0.0,0.006071826908737421,0.9999601244926453,1.0003383159637451,0.567965393896039,2e-06,2e-06,128,138,1790330100.029158,1790330184.22916,89,83
139,147.43955993652344,1454.4708349704742,147.43634629249573,0.0,0.0009827613830566406,7,1.421875,0.0,254,0,72,2569,1652,743,20.223636651411653,0.48036688948423034,147.44014845731272,3.3633323074113832,0.284925324634969,2.430761596359375,7.265625,5.710194602608681,99.18677661195397,47.49993880838156,2.399674106422026,0.26362490478595646,1.2344958782628055,154.03750291485176,70.24235449172556,7,4,1,4,0,1087,2183,1062,533,1547.515625,1469.5,5749,49,0.0,0.0,0.0,0.0,1454.4708349704742,129.6901271321767,98.73181588260923,1416.6227876041085,4.8789799269870855,71.50939766725863,7.558075236498749,113.40150755492505,8.197189940348002,22.698060265565136,3.9526402742319027,350.5772055789712,5.207929321205531,-0.03671777993440628,-0.03671777993440628,0.23418188095092773,0.0,0.0,0.006043774075806141,0.02221084013581276,1.0,1.0000464916229248,0.0,0.00603874446824193,1.0000464916229248,1.0005289316177368,0.5397723955399804,2e-06,2e-06,128,139,1790330345.880627,1790330435.834715,89,85
