update,rollout/producer_wait_seconds,rollout/producer_duration_seconds,rollout/ready_wait_seconds,rollout/lag_wait_seconds,rollout/sync_barrier_seconds,rollout/policy_lag_max,rollout/policy_lag_mean,rollout/zero_variance_group_rate,rollout/inflight_trajectories,rollout/ready_groups,rollout/buffered_groups,rollout/filtered_groups_total,rollout/filtered_groups/official_outcome_all_zero,rollout/filtered_groups/official_outcome_all_one,rollout/timing/user_calls_mean,rollout/timing/agent_active_seconds_mean,rollout/timing/evaluate_seconds_mean,rollout/timing/user_seconds_mean,rollout/timing/wall_seconds_mean,rollout/timing/pack_seconds_mean,rollout/timing/tokenize_seconds_mean,rollout/timing/step_wait_seconds_mean,rollout/timing/step_active_seconds_mean,rollout/timing/setup_seconds_mean,rollout/timing/agent_wait_seconds_mean,rollout/timing/progress_seconds_mean,rollout/timing/dump_seconds_mean,rollout/timing/simulation_seconds_mean,rollout/timing/thread_cpu_seconds_mean,rollout/trained_groups_airline,rollout/trained_groups_retail,rollout/trained_groups_telecom,rollout/trained_groups_banking,rollout/trained_groups_banking_knowledge,rollout/drawn_groups_retail,rollout/drawn_groups_airline,rollout/drawn_groups_banking,rollout/drawn_groups_telecom,rollout/response_len/mean,rollout/response_len/median,rollout/response_len/max,rollout/response_len/min,rollout/prefix_cache_hit_rate,rollout/avg_cached_tokens_per_sample,rollout/repetition_frac,rollout/truncated_ratio,perf/rollout_time,perf/non_generation_time/mean,perf/non_generation_time/median,perf/non_generation_time/max,perf/non_generation_time/min,perf/tokens_per_gpu_per_sec,perf/longest_sample_tokens_per_sec,perf/longest_sample_non_generation_time,perf/longest_sample_tokens_per_sec_without_non_generation,perf/effective_tokens_per_gpu_per_sec,perf/longest_effective_sample_tokens_per_sec,perf/longest_effective_sample_non_generation_time,perf/longest_effective_sample_tokens_per_sec_without_non_generation,train/loss,train/pg_loss,train/entropy_loss,train/pg_clipfrac,train/ppo_kl,train/train_rollout_logprob_abs_diff,train/kl_loss,train/ois,train/tis,train/tis_clipfrac,train/tis_abs,train/tis_weight,train/tis_weight_squared,train/grad_norm,train/lr-pg_0,train/lr-pg_1,train/global_batch_size,train/step,start,end,rollout/filtered_groups/removed_sample,rollout/filtered_groups/permanently_too_long
0,213.069744348526,213.0734453201294,212.99152421951294,0.0,0.0008432865142822266,0,0.0,0.0,251,0,62,8,2,6,5.203125,14.905781095847487,4.645088909252081,36.78132172860205,99.81323354854248,0.43741664139088243,0.4058636607369408,13.654726827517152,60.952474009245634,10.47984951431863,7.003138747066259,5.93484951328719,0.7276147419470362,75.92867502471199,1.845986192625,6,6,0,4,0,18,35,11,6,1079.65625,1025.0,2831,188,0.0,0.0,0.0,0.0,213.0734453201294,77.17595584032824,69.19074360653758,178.14984201267362,23.34447991102934,366.3775803504989,39.34793464011233,103.3520536236465,76.41171762742732,108.09731185442438,13.286498445390984,105.98486789688468,26.43605945768686,0.0046178316697478294,0.0046178316697478294,0.28333210945129395,0.0,0.0,0.006253516301512718,0.0,1.0,0.9999748468399048,0.0,0.00624984921887517,0.9999748468399048,1.0003505945205688,0.573668001710704,2e-06,2e-06,128,0,1790393845.809417,1790393919.051738,,
1,70.9711983203888,283.6645770072937,70.96849346160889,0.0,0.002556324005126953,1,0.953125,0.0,256,0,67,14,5,9,6.3125,24.835907850414515,3.910464816406602,49.28100176900625,129.83077145082643,0.4434094029420521,0.32024728987016715,29.400515684857965,85.59249236620963,3.7961022248200607,8.009449701756239,3.8901424025243614,0.717573737638304,117.13170625362545,2.4975973540546876,12,3,0,1,0,25,45,16,11,1393.734375,1309.0,5567,2,0.0,0.0,0.0,0.0,283.6645770072937,96.26703109306982,83.71541776135564,255.3985356427729,10.034775104373693,283.62312341616297,39.01086317067875,216.43218881636858,164.59329049229973,104.817458399945,19.62529145772353,216.43218881636858,82.80235389215909,-0.03841941058635712,-0.03841941058635712,0.2828948199748993,0.0,0.0,0.006606708746403456,0.00020782879437319934,1.0,1.0002391338348389,0.0,0.006612058263272047,1.0002391338348389,1.0009099245071411,1.0539706584458346,2e-06,2e-06,128,1,1790394000.134381,1790394075.172446,,
2,67.75275158882141,449.7322564125061,67.7477080821991,0.0,0.0010154247283935547,2,1.65625,0.0,252,0,72,22,9,13,7.3203125,28.99018270894885,4.681417630636133,57.0184117462486,163.16895215801196,0.37616407580208033,0.5109861778328195,47.11065429262817,101.24547667615116,4.548078921652632,10.35202788375318,4.608024539571488,0.41644387476844713,150.3420448200195,3.829839417234375,10,6,0,0,0,32,55,25,14,1702.40625,1557.0,5295,427,0.0,0.0,0.0,0.0,449.7322564125061,123.9052791549475,108.59064270369709,416.4053850732744,45.34511520713568,238.80764269994987,24.96596550482113,82.13463624939322,30.54426738404301,80.75471457108068,11.773671833632696,317.6387801244855,40.08524984575788,-0.0814838632941246,-0.0814838632941246,0.24575723707675934,0.0,0.0,0.005786969792097807,0.00019906435045413673,1.0,0.9999973773956299,0.0,0.00577821210026741,0.9999973773956299,1.0003834962844849,0.5205184620524649,2e-06,2e-06,128,2,1790394159.526465,1790394253.799397,,
3,27.152194499969482,494.92994832992554,27.15088176727295,0.0,0.0010442733764648438,3,1.8203125,0.0,251,0,69,38,14,23,8.3359375,26.00299058109522,4.036948867724277,72.16727001778781,180.02766641124617,0.6387038380198646,0.2059150572749786,56.384029330685735,112.19606711901724,3.4383563781739213,10.379914328455925,2.5806824920582585,0.3985171384993009,170.19520260803984,3.2438559240625,7,4,1,4,0,36,64,34,21,1566.34375,1360.5,5167,19,0.0,0.0,0.0,0.0,494.92994832992554,145.93780810228782,113.60089836642146,451.87172782048583,12.791545622050762,221.08145547174067,22.72240756080353,39.764805641025305,24.707515899754437,67.51527856838908,10.439861272156485,437.18982768431306,89.48717013795549,-0.008595713414251804,-0.008595713414251804,0.31249386072158813,0.0,0.0,0.0067820255644619465,0.00024689699057489634,1.0,1.0000079870224,0.0,0.006781457923352718,1.0000079870224,1.0004562139511108,0.563523368279828,2e-06,2e-06,128,3,1790394289.886892,1790394378.102214,1,
4,24.50896692276001,462.64869594573975,24.50785231590271,0.0,0.0009791851043701172,3,1.8203125,0.0,253,0,72,45,15,28,6.953125,17.801195675507188,2.602645255799871,60.712601659819484,135.87824694573646,0.3049283728469163,0.2153430297912564,43.02665625140071,85.57225278578699,1.821023523574695,4.529339386150241,2.2974290587008,0.3083690223284066,129.38178427060484,2.67306494996875,9,4,1,2,0,43,73,42,23,1488.2265625,1385.5,4156,126,0.0,0.0,0.0,0.0,462.64869594573975,113.2376174259989,94.11433405429125,389.1936479844153,23.184108965098858,200.08197900015946,27.22584135734229,43.21165198087692,30.03072852348062,68.62406316402304,8.983057850199632,389.1936479844153,56.57882086181765,-0.014988654293119907,-0.014988654293119907,0.3321897089481354,0.0,0.0,0.007143249269574881,0.0002443004632368684,0.9999999403953552,0.9999051094055176,0.0,0.007134343031793833,0.9999051094055176,1.0002632141113281,0.6655853537272565,2e-06,2e-06,128,4,1790394406.263232,1790394489.008553,2,
5,65.53200626373291,555.4029548168182,65.53057146072388,0.0,0.0010788440704345703,4,2.2109375,0.0,255,0,77,53,17,33,6.453125,16.55568801984191,3.1413143370009493,56.092876229435205,130.02205869593308,0.3212739403825253,0.2777890579891391,43.5664974655956,78.81691235676408,1.965380976034794,3.6780117098242044,1.7184787454025354,0.5061968181689736,123.02105389832286,2.1721533204296875,9,3,1,3,0,47,90,48,25,1381.859375,1245.0,5446,85,0.0,0.0,0.0,0.0,555.4029548168182,109.66947888143477,88.64385733939707,484.4092364050448,16.19324690848589,162.37850234294265,15.939778359515348,44.98761525005102,17.34469815800264,53.07797952999653,9.805493385961887,418.8677069246769,39.887135989251455,-0.04556023329496384,-0.04556023329496384,0.3005109429359436,0.0,0.0,0.006658513098955154,0.00024553044931963086,1.0,1.0000685453414917,0.0,0.0066591850481927395,1.0000685453414917,1.0005683898925781,0.5831098355430191,2e-06,2e-06,128,5,1790394563.189061,1790394639.309751,2,1
6,21.284888982772827,474.55952882766724,21.282355546951294,0.0,0.0012166500091552734,4,2.0546875,0.0,255,0,73,62,19,39,8.171875,14.57910667359829,2.607405277376529,74.19007529504597,154.75952695778687,0.19598868032335304,0.34605115884914994,54.01062019355595,93.70297584868968,1.9999108481570147,2.8916856106370687,1.7597132639784832,0.3947010890406091,148.25720281826216,2.1367339068125,6,6,2,2,0,52,102,51,26,1328.3984375,1317.5,3145,135,0.0,0.0,0.0,0.0,474.55952882766724,136.8932924659457,109.63774618320167,441.0208242200315,28.180861372500658,188.91588491501923,23.305822195420202,192.81615649163723,39.255581802325224,59.71677933993782,6.62719808359824,128.86480256170034,9.097622153426586,-0.038522493094205856,-0.038522493094205856,0.2984737455844879,0.0,0.0,0.007012784481048584,0.0002974532835651189,1.0,1.0001003742218018,0.0,0.007008973974734545,1.0001003742218018,1.0006643533706665,0.6227498557306136,2e-06,2e-06,128,6,1790394671.916265,1790394751.153336,3,1
7,35.857783794403076,482.50743794441223,35.852861642837524,0.0,0.0009632110595703125,4,2.3671875,0.0,249,0,70,69,23,42,7.1484375,17.58216817304492,3.5637117648439016,70.69929744303226,154.94390557776205,0.2402446992637124,0.3152590115205385,51.15632936172187,95.305867575109,1.6583144372561947,3.6408322248607874,2.4654578831978142,0.5821637947228737,147.62890845452785,3.033879347921875,11,1,1,3,0,60,111,54,26,1480.3828125,1418.5,3585,60,0.0,0.0,0.0,0.0,482.50743794441223,133.55151868608664,110.90892106480896,429.84102683886886,21.58870119974017,207.8741703146317,21.064960248697666,81.71909601613879,25.360019084135402,65.45287702619494,7.429937277802158,429.84102683886886,68.06995055758912,-0.05024182051420212,-0.05024182051420212,0.3528340756893158,0.0,0.0,0.007229800336062908,0.0003244565159548074,1.0,0.9999861717224121,0.0,0.007220841478556395,0.9999861717224121,1.0004351139068604,0.5004814333563533,2e-06,2e-06,128,7,1790394798.696622,1790394880.062519,3,1
8,86.8808822631836,351.02351236343384,86.8729259967804,0.0,0.0027031898498535156,3,1.8515625,0.0,255,0,80,76,26,46,5.5625,21.15095259062946,5.234171279385919,47.575588742271066,142.65522717524436,0.7484934402164072,0.5081870039866772,47.14224817790091,82.01998057030141,2.770752565236762,10.026925286278129,2.8433858455973677,0.6762240029056557,131.45946690265555,3.2090623444609374,8,6,0,2,0,66,129,61,28,1223.546875,1213.5,3255,217,0.0,0.0,0.0,0.0,351.02351236343384,111.08198824705323,107.90251267328858,271.3778174482286,31.078995902091265,232.28121135728315,33.254182665445796,78.319780331105,42.80469472495585,74.36064085162523,9.2728831128267,111.5222017429769,13.590739823375209,-0.05398740619421005,-0.05398740619421005,0.2908461391925812,0.0,0.0,0.006509196944534779,0.0003316221700515598,1.0,1.0000492334365845,0.0,0.006507182493805885,1.0000492334365845,1.0005180835723877,0.6397268931489384,2e-06,2e-06,128,8,1790394986.929605,1790395058.390506,3,1
9,1.0712437629699707,902.6954419612885,1.0689456462860107,0.0,0.0009639263153076172,7,2.5859375,0.0,253,0,69,86,30,50,9.21875,28.51611070148647,3.7757204596418887,86.31237728521228,195.0317058438086,0.5831252388597932,0.3402792147535365,52.95699265226722,132.6510049365461,1.8335486051510088,14.694749854505062,1.7585277780890465,0.7855508595821448,186.86257762333844,2.4497872354765624,8,4,2,2,0,67,137,66,29,1586.5546875,1172.0,5534,2,0.0,0.0,0.0,0.0,902.6954419612885,152.08405782913906,113.42307141982019,784.573777794838,7.971671711653471,81.88346799750781,11.285090769780206,160.83805702999234,13.731749803829782,37.49492733281297,6.130528351817381,237.16029327735305,8.315113049916636,-0.07160856574773788,-0.07160856574773788,0.3864148259162903,0.0,0.0,0.00887132715433836,0.02047627605497837,0.9999999403953552,1.000596046447754,0.0,0.008862382732331753,1.000596046447754,1.0017330646514893,0.863918431776227,2e-06,2e-06,128,9,1790395063.648963,1790395144.374284,5,1
10,16.78124761581421,1222.3566040992737,16.771682024002075,0.0,0.003911733627319336,9,2.484375,0.0,253,0,72,95,35,54,6.859375,26.682319916784763,4.998692149936687,64.82127538509667,178.34276507768664,0.5129048998060171,0.31221515528159216,52.91405445151031,111.68640306591988,3.009919925854774,15.882287681102753,4.461984030844178,0.7519310935749672,166.04482584365178,3.026362481890625,8,3,1,4,0,71,151,73,32,1307.6171875,1048.0,5321,32,0.0,0.0,0.0,0.0,1222.3566040992737,135.60898747557076,107.13815026171505,1089.6928934976459,5.3378134444355965,69.06563358860613,8.435345271110911,124.08715731278062,9.388406488198054,22.82135445563296,4.353066840033087,322.326567735523,5.912024915854582,-0.027439136058092117,-0.027439136058092117,0.2989792227745056,0.0,0.0,0.00712512107565999,0.0016383555484935641,1.0,0.9996524453163147,0.0,0.007035251706838608,0.9996524453163147,0.9998658299446106,0.6693743367196295,2e-06,2e-06,128,10,1790395219.167433,1790395297.921835,5,1
11,48.243138551712036,561.4245059490204,48.23679208755493,0.0,0.0014023780822753906,4,2.2890625,0.0,255,0,69,108,40,61,5.84375,28.90562845952809,4.803373346308945,50.904312117025256,165.40679185985937,0.744906578125665,0.6955164783576038,51.367082891985774,100.1608596779406,2.1298008387966547,15.30919086933136,4.259249749477021,0.9210618827491999,154.13432007527445,3.4697735968515624,11,3,0,2,0,79,161,79,34,1415.296875,1324.0,4685,118,0.0,0.0,0.0,0.0,561.4245059490204,120.69643577435636,106.38579247705638,526.4178998507559,18.236172653734684,172.54382790004104,18.88054384459399,83.17519226297736,22.164171900847926,53.779269839606265,8.344844142634232,148.25873881205916,11.339274384866835,-0.03723348304629326,-0.03723348304629326,0.304261177778244,0.0,0.0,0.007006300613284111,0.00046392728108912706,1.0,1.0000053644180298,0.0,0.006997361313551664,1.0000053644180298,1.0004740953445435,0.6061557932540904,2e-06,2e-06,128,11,1790395360.221503,1790395440.347649,6,1
12,46.01257610321045,1209.03431391716,46.01140093803406,0.0,0.0009748935699462891,10,2.3828125,0.0,255,0,71,115,43,64,7.1796875,26.08744147978723,4.574461144424276,67.03111835196614,171.8473998105328,0.5212253074569162,0.22697171225445345,48.767890721559525,110.74492164514959,2.786870664654998,13.846131538972259,3.4631655536650214,0.7174068481836002,160.95536732976325,2.8371335802421873,11,2,1,2,0,88,167,84,39,1477.8125,1320.0,5228,20,0.0,0.0,0.0,0.0,1209.03431391716,132.38762808626052,106.80841027200222,1149.5708262138069,12.044954344630241,69.97140805643814,7.87570699226029,83.64098760485649,8.461041821886178,26.07590727886222,4.324112177645116,460.628893841058,6.985518623673768,-0.015564522705972195,-0.015564522705972195,0.3245367407798767,0.0,0.0,0.007449076045304537,0.0016230728942900896,1.0,0.9999279975891113,0.0,0.007439616601914167,0.9999279975891113,1.0004390478134155,0.7232766864572485,2e-06,2e-06,128,12,1790395497.213045,1790395574.502371,6,2
13,0.0007190704345703125,707.6036796569824,0.0,0.0,0.0006773471832275391,5,2.3046875,0.0,251,0,69,119,45,66,6.3984375,26.60223365575075,4.976659460226074,58.990594170987606,164.1959947658179,0.41026535446872003,0.22646536500542425,50.8986245021224,101.79243016801775,2.340752349002287,12.022009221836925,3.5789734359132126,0.7588340037036687,153.73527982333326,2.7105792514921876,10,4,0,2,0,99,170,87,40,1408.09375,1337.0,5066,300,0.0,0.0,0.0,0.0,707.6036796569824,124.8450743930589,112.18749277666211,693.0377634838223,22.98520966619253,129.0018258680008,16.202572611772972,219.9168985337019,23.508941484107616,42.45220057065727,7.1593748670948,253.7689605988562,11.162654127726965,-0.04469580575823784,-0.04469580575823784,0.2675097584724426,0.0,0.0,0.0064396015368402,0.0006068706279620528,1.0,1.0001201629638672,5.661232080456102e-06,0.006442725658416748,1.000112533569336,1.0006778240203857,0.5397277265708569,2e-06,2e-06,128,13,1790395584.37984,1790395660.087626,6,2
14,81.6441957950592,644.8644044399261,81.63926339149475,0.0,0.0010950565338134766,5,2.0546875,0.0,255,0,67,133,50,74,6.140625,24.351483618840575,4.588887410151074,55.70706998556852,161.2936667072354,0.48364985681837425,0.27169995330041274,54.47648544050753,96.21943988092244,1.8942069908080157,11.185346018522978,3.8536739229457453,0.5967180151783396,152.1481726987986,2.9722304420390624,6,7,0,3,0,105,187,87,45,1356.7734375,1101.0,6067,77,0.0,0.0,0.0,0.0,644.8644044399261,127.602755168773,105.59731780178845,586.5415224544704,14.653729867190123,146.84275642242878,17.310615880086022,249.38397205993533,28.226428126472303,44.88462970000447,9.40817939124625,92.58534157276154,10.985388380473964,-0.03611566126346588,-0.03611566126346588,0.3132403790950775,0.0,0.0,0.007078336086124182,0.0006023908499628305,1.0,0.9998985528945923,0.0,0.007065322250127792,0.9998985528945923,1.0002573728561401,0.6065397327283337,2e-06,2e-06,128,14,1790395755.742734,1790395831.893054,6,3
15,118.58142733573914,417.49765634536743,118.574551820755,0.0,0.0010991096496582031,4,1.4609375,0.0,252,0,70,147,59,78,6.1015625,25.002985822036862,4.534104753256543,54.2985971942544,163.427070859354,0.5575775206380058,0.29618484698585235,58.63379726558924,94.21153182722628,1.9616680948529392,10.989936450496316,3.3749845022975933,0.878131763311103,153.76285047334386,2.9385186414609374,7,7,0,2,0,113,201,96,47,1392.3125,1264.0,3811,161,0.0,0.0,0.0,0.0,417.49765634536743,126.82517976730014,112.8284999076277,359.04593962803483,40.728304635733366,214.22635226965966,27.013325293185545,47.8904772400856,30.5134765707229,71.14451114929294,9.12819495409914,231.11255444213748,20.44691319791562,-0.10731236636638641,-0.10731236636638641,0.28972452878952026,0.0,0.0,0.006630625110119581,0.0006902004242874682,1.0,1.0000057220458984,0.0,0.0066281151957809925,1.0000057220458984,1.000446081161499,0.5982381692889025,2e-06,2e-06,128,15,1790395964.491084,1790396041.854949,7,3
16,28.303619623184204,496.2655704021454,28.302273273468018,0.0,0.0012328624725341797,4,1.5,0.0,250,0,68,152,61,81,6.5078125,21.18751605786383,5.70891878704424,56.92298707924783,154.89247381745372,0.6690978560072836,0.3076734473579563,50.63055964000523,92.64456321671605,2.1998932268761564,11.101012960076332,2.9068456879176665,0.44928777642780915,144.11813503762824,2.4878377838203125,6,3,1,6,0,117,212,98,49,1290.21875,1326.5,3501,15,0.0,0.0,0.0,0.0,496.2655704021454,122.29399113002,110.59933063201606,457.95980736613274,1.5467949956655502,193.88812309108766,20.088034702713085,123.68924258649349,26.756933427430713,55.463583025439874,7.054690489938661,130.92490616068244,9.582836904479104,-0.07922541350126266,-0.07922541350126266,0.32038789987564087,0.0,0.0,0.006950432900339365,0.0011552298674359918,0.9999998807907104,0.9997996687889099,0.0,0.006902631372213364,0.9997996687889099,1.0000838041305542,1.1846935840189847,2e-06,2e-06,128,16,1790396083.640327,1790396159.501591,7,3
17,60.090564250946045,783.5108287334442,60.089253425598145,0.0,0.0010941028594970703,5,2.0546875,0.0,252,0,68,162,66,84,6.828125,30.442907320335507,5.547179493238218,68.2858211454004,197.8020434814971,0.7166520136524923,0.5289570780878421,62.40764019265771,119.94242457300425,3.184881124092499,15.287469040602446,5.363996328378562,0.8918176350707654,184.9769441144599,4.002592506359375,11,5,0,0,0,124,219,105,54,1615.15625,1399.5,4887,666,0.0,0.0,0.0,0.0,783.5108287334442,154.5400495917711,135.05371974781156,737.2985613718629,28.266244169324636,119.6996857741026,13.915570276960748,103.377836111933,16.030688289323198,43.97726923872428,6.237310092956726,293.0668545588851,9.9644409093313,-0.04730803519487381,-0.04730803519487381,0.26380372047424316,0.0,0.0,0.0062409634701907635,0.0007917553884908557,1.0,1.0000418424606323,0.0,0.006238523870706558,1.0000418424606323,1.0004987716674805,0.4440967293203782,2e-06,2e-06,128,17,1790396230.969725,1790396310.173987,9,3
18,74.64508104324341,496.4069094657898,74.64339804649353,0.0,0.001546621322631836,4,1.953125,0.0,256,0,73,170,70,88,5.8125,25.01006705313921,4.170493063313188,49.312861792743206,151.3758476540388,0.2652632940444164,0.20972544350661337,48.90957587398589,90.63840579241514,2.4359685808012728,11.851718777790666,4.397596389200771,0.5784291935560759,140.7949270795798,2.3472865460234376,7,4,0,5,0,134,228,110,59,1357.4375,1181.0,6091,15,0.0,0.0,0.0,0.0,496.4069094657898,114.27274340114673,100.33819048292935,332.71366884186864,16.290559366345406,193.59252426620284,21.762388463983488,134.97421760484576,29.88938256906848,58.33655034703415,12.270175704352813,186.0311674065888,19.624600684283514,-0.09982794523239136,-0.09982794523239136,0.34554073214530945,0.0,0.0,0.009116115048527718,0.005572983995079994,1.0,0.9989771842956543,0.0,0.00832413136959076,0.9989771842956543,0.9990925788879395,1.0396394203564672,2e-06,2e-06,128,18,1790396390.994824,1790396469.617117,9,3
19,56.129108905792236,818.705591917038,56.12748193740845,0.0,0.0014960765838623047,6,2.0625,0.0,252,0,78,177,75,90,9.0625,27.22400911152363,2.8506275693071075,83.16637104563415,191.8764460782695,0.46902197308372706,0.3899182273016777,59.40440884977579,123.70975124463439,2.5810773455305025,9.4053013343364,2.9972191212291364,0.2906417252670508,183.90067716143676,2.8692110027109377,6,6,2,2,0,141,238,118,62,1826.03125,1513.0,6180,257,0.0,0.0,0.0,0.0,818.705591917038,157.05263656546595,125.53473561629653,723.2067605778575,20.223416540771723,130.88547058259886,13.950069613250335,119.08376748114824,16.32453362816238,47.58161385232214,7.548501025294376,178.53797236829996,9.653721636774378,-0.032986950129270554,-0.032986950129270554,0.26831546425819397,0.0,0.0,0.006252171937376261,0.0007620908436365426,1.0,0.9999898672103882,0.0,0.0062478650361299515,0.9999898672103882,1.0003869533538818,0.5808414356409083,2e-06,2e-06,128,19,1790396535.927145,1790396628.04113,9,3
20,60.708115339279175,425.44997811317444,60.706016063690186,0.0,0.0015063285827636719,3,1.7265625,0.0,252,0,72,201,87,102,7.8984375,14.807789189741015,2.889490309928078,63.689199356362224,146.36769231996732,0.17568465761723928,0.2471286985091865,54.891273990273476,85.3464586250484,1.048539642826654,4.442239049822092,1.692823464225512,0.27781965665053576,140.85580827409285,2.1961307441406253,6,4,2,4,0,149,253,124,67,1421.390625,1304.5,3664,224,0.0,0.0,0.0,0.0,425.44997811317444,126.89932356582722,102.49185999855399,384.6186992302537,27.54741145670414,234.56772468510098,29.16441565005636,106.90720231458545,38.952382357104334,71.27277367477909,8.612058264168802,344.65571258962154,45.349753181825534,-0.0686318427324295,-0.0686318427324295,0.3692459762096405,0.0,0.0,0.007866709493100643,0.0010399726452305913,1.0,0.9999191761016846,0.0,0.00785568542778492,0.9999191761016846,1.0003466606140137,0.6295660834239333,2e-06,2e-06,128,20,1790396727.698331,1790396811.670733,9,3
21,49.54023766517639,336.9217641353607,49.53322672843933,0.0,0.0009703636169433594,3,1.6171875,0.0,255,0,72,215,92,109,6.2890625,19.485536985099316,3.9043441027170047,54.79502311907709,142.43304748446099,0.6559871468925849,0.35390178649686277,51.66890851594508,81.4638679549098,1.6453815337154083,3.7206707689911127,3.06740693456959,0.48140714518376626,134.03912979108281,2.93941129775,9,4,0,3,0,161,263,130,69,1362.234375,1277.5,2701,150,0.0,0.0,0.0,0.0,336.9217641353607,119.17549368552864,110.46923191286623,314.5818389765918,9.482268959283829,282.6823419310759,31.758114609957932,66.4193024225533,39.55601709591905,86.25444567102687,8.016697902943587,136.01145568862557,13.443809931316105,-0.055069830268621445,-0.055069830268621445,0.30942443013191223,0.0,0.0,0.006808235310018063,0.0011438328074291348,1.0,0.9998739957809448,0.0,0.006794928573071957,0.9998739957809448,1.0001908540725708,0.6088301350136844,2e-06,2e-06,128,21,1790396872.789064,1790396947.805082,11,3
22,46.36944627761841,369.57704877853394,46.36812710762024,0.0,0.0011425018310546875,3,1.8125,0.0,254,0,65,226,96,116,6.5234375,25.597036875784397,3.4672582688217517,58.692770041525364,157.6501339886745,0.3246002744999714,0.23138705725432374,53.34456752985716,95.8284855261445,2.021428054460557,7.506399188190699,3.192781867546728,0.48934566805837676,150.02900130176567,2.7640128306015623,8,6,0,2,0,169,271,131,72,1710.484375,1585.0,5613,179,0.0,0.0,0.0,0.0,369.57704877853394,124.05658802561811,115.71029688231647,322.0394229069352,14.418559342622757,285.53315296166,34.3527825712142,60.114198956638575,41.02592607580169,98.73538807113499,15.187631425033498,158.05051350593567,26.53567786550477,-0.06313138455152512,-0.06313138455152512,0.2521309554576874,0.0,0.0,0.005899896379560232,0.0010683286236599088,1.0,1.0000321865081787,0.0,0.005891996901482344,1.0000321865081787,1.000459909439087,0.5066080040235023,2e-06,2e-06,128,22,1790397003.849889,1790397088.706484,11,3
23,56.10741662979126,1152.7728805541992,56.10425043106079,0.0,0.0015251636505126953,8,2.0546875,0.0,250,0,70,233,101,118,7.9609375,31.22101680934429,4.121806056937203,65.62008850090206,177.5002923605498,0.5477543168817647,0.34660375537350774,52.11869118176401,114.24297932349145,2.7283187370048836,12.993182634934783,3.2354829049145337,0.7258626124821603,167.4871670755383,3.123657825078125,8,7,1,0,0,178,281,137,75,1588.3515625,1345.0,5931,294,0.0,0.0,0.0,0.0,1152.7728805541992,136.3713742516993,115.14952361024916,1071.6091396845877,37.938386593014,73.11312987586426,9.005243075296239,222.3967573866248,11.157852981713106,29.394197161407103,5.14498571231885,222.3967573866248,6.3748411554320805,-0.04533015191555023,-0.04533015191555023,0.24350282549858093,0.0,0.0,0.006084409076720476,0.0013704787706956267,1.0,0.9999055862426758,0.0,0.006071160547435284,0.9999055862426758,1.0002351999282837,0.4761072861362504,2e-06,2e-06,128,23,1790397160.064847,1790397240.413168,11,3
24,86.85733819007874,393.00732922554016,86.85565304756165,0.0,0.0014317035675048828,3,1.6015625,0.0,252,0,70,253,108,130,6.0,22.21102289110422,3.5103715639852453,47.024001555517316,140.19273302846705,0.40988593056681566,0.24648090338450857,52.036096565425396,79.74030100181699,1.9144504772266373,6.910080807283521,2.356207877804991,0.5538953238574322,132.6821355559514,2.284822461921875,7,5,0,4,0,188,294,146,79,1483.84375,1403.0,6701,60,0.0,0.0,0.0,0.0,393.00732922554016,110.56848275201628,94.03242182917893,391.73196003586054,5.239950273185968,268.26726159983383,29.653391001550432,94.25140598788857,39.00843161100971,80.54641982304325,17.05057260180105,201.92945083975792,35.0694703992412,-0.06352180242538452,-0.06352180242538452,0.33469489216804504,0.0,0.0,0.0070521109737455845,0.001601976458914578,1.0,0.9998955726623535,5.303801572154043e-06,0.007047431543469429,0.9998898506164551,1.000239610671997,0.6078060198833148,2e-06,2e-06,128,24,1790397336.487969,1790397418.040683,11,4
25,93.37131094932556,375.11518812179565,93.36937189102173,0.0,0.0009777545928955078,3,1.4921875,0.0,253,0,73,268,112,140,7.421875,19.210059504956007,4.038726882310584,62.81871637888253,145.17712778170244,0.24758067581569776,0.2937745482486207,46.95322226174176,89.51501195505261,1.8729446538200136,4.381248276680708,2.3622527169354726,0.5969118973589502,137.244367807667,2.7592923870234376,8,6,1,1,0,199,306,156,80,1517.3125,1462.0,4100,215,0.0,0.0,0.0,0.0,375.11518812179565,121.11207078877487,104.83904481679201,363.8303289376199,16.570666160434484,250.71587691297967,27.77013656034028,78.04866801574826,35.06622017277921,86.29171614033227,10.929975990918225,163.48927734047174,19.373809118471268,-0.045538630336523056,-0.045538630336523056,0.30421170592308044,0.0,0.0,0.006453379523009062,0.0013285242021083832,1.0,0.999951183795929,0.0,0.006447760853916407,0.999951183795929,1.0003416538238525,0.5370034408139434,2e-06,2e-06,128,25,1790397523.907843,1790397607.781495,12,4
26,82.7606041431427,1280.8858103752136,82.75855898857117,0.0,0.0012552738189697266,8,1.6796875,0.0,255,0,73,284,115,152,8.78125,24.557262927293777,3.6464848306786735,76.08189042285085,182.55295883718645,0.5137495948874857,0.14021427169791423,60.37696208618581,111.34790412150323,2.6267615350952838,7.27863279171288,2.256362493877532,0.7534787171171047,173.89987455916707,2.4404311196640625,6,6,1,3,0,205,319,165,84,1544.09375,1262.5,4248,259,0.0,0.0,0.0,0.0,1280.8858103752136,152.99285122097353,117.30211197212338,1207.2809176817536,20.757367454469204,74.26956607901401,7.099774176853492,149.33862868323922,8.036783748073118,25.717098588996986,3.316454882699982,827.0278359800577,9.359756222552205,-0.0266084223985672,-0.0266084223985672,0.2781675159931183,0.0,0.0,0.00635773129761219,0.0014189525973051786,1.0,0.9999620318412781,0.0,0.006349468138068914,0.9999620318412781,1.0003418922424316,0.616554466771394,2e-06,2e-06,128,26,1790397703.254157,1790397784.021,12,5
27,13.374866008758545,1420.9923379421234,13.368843078613281,0.0,0.0010721683502197266,9,2.3203125,0.0,254,0,70,293,119,157,10.40625,30.975373750552535,3.289477330603404,100.31116468273103,211.96493299098802,0.48044013886828907,0.4535770885995589,54.769248796626925,146.03717120178044,2.176827337301802,10.74002725072205,2.954526365676429,0.5350938378251158,203.8534976102237,3.551358415757812,8,4,3,1,0,209,330,169,87,1815.640625,1669.5,5628,272,0.0,0.0,0.0078125,0.0078125,1420.9923379421234,172.58550669898978,134.31398996151984,1370.3013083301485,32.44234086573124,74.11897811674883,7.193564473967163,306.1587056927383,9.169081111569271,27.25818122479157,3.9606124886995886,257.81802923977375,4.838483757673998,-0.042963821440935135,-0.042963821440935135,0.32321229577064514,0.0,0.0,0.0075042094103991985,0.001620977302081883,1.0,0.9998576641082764,0.0,0.007483655121177435,0.9998576641082764,1.0002167224884033,0.49296629311120127,2e-06,2e-06,128,27,1790397808.925002,1790397900.806681,12,5
28,50.33790874481201,992.594051361084,50.33651804924011,0.0,0.0011069774627685547,7,2.3046875,0.0,250,0,68,305,121,165,8.03125,25.738026628270745,3.298579834634438,75.29084458574653,172.9883430133923,0.2756264472263865,0.3980803953600116,51.479468455538154,110.97934965603054,2.051297878671903,6.335144778713584,2.535539780394174,0.6920009927707724,165.16944833053276,2.7920055110390622,8,5,1,2,0,217,340,175,89,1517.5234375,1411.0,4800,55,0.0,0.0,0.0,0.0,992.594051361084,143.1232499863545,98.80851538851857,962.4004569165409,17.644752476364374,91.66570483529354,11.330916183285273,238.70285649225116,14.918598435092255,32.61538117112536,4.8358137885453285,519.3625544309616,10.143027315674997,-0.035539742559194565,-0.035539742559194565,0.26655113697052,0.0,0.0,0.0062727537006139755,0.0019587939605116844,1.0,0.9998871684074402,0.0,0.0062573375180363655,0.9998871684074402,1.0002073049545288,0.542385721387745,2e-06,2e-06,128,28,1790397960.58763,1790398041.795091,12,7
29,108.62517523765564,506.33505606651306,108.62306547164917,0.0,0.0018188953399658203,4,2.0390625,0.0,255,0,71,321,129,173,8.71875,22.1272291559726,3.9869686483580153,76.97359493747354,178.90329346558428,0.6275924658693839,0.40976024555857293,57.13729031383991,109.71751255355775,2.1297039804048836,7.587777404114604,2.6126306045334786,0.4804874718247447,169.88343476122827,3.0487344603046878,6,4,3,3,0,223,357,181,95,1331.0625,1344.0,3615,7,0.0,0.0,0.0,0.0,506.33505606651306,148.8002326224523,118.8106112293899,462.7977160960436,37.513933677226305,189.40949380772966,23.53579879018798,50.67379359155893,26.15319971522712,56.08144184326406,7.139541212262276,157.11806908994913,10.351730112838423,-0.08207376301288605,-0.08207376301288605,0.37980225682258606,0.0,0.0,0.008490345440804958,0.002956248354166746,1.0,0.9999746084213257,0.0,0.00847901776432991,0.9999746084213257,1.0005139112472534,0.8449478124269556,2e-06,2e-06,128,29,1790398165.375054,1790398248.656215,12,7
30,139.61447024345398,575.4304068088531,139.61260771751404,0.0,0.0015788078308105469,4,1.671875,0.0,251,0,71,343,138,184,6.9140625,31.481081863865256,5.676998563372763,64.77119774930179,185.3463693529775,0.5610722834826447,0.4837740689399652,56.118613539263606,114.58547878265381,2.767728535196511,12.385075096040964,4.8618491551605985,0.6777658060309477,173.10151740166475,4.4681357128046875,9,5,0,2,0,231,376,190,97,1758.9296875,1624.0,4654,307,0.0,0.0,0.0,0.0,575.4304068088531,143.00597880978603,118.55435655266047,493.98466054722667,14.52948471903801,209.314625321859,20.99993301885778,72.41030599921942,24.022896859489816,65.21002868344777,8.08785900941444,274.93899676576257,15.487963530580174,-0.049325935542583466,-0.049325935542583466,0.27823933959007263,0.0,0.0,0.006364880595356226,0.0015335582429543138,1.0,0.9999610185623169,0.0,0.006361725274473429,0.9999610185623169,1.0003480911254883,0.574783566417723,2e-06,2e-06,128,30,1790398430.5452,1790398525.31938,12,9
31,83.33887386322021,606.4438025951385,83.3309485912323,0.0,0.0030295848846435547,3,1.4609375,0.0,256,0,71,366,146,197,8.171875,34.25305108912289,6.1034854702302255,69.71731711924076,202.24833906709682,0.3255471032462083,0.35808280264609493,63.354908403009176,126.1847359072417,2.1850615456933156,17.741607513278723,3.7830040080589242,0.5882925969781354,191.16863643369288,3.1450454780703123,10,2,1,3,0,240,392,199,102,1697.5625,1335.5,9123,212,0.0,0.0,0.0,0.0,606.4438025951385,150.7663224808639,117.37725681997836,455.84105929359794,29.73768074810505,167.36670333781996,18.92013728378396,266.1652006730437,33.71942853646412,59.71644282898799,15.043438420774015,266.1652006730437,26.810384045508297,-0.08570191264152527,-0.08570191264152527,0.27337342500686646,0.0,0.0,0.006207580678164959,0.002144024707376957,1.0,0.9999649524688721,0.0,0.006200147792696953,0.9999649524688721,1.0003387928009033,0.4904435156206194,2e-06,2e-06,128,31,1790398622.584056,1790398702.745547,14,9
32,95.50639653205872,818.0232932567596,95.50389504432678,0.0,0.0011720657348632812,4,1.5859375,0.0,251,0,73,379,152,204,6.65625,24.120221730321646,3.947897871665191,59.232147607952356,152.37491534932633,0.5663156347291078,0.4905388632323593,43.92819529026747,98.3609329238534,2.0531083898677025,11.284171821549535,2.9296492948778905,0.4549328053253703,143.46232146472903,2.397172755492188,7,6,1,2,0,247,408,207,102,1604.0546875,1498.5,6206,56,0.0,0.0,0.0,0.0,818.0232932567596,116.68397174886195,102.37349467910826,734.9758917726576,14.955494035035372,117.94448168977745,11.846850914743092,211.89539302140474,15.988374724603599,41.8323458701224,7.586581031564919,734.9758917726576,74.72840677848339,-0.0753217488527298,-0.0753217488527298,0.30984237790107727,0.0,0.0,0.007047038991004229,0.0031511096749454737,0.9999999403953552,0.9999682307243347,0.0,0.007037266157567501,0.9999682307243347,1.0003993511199951,0.6195078822535807,2e-06,2e-06,128,32,1790398807.153223,1790398894.063387,14,9
33,46.87069368362427,689.9700553417206,46.86896467208862,0.0,0.0015842914581298828,4,2.0234375,0.0,250,0,67,390,153,214,7.421875,30.7095995452255,5.741850854101358,69.88770189322531,186.59001094434643,0.6564314887218643,0.2490590655070264,56.01633724011481,117.32306788861752,1.80554873260553,13.061382194980979,3.699250813922845,0.7475370040046982,175.19977498435765,3.4832600229140622,10,2,1,3,0,256,414,212,103,1668.9921875,1476.0,5388,251,0.0,0.0,0.0,0.0,689.9700553417206,143.8045505041664,124.42840394563973,648.6043796353042,23.208923630416393,167.28189739022272,18.25876340932014,59.07838384434581,19.9685628597689,51.60393033148742,7.8090345490885,471.1560842655599,24.623656220400324,-0.07225407660007477,-0.07225407660007477,0.27439191937446594,0.0,0.0,0.006313876248896122,0.0021615817677229643,1.0,1.0000108480453491,0.0,0.00630367174744606,1.0000108480453491,1.0004469156265259,0.5241866089110682,2e-06,2e-06,128,33,1790398950.148008,1790399044.437587,14,9
34,39.2051100730896,838.8028547763824,39.20168447494507,0.0,0.001005411148071289,5,2.1796875,0.0,254,0,75,397,156,218,7.4375,27.307673893868923,4.893346727330936,74.24342659674585,190.61312609992456,0.6386169635516126,0.3684086838038638,58.12207129597664,119.02596681378782,2.9945965008519124,14.344988018274307,2.701741996483179,0.6562998088775203,179.03447954979492,2.39121764396875,9,2,2,3,0,261,428,221,106,1454.8515625,1356.0,5146,87,0.0,0.0,0.0,0.0,838.8028547763824,149.19434098724741,115.12614405527711,804.8474025838077,16.268310885876417,118.47221640635189,14.546922355495497,150.98339679837227,17.74012040291844,37.00134442390219,6.134933817520064,392.29663321748376,11.52503537808194,-0.09508243203163147,-0.09508243203163147,0.314201295375824,0.0,0.0,0.007237549871206284,0.005542137660086155,1.0,1.0000742673873901,0.0,0.007235208060592413,1.0000742673873901,1.000630259513855,0.5461077075751726,2e-06,2e-06,128,34,1790399096.98411,1790399179.241551,14,9
35,73.2964653968811,506.9999179840088,73.28155708312988,0.0,0.001310586929321289,4,2.0546875,0.0,253,0,70,418,160,233,6.6015625,30.09091141074896,6.642549732234329,61.09526397846639,179.8951962023857,0.39401874801842496,0.6901349159306847,52.623505840077996,112.51695119030774,2.014084323833231,16.237485891208053,4.502075729571516,0.8370757499360479,167.49820348474896,3.3195169984921873,8,5,0,3,0,268,441,228,111,1380.3984375,1384.5,3286,61,0.0,0.0,0.0,0.0,506.9999179840088,132.90868723861058,118.34609569236636,441.96237048879266,21.99760178104043,197.2597294775521,24.374757394713782,60.449933152645826,27.674393505280104,58.08383582604214,6.481263375872269,208.74424293264747,11.017393045192291,-0.047006215900182724,-0.047006215900182724,0.31712430715560913,0.0,0.0,0.007117018569260836,0.0028991559520363808,1.0,0.9998795986175537,0.0,0.00710546039044857,0.9998795986175537,1.000220537185669,0.58187523613422,2e-06,2e-06,128,35,1790399268.720353,1790399350.076997,14,11
36,49.49111557006836,605.5704441070557,49.48626184463501,0.0,0.0011513233184814453,4,1.7578125,0.0,255,0,66,430,164,241,6.0078125,28.03410037048161,4.437447830481688,52.36976220086217,151.7043659433839,0.6383040223154239,0.35024833664647304,42.37647510319948,99.20287941396236,1.4568846330512315,14.175992526113987,3.487858951353701,0.6087118184368592,142.61216661604703,2.74169408190625,9,6,0,1,0,275,451,230,116,1473.671875,1409.5,5268,515,0.0,0.0,0.0,0.0,605.5704441070557,109.57897837314522,95.41526688635349,515.7753102071583,33.280164144933224,137.76679626928967,14.614319582670145,287.7667094990611,27.84737571103852,51.91523734235536,8.699235656667382,188.63272267580032,12.634980547972768,-0.03560495004057884,-0.03560495004057884,0.24363118410110474,0.0,0.0,0.005973988678306341,0.002942431718111038,1.0,1.0000262260437012,0.0,0.0059674582444131374,1.0000262260437012,1.000457763671875,0.48453442195775465,2e-06,2e-06,128,36,1790399410.617403,1790399482.66811,14,11
37,96.26881718635559,545.9345750808716,96.26519632339478,0.0,0.002099752426147461,4,1.953125,0.0,256,0,68,446,168,251,8.2890625,31.152781043201685,5.179849386622664,70.17252003774047,195.91308894217946,0.6811459525197279,0.4812487150193192,58.74401716142893,124.7218131609261,2.788283318717731,18.1330171469599,4.057384999614442,0.8162876109126955,184.53491726249922,3.6990982501015623,7,6,1,2,0,286,465,236,119,1699.15625,1611.5,4061,143,0.0,0.0,0.0,0.0,545.9345750808716,148.5083294499491,132.26203153654933,522.5778701603413,17.398619789630175,201.42889829556978,22.546657716589237,386.184833150357,77.05176766641648,66.3974555216566,7.438620276794938,255.41657171025872,13.978479656626979,-0.060448236763477325,-0.060448236763477325,0.2822284996509552,0.0,0.0,0.006642644293606281,0.00232146168127656,0.9999999403953552,1.000028371810913,0.0,0.006636306177824736,1.000028371810913,1.000502586364746,0.49860116370321994,2e-06,2e-06,128,37,1790399589.008517,1790399683.059452,15,12
38,67.10845422744751,794.565945148468,67.10486674308777,0.0,0.0010442733764648438,5,1.65625,0.0,253,0,69,461,171,260,6.6640625,24.975193813443184,2.6709075664984994,49.91558342799544,151.12477935734205,0.33088996686274186,0.3645924652228132,55.88226866722107,87.30228702910244,2.176866865658667,8.866248169913888,2.3387766986270435,0.3952924098703079,144.22528086192324,2.3764725248203122,7,6,0,3,0,297,477,242,122,1485.859375,1430.0,6370,65,0.0,0.0,0.0,0.0,794.565945148468,119.98406915020314,102.15431228466332,740.6249634027481,12.149530075490475,127.74857428315795,13.436266763239072,371.4544068835676,25.232117383941443,39.89389870894903,8.016955721415595,371.4544068835676,15.055131859845167,-0.05126547813415527,-0.05126547813415527,0.2844875454902649,0.0,0.0,0.00652241799980402,0.003716991050168872,0.9999999403953552,0.9999287724494934,0.0,0.006513077765703201,0.9999287724494934,1.000290036201477,0.6008511585690113,2e-06,2e-06,128,38,1790399757.239692,1790399833.728713,17,13
39,131.3129382133484,352.1446895599365,131.31088519096375,0.0,0.0017917156219482422,2,1.3828125,0.0,256,0,69,482,180,271,6.7890625,22.77643673121929,3.3795720793132205,60.43314881809056,149.56455496282433,0.42592956000589766,0.25408958925982006,47.73020048625767,92.9440595060587,2.071895733330166,6.145840236917138,2.3949228897108696,0.7876437480153982,141.88275155308656,2.4456427795703126,9,6,0,1,0,304,497,249,125,1680.296875,1570.5,4834,165,0.0,0.0,0.0,0.0,352.1446895599365,119.85380111832637,109.59164143539965,323.8773031681776,16.72559107095003,296.0856803784163,31.75115323753007,119.70418360084295,48.1026314835492,101.79433169396732,13.727311935445877,181.67279510572553,28.356580511272604,-0.018993087112903595,-0.018993087112903595,0.2670592963695526,0.0,0.0,0.006431467831134796,0.003048298414796591,1.0,1.00009286403656,0.0,0.006430535111576319,1.00009286403656,1.0006312131881714,0.5118928569431702,2e-06,2e-06,128,39,1790399976.179943,1790400064.239368,18,13
40,89.38499665260315,497.9014642238617,89.38372468948364,0.0,0.001123666763305664,3,1.3203125,0.0,250,0,74,493,184,277,6.6875,23.81662337295711,4.051398570503807,54.55690636485815,157.36581342641148,0.4001863122684881,0.3066749528807122,56.57589875720441,89.55125062912703,3.4185670353181195,8.176033530384302,2.635785813414259,0.4329090765095316,147.28031075248145,3.0973269893359374,11,4,0,1,0,315,509,256,127,1593.09375,1355.5,5314,426,0.0,0.0,0.0,0.0,497.9014642238617,125.35368587845005,110.19504723697901,450.09907449409366,32.6005532220006,185.99061592308115,24.828205756072883,154.098806720227,35.95667377838494,68.2584857487375,10.672794482104134,261.65288745611906,22.493257198430552,-0.06128505989909172,-0.06128505989909172,0.22170200943946838,0.0,0.0,0.0052408017218112946,0.0025934071745723486,1.0000001192092896,1.0000112056732178,0.0,0.005235336255282164,1.0000112056732178,1.000370979309082,0.47700320644020716,2e-06,2e-06,128,40,1790400190.411858,1790400272.346463,18,14
41,85.9899914264679,493.7102699279785,85.98881888389587,0.0,0.000993967056274414,3,1.5703125,0.0,250,0,73,513,187,294,6.2265625,22.434738840907812,3.9057471125852317,53.760288989171386,156.93908344770898,0.4413212284853216,0.37715207203291357,55.57932256907225,90.43392608687282,2.206377641443396,10.206727258861065,3.0062235259683803,0.7074595932499506,148.13471483445028,3.042594492828125,10,5,0,1,0,322,530,262,128,1433.7421875,1396.5,4190,19,0.0,0.0,0.0,0.0,493.7102699279785,124.35065652499907,105.01169779524207,393.965821955353,4.579390913248062,187.799077679423,21.64427327298428,241.287477850914,42.333736633170474,61.95232682614016,8.486758844638231,156.8642176501453,12.438916744507534,-0.11489073932170868,-0.11489073932170868,0.24080942571163177,0.0,0.0,0.005877509247511625,0.023775294423103333,1.0,0.9998449087142944,0.0,0.005861136596649885,0.9998449087142944,1.0000938177108765,0.5507585236750829,2e-06,2e-06,128,41,1790400428.046641,1790400507.786572,18,14
42,72.67129802703857,651.4897565841675,72.6658935546875,0.0,0.0012178421020507812,3,1.59375,0.0,256,0,77,524,191,300,5.828125,25.49270855076611,4.610640077415155,47.30314724519849,195.19532942032674,0.5223503577581141,0.4450182599539403,75.61995676718652,109.4364876318723,1.8374555326008704,32.681047489866614,2.6110914609162137,0.6853788763401099,185.95493911526864,2.4858596201875,9,5,0,2,0,330,544,267,132,1347.8671875,1289.5,3905,186,0.0,0.0,0.0,0.0,651.4897565841675,137.73334690369666,122.58166125789285,596.0904207713902,17.844865564256907,147.57100787597622,17.51984568390585,131.00257071480155,21.929454384040753,44.136534319070506,5.993954564188921,261.12531481310725,10.003472606990655,-0.020602263510227203,-0.020602263510227203,0.24226915836334229,0.0,0.0,0.0056613110937178135,0.00382513296790421,1.0,0.9999977946281433,0.0,0.0056548528373241425,0.9999977946281433,1.000364899635315,0.5682263825019394,2e-06,2e-06,128,42,1790400598.354176,1790400675.511921,19,14
43,57.7574999332428,534.9587488174438,57.756043672561646,0.0,0.0012776851654052734,3,1.75,0.0,251,0,71,539,197,306,6.2578125,27.899808956310153,4.352051468478749,55.309363981708884,186.08041762714856,0.5886197244690266,0.23547844856511801,60.718804555013776,114.70019907318056,2.3073630005237646,27.14263753592968,3.5456255687458906,0.8071297550923191,176.4915732324007,2.9870104195078127,9,5,0,2,0,335,554,274,135,1498.8046875,1427.5,3402,304,0.0,0.0,0.0,0.0,534.9587488174438,131.55833303331747,115.61342678591609,455.50781217589974,20.92978572100401,177.61026785093387,20.73430899956209,120.52185018733144,26.764026168190398,59.77002912968788,6.359368843897423,196.6769205108285,10.056703361897585,-0.07939262688159943,-0.07939262688159943,0.25728461146354675,0.0,0.0,0.006204521749168634,0.003766516223549843,1.0,1.0000311136245728,0.0,0.006201439071446657,1.0000311136245728,1.0004786252975464,0.5313501263676561,2e-06,2e-06,128,43,1790400771.684758,1790400848.916617,19,17
44,113.29890060424805,1428.6363780498505,113.29759812355042,0.0,0.001031637191772461,8,1.90625,0.0,254,0,70,560,204,320,7.4140625,25.75264229439199,5.106324014312122,68.73288647085428,180.24993347449345,0.3253741498629097,0.45437680938630365,51.832493517547846,117.59311075508595,1.9667146557185333,19.704168565571308,2.2767851343087386,0.5119002498104237,170.69971423965762,2.7903885770078127,9,1,1,5,0,339,576,279,140,1519.796875,1304.5,5563,212,0.0,0.0,0.0,0.0,1428.6363780498505,137.26365966993035,96.66356486268342,1219.450329169631,27.257944118231535,72.69507827814073,7.99713641311277,81.04820245504379,8.478109415702734,22.694601531560608,3.8939229642141213,1219.450329169631,26.59355167220253,-0.05960100144147873,-0.05960100144147873,0.33201032876968384,0.0,0.0,0.0072897449135780334,0.0035174349322915077,1.0,0.9999460577964783,0.0,0.007276618853211403,0.9999460577964783,1.0003710985183716,0.533922067061282,2e-06,2e-06,128,44,1790400969.896402,1790401058.601672,19,17
45,107.38364458084106,787.9796712398529,107.38213229179382,0.0,0.0012874603271484375,4,1.8359375,0.0,252,0,72,574,209,328,9.390625,33.057863399386406,4.470672725641634,82.10181235708296,220.65235891446355,0.41541934935958125,0.4242352405562997,69.75919742695987,139.6611470207572,1.3474417359102517,20.33657536841929,3.2109019333147444,0.8760908153781202,211.35610336624086,3.49493724690625,10,3,3,0,0,346,588,288,144,1741.1796875,1474.0,5490,329,0.0,0.0,0.0,0.0,787.9796712398529,172.52792610658798,144.6167265046388,773.097635705024,25.092816147953272,124.27795230543654,13.999092111910938,60.251538168638945,15.15813323506696,47.139752486533446,6.967184815011428,299.67727708444,11.243033140346814,-0.13391272723674774,-0.13391272723674774,0.25769540667533875,0.0,0.0,0.006187597755342722,0.003258879529312253,1.0,0.9999241232872009,0.0,0.00617578299716115,0.9999241232872009,1.0002660751342773,0.4922071483262709,2e-06,2e-06,128,45,1790401174.292298,1790401263.921719,19,18
46,63.70329260826111,484.3139007091522,63.70209312438965,0.0,0.0009927749633789062,3,1.546875,0.0,249,0,67,595,213,344,6.4453125,30.28109433501959,5.338933118240675,54.84502362459898,169.55673861017567,0.6125760954164434,0.3444327505421825,53.694327326491475,102.22344867512584,3.091314658813644,12.674651896581054,3.535064370749751,0.8291446407674812,157.90448900620686,2.9806472093828127,7,6,0,3,0,351,605,295,147,1492.8515625,1250.0,6083,287,0.0,0.0,0.0,0.0,484.3139007091522,125.87307016903651,112.644610485062,450.83744828030467,26.79388026148081,223.9804250394158,24.217764517652537,99.40596831962466,30.472222090061344,65.75797216096335,12.560035941758068,166.74563126638532,19.154936387926174,-0.07688561081886292,-0.07688561081886292,0.22793243825435638,0.0,0.0,0.005353057291358709,0.003273029113188386,1.0,1.0000028610229492,0.0,0.005346647463738918,1.0000028610229492,1.000363826751709,0.4963039343421065,2e-06,2e-06,128,46,1790401336.474426,1790401419.25266,20,18
47,74.72543621063232,1718.1692867279053,74.7242522239685,0.0,0.0010533332824707031,10,2.0625,0.0,255,0,73,604,214,350,8.8515625,32.32722487486899,4.973774672078434,79.84075185284019,193.11981050122995,0.3831332325935364,0.530017408891581,50.217943642288446,131.8902284707874,2.2537887762882747,15.110315119847655,3.3747149906412233,0.4807031659584027,183.44277927759686,3.2107821187187504,11,1,2,2,0,357,616,303,153,1498.1015625,1366.0,5887,72,0.0,0.0,0.0,0.0,1718.1692867279053,149.0654650272918,105.77696703374386,1648.3514408357441,19.670972429215908,55.40121535285076,7.23735437250267,81.23176231980324,7.596502502132056,18.600902860313557,3.4263212859608543,1648.3514408357441,84.31941611451191,-0.047671347856521606,-0.047671347856521606,0.2573414444923401,0.0,0.0,0.006354006007313728,0.004173675086349249,1.0,0.9999570846557617,0.0,0.006344441790133715,0.9999570846557617,1.0003364086151123,0.6557709444012013,2e-06,2e-06,128,47,1790401499.895564,1790401588.654289,20,20
48,41.78776502609253,446.04171109199524,41.7867693901062,0.0,0.0008807182312011719,3,1.8359375,0.0,251,0,69,616,217,357,6.9375,28.754444386810064,4.315139762707986,62.170796167105436,164.8647654223605,0.4251680472516455,0.6948345289565623,47.91409477777779,106.63271685317159,2.032845431676833,11.081134103238583,3.422169625235256,0.44758383405860513,155.6795520664018,3.1308812706640623,10,3,2,1,0,363,628,307,155,1603.703125,1377.5,4472,167,0.0,0.0,0.0,0.0,446.04171109199524,125.03234883226105,106.14199217408895,388.35540995001793,34.996563229709864,205.69563574831304,25.15908203411381,99.61036624759436,32.39314273089332,76.7020941821226,10.025968174706556,204.91474441066384,18.54624582869699,-0.12079279124736786,-0.12079279124736786,0.2564570903778076,0.0,0.0,0.006133862771093845,0.004063835367560387,0.9999999403953552,1.0000269412994385,0.0,0.0061277044005692005,1.0000269412994385,1.0004698038101196,0.5566004688435046,2e-06,2e-06,128,48,1790401632.433867,1790401714.232261,21,21
49,117.16895079612732,1260.003078699112,117.16503190994263,0.0,0.0008990764617919922,8,2.0859375,0.0,253,0,70,634,223,367,8.6171875,29.381117280572653,3.723121532937512,85.56656981632113,198.00117958371993,0.39490271601243876,0.38916667696321383,57.03243907354772,130.2588271945715,2.6532843075401615,10.155356854200363,4.09758276300272,0.49498812516685575,188.6786629744165,3.35166286275,8,5,1,2,0,373,645,312,158,1654.2421875,1459.5,5175,54,0.0,0.0,0.0,0.0,1260.003078699112,162.6717327728984,109.82808234915137,1199.2467228733003,16.897272177040577,94.8200064108972,9.079342894789756,87.79077184572816,9.759324256464128,28.00826489760296,4.107132821725261,95.11074811220169,4.442470659406495,-0.00996493175625801,-0.00996493175625801,0.23734067380428314,0.0,0.0,0.005718137137591839,0.0029617459513247013,1.0,1.0000896453857422,0.0,0.005715939681977034,1.0000896453857422,1.0005768537521362,0.5760720893961483,2e-06,2e-06,128,49,1790401844.076254,1790401936.442523,22,22
50,87.33769536018372,526.0382771492004,87.33485627174377,0.0,0.0012004375457763672,3,1.5,0.0,253,0,71,651,228,375,6.3984375,25.43148453719914,4.260973340336932,56.27380043640733,161.28031715843827,0.6087340386002325,0.3040298515406903,57.69516148045659,92.58925905637443,2.244582059007371,7.034829502925277,3.578017225052463,0.8462598576152232,151.15141871993546,3.3258692346875,10,6,0,0,0,378,660,320,164,1444.859375,1301.5,2948,376,0.0,0.0,0.0,0.0,526.0382771492004,129.13303074389114,107.14088370464742,487.17538974806666,27.198056280612946,174.55985743908568,21.35586037746393,107.1006647720933,26.81544857301498,58.595862707390275,5.60415492191238,127.50883405655622,7.3971949904707355,-0.04772801324725151,-0.04772801324725151,0.21407067775726318,0.0,0.0,0.005260850302875042,0.004077009856700897,1.0,0.9999078512191772,0.0,0.005248843226581812,0.9999078512191772,1.000171422958374,0.47427717599943175,2e-06,2e-06,128,50,1790402061.042343,1790402143.128462,24,24
51,78.14700508117676,621.8328220844269,78.14584970474243,0.0,0.0010085105895996094,4,1.6640625,0.0,253,0,71,661,234,379,8.109375,26.435587156563997,5.160760342987487,73.46985332295299,187.17197278875392,0.4801726313016843,0.38630542787723243,62.275616543367505,112.85189278423786,2.3702212015050463,8.218180622905493,3.2145429442753084,0.8848370336345397,176.53007696932764,3.2502409919375004,8,3,1,4,0,382,669,329,168,1477.875,1279.0,5840,51,0.0,0.0,0.0,0.0,621.8328220844269,152.70703243507887,128.26268075965345,602.8955835700035,7.7246112041175365,181.04464094163714,20.32218234740311,38.04367773234844,21.646514194821563,50.70173024047838,9.391591747157884,213.94089747220278,14.317518066953614,-0.08387278020381927,-0.08387278020381927,0.30507272481918335,0.0,0.0,0.006784399505704641,0.0065275696106255054,1.0,0.999970555305481,0.0,0.006775589194148779,0.999970555305481,1.0003780126571655,0.5917001021926814,2e-06,2e-06,128,51,1790402229.139317,1790402314.283906,24,24
52,107.09324622154236,447.6353304386139,107.09199619293213,0.0,0.0010418891906738281,3,1.4453125,0.0,249,0,71,681,241,391,6.859375,24.783329537138343,3.7616874141676817,62.80466793850064,159.97085990972118,0.4230757209297735,0.33285490615526214,50.99959165789187,98.72874323278666,2.2086728597350884,5.877308024093509,4.627227563614724,0.5232780030346476,150.6300915797765,3.401626751828125,9,3,1,3,0,392,683,336,173,1771.9140625,1642.0,8154,34,0.0,0.0,0.0,0.0,447.6353304386139,129.47888768123812,119.36152199655771,417.05529414862394,16.73429097980261,254.67791655682777,27.875368970035222,41.97461328282952,30.759695164686406,84.44559837646041,18.215720354357043,141.33307759091258,26.620764046597813,-0.15128210186958313,-0.15128210186958313,0.2932104170322418,0.0,0.0,0.00651754392310977,0.00518002500757575,1.0,1.0000619888305664,8.647831236885395e-06,0.006517224013805389,1.000058889389038,1.00055992603302,0.5864713144531382,2e-06,2e-06,128,52,1790402424.97542,1790402515.982034,24,25
53,144.43946957588196,659.5491001605988,144.43341302871704,0.0,0.0012090206146240234,3,1.453125,0.0,255,0,77,703,249,404,8.1796875,23.693994503468275,3.6222194655274507,71.14207060076296,166.263446557743,0.40913341706618667,0.18852837628219277,53.385342832654715,105.15952312201262,1.4917256384214852,6.9209414310753345,2.3067105946247466,0.476681191008538,159.30850095677306,2.7566275684140624,7,5,2,2,0,402,704,346,176,1686.78125,1427.0,6829,65,0.0,0.0,0.0,0.0,659.5491001605988,135.17100287758512,106.39353385195136,609.3455162085593,10.156428802758455,152.352063920941,16.86606804147156,70.91677399724722,18.89804468012342,54.55949626480345,10.354043388638015,96.8036287650466,12.13514874329378,-0.021333467215299606,-0.021333467215299606,0.2904967665672302,0.0,0.0,0.006736032664775848,0.005269621033221483,1.0,1.0001206398010254,0.0,0.006736385636031628,1.0001206398010254,1.0006970167160034,0.5717371560819569,2e-06,2e-06,128,53,1790402678.584108,1790402769.551177,24,26
54,67.54906988143921,556.2322852611542,67.54431343078613,0.0,0.0010437965393066406,3,1.5,0.0,249,0,72,723,253,419,8.1484375,24.230614207684994,4.342098092922242,81.46911052241921,180.06719314074144,0.41631832826533355,0.2303444184944965,52.42094060219824,118.27823029085994,1.7839263890055008,9.132894679903984,1.708702275995165,0.5262128707836382,171.92575137736276,2.5049093349296876,5,2,4,5,0,408,718,352,181,1547.5078125,1397.5,5030,180,0.0,0.0,0.0,0.0,556.2322852611542,146.4456743292685,118.55961102619767,473.07620138674974,9.848621763288975,216.36704039361572,22.13643530996943,77.14814668893814,25.70112222186201,59.35200252624671,9.042984618626347,348.26767395064235,24.186807401042433,-0.06347951292991638,-0.06347951292991638,0.3665304481983185,0.0,0.0,0.008072939701378345,0.004083056468516588,1.0,1.0000144243240356,0.0,0.008066114969551563,1.0000144243240356,1.0005549192428589,0.6056720761405895,2e-06,2e-06,128,54,1790402849.871118,1790402945.968679,25,26
55,133.03515243530273,436.601087808609,133.02788424491882,0.0,0.001585245132446289,2,1.7421875,0.0,251,0,74,743,259,431,8.109375,35.23664810694754,5.243541463947622,70.20647329464555,194.89392086333828,0.4952143313421402,0.35697775674634613,54.801569793373346,127.70962279289961,2.837336388445692,16.719303557649255,4.884561270097038,0.4650716820033267,183.56864582042908,3.739652221484375,9,6,1,0,0,415,740,356,186,1844.453125,1584.5,5866,558,0.0,0.0,0.0,0.0,436.601087808609,143.0212894778815,120.9071150906384,358.81534481048584,49.77311431989074,250.31850901214895,23.277541636486053,211.38405663892627,45.12536173315865,90.12422193181135,13.43560555344162,225.03170362859964,27.726128819324053,-0.08916199952363968,-0.08916199952363968,0.22629359364509583,0.0,0.0,0.005533990915864706,0.004142359364777803,1.0,0.9999032616615295,0.0,0.005524643696844578,0.9999032616615295,1.0001866817474365,0.48798556721169045,2e-06,2e-06,128,55,1790403098.521284,1790403194.567183,25,28
56,73.31788468360901,1014.9585771560669,73.3162612915039,0.0,0.0008912086486816406,5,1.7265625,0.0,250,0,72,757,263,440,7.3046875,27.24685577303171,5.107475251163123,63.76203052327037,179.06900465706713,0.5204845778935123,0.544213901477633,51.4634084738791,112.41281238384545,4.241481229808414,17.16004609875381,3.6246924086881336,0.640798780019395,166.1059425426356,3.2251217940156245,9,2,2,3,0,416,757,363,189,1306.2421875,1213.0,5571,265,0.0,0.0,0.0,0.0,1014.9585771560669,136.7761775428662,101.54770922102034,919.2425625734031,25.90686834231019,96.43349216699109,11.336423238315824,128.54530627280474,12.98040132965846,27.455800292936544,5.488893956253906,693.8473770059645,17.349130137459717,-0.07955633848905563,-0.07955633848905563,0.2663170099258423,0.0,0.0,0.006351413205265999,0.0047781928442418575,1.0,0.9999613761901855,7.923427801870275e-06,0.006348929833620787,0.9999605417251587,1.0003539323806763,0.5615981342555705,2e-06,2e-06,128,56,1790403275.342821,1790403361.602748,25,29
57,131.9338653087616,1538.610958814621,131.92917156219482,0.0,0.0008673667907714844,8,1.7734375,0.0,255,0,73,782,269,457,10.2734375,27.65435168147087,4.769772857020143,92.24401786364615,211.6697602022905,0.4316963823803235,0.45890235269325785,65.9300341103226,133.51980727538466,2.1903354511596262,9.61172797717154,3.5698114598053508,0.5016680489934515,201.51890473093954,3.5474221567656246,8,3,3,2,0,423,773,375,196,1598.75,1335.5,4889,224,0.0,0.0,0.0,0.0,1538.610958814621,175.65976252424298,125.34230483695865,1388.170594740659,23.926952049136162,66.31912553901647,7.773894974214282,178.23851995915174,8.79244511162195,22.167180385185333,3.177541386918621,1388.170594740659,32.497927202545114,-0.05836635082960129,-0.05836635082960129,0.2785986363887787,0.0,0.0,0.0067000724375247955,0.005063308402895927,1.0,0.9999833703041077,7.19754916644888e-06,0.006696747150272131,0.9999762773513794,1.0004080533981323,0.7087373329389672,2e-06,2e-06,128,57,1790403506.78661,1790403591.259139,26,30
58,139.51182341575623,997.0324110984802,139.50730800628662,0.0,0.0010268688201904297,5,1.625,0.0,249,0,72,803,280,464,7.2890625,27.836889892816544,5.600341396755539,77.49258223176003,183.01241027144715,0.45014886438730173,0.481450538005447,51.76962588168681,119.58821932598948,1.8759191261779051,9.973782874643803,2.883855394204147,0.6320938284916338,172.58993736212142,3.00878552296875,6,4,2,4,0,432,795,378,198,1375.328125,1200.5,4005,151,0.0,0.0,0.0,0.0,997.0324110984802,148.43640300660627,116.87087703682482,955.2866934873164,19.416554253548384,111.6846006480204,12.177136735829537,51.9186411164701,12.846072489485683,29.427662538079005,4.016920568898549,159.9839534908533,4.784669231034382,-0.0943424329161644,-0.0943424329161644,0.30730023980140686,0.0,0.0,0.007026094477623701,0.004730526357889175,1.0,0.9999775290489197,0.0,0.007013523019850254,0.9999775290489197,1.0004279613494873,0.6627355444737173,2e-06,2e-06,128,58,1790403752.784607,1790403846.442954,26,33
59,90.15148496627808,1094.1332354545593,90.15039491653442,0.0,0.0009310245513916016,5,1.34375,0.0,252,0,77,817,284,474,7.6796875,27.775781648233533,4.600851052295184,75.32790878787637,190.50895788214984,0.5148061887011863,0.32961778200115077,62.56391026079655,114.85820026695728,3.333269388327608,8.419591911137104,2.896905985631747,0.608137239178177,179.46769545812276,3.3256252859921873,9,4,1,2,0,441,808,385,204,1419.4140625,1301.5,4166,75,0.0,0.0,0.0,0.0,1094.1332354545593,157.37267125336803,121.20679439604282,1034.583908956498,15.734809722751379,85.55661257693426,9.791312111590567,243.64022509008646,12.596223448572514,27.675636158473072,3.807580160261953,243.64022509008646,4.898335376342117,-0.003985194023698568,-0.003985194023698568,0.21851900219917297,0.0,0.0,0.005517823155969381,0.004165301565080881,1.0,1.000022530555725,0.0,0.005508751608431339,1.000022530555725,1.0004297494888306,0.5818622010787081,2e-06,2e-06,128,59,1790403947.227781,1790404024.805521,26,33
60,47.21031165122986,1031.5391328334808,47.20920276641846,0.0,0.0009484291076660156,5,2.1484375,0.0,249,0,72,831,293,478,10.7890625,32.509441919624805,4.058448713098187,104.97920148260891,219.3425558860472,0.4172583704057615,0.31571561851887964,55.87550117261708,151.2783331014216,2.4846337411436252,9.128164472058415,3.207796067552408,0.7897446767892689,209.3149540432496,3.5208220009765627,11,2,3,0,0,451,815,390,207,1905.8125,1611.5,5832,85,0.0,0.0,0.0,0.0,1031.5391328334808,178.21833542420063,126.06173475272954,978.7734654992819,35.169943541288376,94.05330692609637,10.529896204871783,285.621880248189,14.56193694723261,39.414242309599864,5.653687595913482,206.6186740361154,7.069772531163008,-0.027810178697109222,-0.027810178697109222,0.2662145793437958,0.0,0.0,0.006744895596057177,0.005335797090083361,1.0,1.0000271797180176,0.0,0.006728004664182663,1.0000271797180176,1.000511646270752,0.557959403133594,2e-06,2e-06,128,60,1790404104.489523,1790404190.355852,27,33
61,100.08481097221375,551.2289111614227,100.08243703842163,0.0,0.0022153854370117188,3,1.9765625,0.0,256,0,76,847,299,487,5.84375,23.366665862500668,4.704605177365011,49.144588673487306,160.95629110836308,0.38531528308521956,0.3779467361746356,62.61781666241586,84.91954001970589,3.6327365588222165,8.634912636131048,2.704252832918428,0.776843967003515,149.44760747769033,2.5932564088125005,9,3,0,4,0,460,833,397,209,1353.3359375,1093.0,6246,147,0.0,0.0,0.0,0.0,551.2289111614227,128.81083240595763,108.74782333150506,509.74428226053715,20.34341363236308,199.70559920026213,21.66069260562328,30.744755264371634,22.9401795707335,52.37600220539229,11.331045729876298,181.6685650125146,16.901163950861978,-0.022557862102985382,-0.022557862102985382,0.26491233706474304,0.0,0.0,0.006499177776277065,0.006243992131203413,1.0,1.0000113248825073,0.0,0.006485397927463055,1.0000113248825073,1.0004618167877197,0.586375848199072,2e-06,2e-06,128,61,1790404301.713137,1790404383.679569,28,33
62,82.57129693031311,379.13959431648254,82.56675505638123,0.0,0.0010914802551269531,3,1.625,0.0,253,0,74,862,305,496,5.640625,24.472028952091932,3.9412897687288933,49.04839929006994,150.00325563014485,0.5340895029657986,0.3563608095573727,52.2693007029593,88.73257894441485,1.451837377739139,11.61275908909738,2.367743642826099,0.6911539944412652,141.90700512056355,2.3193701675781253,5,6,1,4,0,464,846,405,213,1194.1875,1167.0,2695,128,0.0,0.0,0.0,0.0,379.13959431648254,113.69579754624283,102.010130263865,339.50038826838136,4.286165900528431,254.91226656917834,30.658892329501718,165.19423088431358,54.33162847525495,67.19424819222176,7.108199830351611,149.83757070079446,11.753058073821625,-0.15059757232666016,-0.15059757232666016,0.31289446353912354,0.0,0.0,0.007041498553007841,0.005920314695686102,1.0,0.9998307824134827,0.0,0.007026425562798977,0.9998307824134827,1.0001095533370972,0.7106799822550509,2e-06,2e-06,128,62,1790404477.271814,1790404555.850385,28,33
63,50.12001132965088,787.1690859794617,50.118749141693115,0.0,0.0010495185852050781,5,1.8046875,0.0,250,0,66,882,307,513,6.25,32.50429944135249,4.396999007236445,59.927192056551576,179.9350971985259,0.5513338640157599,0.42829828374669887,51.984849935397506,116.90470322035253,2.497093198093353,19.031323248520494,3.436441218131222,0.7788872631499544,170.21605534432456,2.983119512265625,9,4,1,2,0,470,856,412,218,1398.71875,1242.5,5437,62,0.0,0.0,0.0,0.0,787.1690859794617,129.1198623367818,109.74379402026534,733.996220678091,14.144822742789984,123.59331059384583,14.655047061008428,35.880213372409344,15.354945907782252,37.907145827766776,6.907029375060924,204.12914686650038,9.325261676364518,-0.057392772287130356,-0.057392772287130356,0.2736436724662781,0.0,0.0,0.006578457076102495,0.007356883026659489,1.0,0.9999787211418152,0.0,0.006567107513546944,0.9999787211418152,1.0003976821899414,0.6103361326174638,2e-06,2e-06,128,63,1790404616.023072,1790404699.346506,28,34
64,122.17125082015991,590.2710032463074,122.16496348381042,0.0,0.0008509159088134766,4,1.421875,0.0,251,0,73,903,309,528,5.8125,25.827752523124218,3.9155771041405387,48.0587657764554,151.8834555747162,0.47496028238674626,0.2962888549955096,47.193989515304565,93.3127797152847,2.552933684346499,15.878157369792461,3.706186599069042,0.7440368031384423,141.15813971165335,2.904239778421875,10,1,1,4,0,481,872,425,222,1257.75,1183.0,5664,57,0.0,0.0,0.0,0.0,590.2710032463074,112.00639451720053,97.23811456561089,523.950705498457,17.14298903569579,182.8343807163095,19.42497587877527,142.03972762078047,25.58054429378825,45.45708641019519,9.595592480148538,140.9475113004446,12.605617337013024,-0.09814555943012238,-0.09814555943012238,0.32834509015083313,0.0,0.0,0.007549744565039873,0.006728695705533028,1.0,0.9999836683273315,0.0,0.007538670673966408,0.9999836683273315,1.0004562139511108,0.7212861966681238,2e-06,2e-06,128,64,1790404834.714512,1790404922.757686,30,36
65,97.75099110603333,538.1170530319214,97.74251937866211,0.0,0.002346038818359375,4,1.2421875,0.0,256,0,75,922,318,538,7.1875,22.470834719017148,4.013313808245584,57.962396044284105,143.1895677059074,0.4033284458273556,0.19619046483421698,41.89914274774492,91.72725994512439,2.2752265866147354,7.6618276704102755,3.0716239778557792,0.455895013816189,134.3533149214345,2.770549184828125,7,6,1,2,0,487,894,433,223,1358.6484375,1345.0,3161,185,0.0,0.0,0.0,0.0,538.1170530319214,112.60022856565774,94.3255097400397,425.2681565284729,5.004481814801693,189.01030192892475,23.65098806717249,48.89278471469879,26.01465385962326,53.86281634579721,5.874186633168245,187.05797535181046,9.004182489422305,-0.11016347259283066,-0.11016347259283066,0.24587905406951904,0.0,0.0,0.006048907525837421,0.0058510578237473965,0.9999999403953552,0.9999732375144958,0.0,0.006033772602677345,0.9999732375144958,1.000363826751709,0.53674098472682,2e-06,2e-06,128,65,1790405033.060807,1790405116.25963,30,36
66,65.03154301643372,702.7585105895996,65.02545261383057,0.0,0.001680135726928711,4,1.5625,0.0,256,0,73,937,321,547,7.484375,25.038121432065964,3.0374097414314747,71.25606921687722,163.41910121886758,0.45328361017163843,0.3949932914110832,49.16145992465317,105.87632848508656,2.0237607861927245,5.9834613259881735,2.1301742687355727,0.4476825115561951,156.25166200948297,2.61544310034375,10,4,1,1,0,497,904,439,226,1935.671875,1635.0,6462,146,0.0,0.0,0.0,0.0,702.7585105895996,131.9489862488117,115.06291321851313,692.8327894993126,30.166806928813457,159.04728530368007,12.939010859322307,168.1837087981403,17.009780426476652,58.760346137520635,9.195192804678406,384.01612306013703,20.273425351696257,-0.07842881977558136,-0.07842881977558136,0.2507549822330475,0.0,0.0,0.006389596499502659,0.005710294470191002,1.0,1.0000613927841187,0.0,0.006383668165653944,1.0000613927841187,1.000563144683838,0.5394672035628674,2e-06,2e-06,128,66,1790405190.393937,1790405285.585553,30,39
67,50.9878876209259,1460.809592962265,50.98251509666443,0.0,0.0008969306945800781,8,1.921875,0.0,254,0,72,951,321,558,6.796875,19.817453626543283,3.185486294212751,62.69945530593395,155.13391102658352,0.3374916311877314,0.42442327228491195,55.7640763130039,90.4529410302639,2.4818450137099717,4.685839893296361,2.63161620075698,0.44181099958950654,146.920983700722,2.4384454230703128,5,6,1,4,0,501,918,448,228,1234.6171875,1204.5,5551,120,0.0,0.0,0.0,0.0,1460.809592962265,134.00051286435337,107.40350284054875,1430.0024011060596,15.905700165778399,65.49439009318223,8.300191933578853,60.36823121830821,8.657984783383467,18.030070535469413,3.7999476637770075,199.4827062152326,4.400921012883546,-0.08119930326938629,-0.08119930326938629,0.2916845977306366,0.0,0.0,0.007171306759119034,0.005045546684414148,1.0,1.0001847743988037,0.0,0.007167795207351446,1.0001847743988037,1.0008600950241089,0.6761296427125331,2e-06,2e-06,128,67,1790405346.456459,1790405422.884519,32,40
68,71.72403621673584,704.0830368995667,71.72197222709656,0.0,0.001613616943359375,4,1.9296875,0.0,255,0,75,961,322,566,8.28125,24.224189411848783,4.066070956061594,79.92564825154841,169.82640876987716,0.48430900293169543,0.3236621440737508,44.894904997199774,114.7644917294383,3.0676441212708596,6.575390856713057,2.7996264100365806,0.48338584063458256,160.2845435392228,3.634113013796875,6,6,1,3,0,509,926,458,231,1623.21875,1497.5,4612,277,0.0,0.0,0.0,0.0,704.0830368995667,139.5794438146404,112.11997691169381,657.9190694950521,22.36379710957408,157.09700068958077,16.938343029135034,93.81727736443281,19.542305649074194,49.182645869660746,6.550363747305951,311.6643522530794,11.752753323034932,-0.07336019724607468,-0.07336019724607468,0.28979063034057617,0.0,0.0,0.0070827617309987545,0.00582121079787612,1.0,0.9999893307685852,0.0,0.007072199136018753,0.9999893307685852,1.0004551410675049,0.5077349676952551,2e-06,2e-06,128,68,1790405505.06467,1790405593.714015,32,41
69,128.9390218257904,435.01695680618286,128.93739914894104,0.0,0.001371622085571289,3,1.3828125,0.0,256,0,71,988,329,584,5.1484375,17.438236681744456,4.499232419300824,42.63107433728874,135.43824179074727,0.47786682326113805,0.3792398341174703,53.06612746976316,71.47965247184038,1.9860384391213302,8.142060101032257,2.758107543049846,0.5556698981090449,126.096289211564,2.3265836992265623,8,1,0,7,0,514,943,469,237,1311.8203125,921.0,5411,28,0.0,0.0,0.0,0.0,435.01695680618286,109.32980255314033,94.18165168724954,369.51364141330123,13.558551751077175,254.85903081565633,27.072507900530223,58.43383811786771,31.273308376171308,64.33197502337511,12.43859558884003,208.47874334827065,23.885594917544857,-0.0772574245929718,-0.0772574245929718,0.29167431592941284,0.0,0.0,0.006944803521037102,0.005676293279975653,1.0,0.9998826384544373,0.0,0.0069228350184857845,0.9998826384544373,1.0002391338348389,0.9867448889380359,2e-06,2e-06,128,69,1790405735.016044,1790405812.360107,32,43
70,150.87277817726135,1371.9115352630615,150.87142133712769,0.0,0.0010447502136230469,7,1.5546875,0.0,253,0,73,1014,340,597,6.53125,25.15781651996076,5.436759753734805,62.21832216531038,174.84465494265896,0.40784415273810737,0.315646484028548,56.861004242673516,102.32809196226299,2.961348359211115,9.791931306943297,5.462410796404583,0.8474449674249627,161.92824277302134,4.008385494507812,9,4,0,3,0,523,961,479,244,1350.46875,1281.5,3805,178,0.0,0.0,0.0,0.0078125,1371.9115352630615,140.5989404314314,109.13159863092005,1342.1839224621654,23.11021028831601,81.88987684626808,8.713389816135516,72.77367537096143,9.201486900699544,20.999896319463293,2.773502446912802,307.0790268294513,3.5733319276636575,-0.01264004036784172,-0.01264004036784172,0.22962738573551178,0.0,0.0,0.0058485534973442554,0.006140152458101511,1.0,0.9999494552612305,0.0,0.005833264905959368,0.9999494552612305,1.0003060102462769,0.5778630926368835,2e-06,2e-06,128,70,1790405997.163989,1790406082.07985,32,45
71,163.35157227516174,979.156681060791,163.34443187713623,0.0,0.0025453567504882812,6,1.34375,0.0,256,0,77,1036,348,610,8.328125,32.06862637586892,3.6758224027289543,65.85386671684682,177.70109463125118,0.49021815980086103,0.31803986642626114,57.492544550448656,110.90742924623191,1.733546023024246,8.128968123346567,3.466585400776239,0.5125101902813185,169.9666331424669,2.996152204117188,7,7,0,2,0,536,978,487,248,1805.3671875,1445.5,7194,76,0.0,0.0,0.0,0.0,979.156681060791,142.88417604149436,110.51074962876737,871.5719731636345,15.08243926987052,123.89828479942878,12.154336716680305,49.72422809153795,12.804588393680397,39.33435858117668,7.347138756390061,215.77594530954957,9.423868933397172,-0.09885145723819733,-0.09885145723819733,0.21975499391555786,0.0,0.0,0.005312650930136442,0.004986515734344721,1.0,1.0000022649765015,0.0,0.005303021986037493,1.0000022649765015,1.0003610849380493,0.560886346721371,2e-06,2e-06,128,71,1790406258.234087,1790406346.820053,32,46
72,54.353280782699585,1798.3219356536865,54.35213327407837,0.0,0.0010280609130859375,9,2.1328125,0.0,255,0,74,1050,353,617,14.3671875,34.6208672542125,3.238890722685028,133.37554716318846,245.72988368169172,0.46751776395831257,0.23753086206852458,54.668666023761034,180.94882576353848,2.650639657396823,8.797273570671678,2.352199663029751,0.5944637266511563,237.27743716994883,3.3798543958046876,8,3,5,0,0,538,992,494,252,1911.53125,1559.5,6247,207,0.0,0.0,0.0,0.0,1798.3219356536865,206.09330695838435,136.31477841176093,1751.3774760328233,27.24245012924075,52.02859666651192,5.304389503836304,287.6367772258818,6.314353422209693,22.67632537024586,3.473794027724645,287.6367772258818,4.13520975244197,-0.050619207322597504,-0.050619207322597504,0.2839353382587433,0.0,0.0,0.007492159027606249,0.005986514035612345,0.9999999403953552,0.9999740123748779,0.0,0.007470318581908941,0.9999740123748779,1.000468373298645,0.4909001119692394,2e-06,2e-06,128,72,1790406414.706017,1790406511.033083,34,46
73,132.59112763404846,677.2209494113922,132.5899875164032,0.0,0.0009334087371826172,4,1.6875,0.0,256,0,76,1070,358,631,6.375,28.623130885884166,3.6313259670278057,56.20544991083443,175.1021239492693,0.5988968819729052,0.23677305766614154,64.97665660828352,99.65571976825595,2.554177607555175,10.547479521483183,3.2303388819564134,0.9068519359570928,166.19291586457985,2.960304446164062,10,5,0,1,0,545,1013,499,257,1767.7265625,1562.0,7022,78,0.0,0.0,0.0,0.0,677.2209494113922,135.68140105332714,116.38994791544974,623.6387042626739,27.346746180206537,168.8230408397297,15.851547429727837,217.876853518188,23.3702797009409,55.68566659489346,10.368846395114009,270.90487492084503,17.28211222951103,-0.07120934873819351,-0.07120934873819351,0.22707487642765045,0.0,0.0,0.006050365045666695,0.007013998925685883,1.0,1.0000412464141846,3.1150318591244286e-06,0.006037770304828882,1.0000401735305786,1.0005139112472534,0.5201319326788124,2e-06,2e-06,128,73,1790406651.540434,1790406743.104257,34,47
74,41.9456148147583,682.7942605018616,41.94458293914795,0.0,0.0009212493896484375,4,1.6953125,0.0,255,0,73,1081,360,640,7.703125,25.897002432495356,5.753251471265685,71.75266724266112,180.08689137207693,0.4318167418241501,0.34100869519170374,55.261093931272626,111.90495423600078,1.8044495040667243,9.772310664877295,3.907621331134578,0.7291841221158393,169.46703991899267,3.3699720703359377,12,1,2,1,0,547,1025,506,260,1577.3671875,1485.5,4671,148,0.0,0.0,0.0,0.0,682.7942605018616,144.44185513135744,119.91766231134534,645.9558335505426,19.98952132090926,136.6543902474396,17.6231709844128,19.98952132090926,18.154668017113966,49.28351327274851,6.841006537703995,347.47067103907466,13.929828221996805,-0.06724923104047775,-0.06724923104047775,0.2638041079044342,0.0,0.0,0.006676002871245146,0.006903229746967554,1.0,1.0000044107437134,0.0,0.006667903624475002,1.0000044107437134,1.0004665851593018,0.5236947864936549,2e-06,2e-06,128,74,1790406792.135273,1790406874.539919,34,47
75,65.93552446365356,1194.3793125152588,65.93300890922546,0.0,0.0006840229034423828,6,2.3125,0.0,253,0,73,1097,363,653,11.1484375,27.75746412575245,4.262704770982964,104.38398389704525,219.2611881198245,0.4401882211386692,0.3608222519978881,61.37695764005184,145.9724072702229,2.9712187269469723,9.571578999981284,3.474460699042538,0.6571514596289489,209.2435300994839,3.627968469335937,8,4,3,1,0,553,1037,518,262,1692.4609375,1657.0,5674,106,0.0,0.0,0.0,0.0,1194.3793125152588,183.10735328687588,141.45862379670143,1126.0290699526668,35.21762116625905,87.35499594369195,10.415451665687716,120.28256982192397,11.5818245280274,30.229787936712995,4.7505846262951845,195.34333741292357,5.679475155455528,-0.09547124058008194,-0.09547124058008194,0.2609461545944214,0.0,0.0,0.006938727106899023,0.006515746470540762,1.0,0.9998849034309387,0.0,0.006917556747794151,0.9998849034309387,1.0002506971359253,0.585340730034199,2e-06,2e-06,128,75,1790406950.611916,1790407040.410763,34,47
76,59.49809646606445,400.7750771045685,59.496997117996216,0.0,0.0009260177612304688,3,1.5,0.0,250,0,69,1112,369,660,5.4375,16.134964670985937,3.458191745507065,44.636169305071235,123.83242053471622,0.3494951769534964,0.150503591314191,47.166269486770034,68.37015665322542,2.4025231650157366,5.2891627959907055,1.5980486379994545,0.5793505181791261,116.01941842047381,1.8772292657109375,9,2,0,5,0,560,1052,521,264,1198.796875,1126.0,4136,89,0.0,0.0,0.0,0.0,400.7750771045685,101.95979777930188,95.07593994960189,362.7591052092612,7.520390916615725,264.0770498121216,29.779795905038206,67.43682352825999,35.80447149990187,63.81218492451463,10.3200030048796,169.75243770331144,17.903007301445864,-0.10002356022596359,-0.10002356022596359,0.3130590617656708,0.0,0.0,0.007364688906818628,0.010629909113049507,1.0,1.0000133514404297,0.0,0.007356451358646154,1.0000133514404297,1.000527262687683,0.6197953958693011,2e-06,2e-06,128,76,1790407115.052174,1790407194.181642,35,48
77,164.40183448791504,1176.2221179008484,164.40065503120422,0.0,0.0009262561798095703,7,1.3359375,0.0,250,0,74,1135,376,674,7.078125,19.985534954816103,4.447746475838358,65.8927207775414,172.97703070458374,0.4700057881709654,0.5918499031977262,63.91253740713,98.46690144576132,2.0466754945809953,8.871780350804329,3.0278317937918473,0.5530090560496319,163.51042541032075,3.2394965423359374,9,3,1,3,0,570,1070,529,272,1367.8515625,1177.5,4887,113,0.0,0.0,0.0,0.0,1176.2221179008484,144.65567810289213,112.74040097929537,1083.6900798752904,6.568742502480745,81.8493365622253,10.582184955179732,78.10629231110215,11.334869883434475,24.80894797779443,4.154827498671436,1083.6900798752904,52.81413988363875,-0.06635347753763199,-0.06635347753763199,0.2417244017124176,0.0,0.0,0.006169332657009363,0.007249847520142794,1.0,0.9999873638153076,0.0,0.006161036901175976,0.9999873638153076,1.0004050731658936,0.7249057708539998,2e-06,2e-06,128,77,1790407373.892745,1790407453.854515,37,48
78,143.27997851371765,1590.4521417617798,143.27259516716003,0.0,0.0008950233459472656,8,1.9296875,0.0,254,0,66,1174,385,698,13.1640625,36.16524771600962,4.383876522653736,126.56898272410035,253.55987168321735,0.5076009428594261,0.31741664014407434,60.436485808342695,181.97945465147495,2.205316460080212,14.794988736510277,3.0017676886345726,0.8326331196003594,243.81137192694587,3.734695036695313,6,5,4,1,0,578,1091,541,278,1811.0390625,1551.0,5825,425,0.0,0.0,0.0,0.0,1590.4521417617798,210.7176182945259,146.96254733018577,1527.8861511051655,24.492655109614134,60.508370003553985,7.534964231444935,55.826223112642765,7.809069203359332,24.292148745326333,3.6624805280512973,574.9151998721063,5.7358819356793225,-0.1121618002653122,-0.1121618002653122,0.2714172303676605,0.0,0.0,0.007177983410656452,0.005984724033623934,1.0,0.9999380707740784,0.0,0.007157111540436745,0.9999380707740784,1.0003818273544312,0.4873644958365997,2e-06,2e-06,128,78,1790407610.263435,1790407697.228179,39,52
79,166.87067794799805,710.2214748859406,166.86591172218323,0.0,0.0017125606536865234,3,1.0625,0.0,256,0,70,1204,393,719,7.53125,30.787209879606962,4.510176650917856,68.32938502915204,167.80061939547886,0.5540508062986191,0.4116894345788751,43.581143233925104,113.14848731830716,2.62394968647277,9.720521297305822,2.5067141841573175,0.753002732351888,157.8016193457588,2.361503459570313,9,3,1,3,0,588,1118,552,280,1654.921875,1445.5,4992,73,0.0,0.0,0.0,0.0,710.2214748859406,127.82492120543611,112.05256382748485,614.6911250576377,19.284906283020973,156.60490508897797,17.666320216542328,73.15186373516917,19.69486502006541,49.70984579939642,7.028793378574902,392.15297054871917,15.694732209975122,-0.06617800146341324,-0.06617800146341324,0.29469069838523865,0.0,0.0,0.006783205550163984,0.008722793310880661,1.0,1.000077486038208,0.0,0.006780778989195824,1.000077486038208,1.000614881515503,0.5752793462795256,2e-06,2e-06,128,79,1790407876.658667,1790407966.593735,39,53
80,65.3520085811615,498.62967586517334,65.3509247303009,0.0,0.0009543895721435547,2,1.25,0.0,254,0,76,1217,397,727,6.3671875,33.839002998545766,4.350843852182152,59.35109646804631,179.9445038595877,0.3672601451398805,0.4176743245625403,58.12477165274322,111.87801850400865,1.8722135595744476,13.981331611052155,3.2936428193643223,0.7939526153204497,171.00159373081988,2.921295196632813,11,5,0,0,0,598,1131,561,283,1729.15625,1703.0,5631,590,0.0,0.0,0.0,0.0,498.62967586517334,132.78034268980264,116.19534394331276,435.02578734233975,44.950878005474806,225.96529138483558,22.473592211607638,371.8717872314155,88.40475429799521,73.98008673001875,11.292950003887436,181.64612355083227,17.764328650137475,-0.08666356652975082,-0.08666356652975082,0.24621617794036865,0.0,0.0,0.00638876436278224,0.007150288205593824,1.0,1.0000169277191162,0.0,0.006384545471519232,1.0000169277191162,1.0004932880401611,0.5100662689537167,2e-06,2e-06,128,80,1790408063.030819,1790408152.342151,40,53
81,0.001317739486694336,544.8839440345764,0.0,0.0,0.0010704994201660156,3,1.953125,0.0,255,5,72,1229,398,738,8.5546875,26.343580774962902,5.337103737692814,74.97576536424458,180.0435419069836,0.5748385549231898,0.3552502333477605,50.9188135843724,115.38033312372863,3.8817282973905094,9.786310011520982,3.709343912312761,0.8315216817427427,167.31788419708028,3.4320140003203123,12,0,2,2,0,601,1143,567,286,1293.203125,1249.0,4705,234,0.0,0.0,0.0,0.0,544.8839440345764,143.46941770569538,111.18157188035548,480.4517853707075,22.798429138958454,163.11699822759564,21.10357650632171,57.02192848175764,23.57018917935219,50.63157693555139,8.634866289437658,181.94938344880939,12.963769535770446,-0.07426396012306213,-0.07426396012306213,0.26463067531585693,0.0,0.0,0.006901710294187069,0.008709441870450974,1.0,1.0000122785568237,0.0,0.006892089731991291,1.0000122785568237,1.0005125999450684,0.5399162332148676,2e-06,2e-06,128,81,1790408164.420674,1790408240.30488,40,53
82,33.29725623130798,474.03541326522827,33.296247243881226,0.0,0.0009074211120605469,3,2.3203125,0.0,251,0,67,1239,401,745,6.109375,30.271238036453724,4.234906683443114,53.11457918211818,160.87048052347382,0.6274059495772235,0.574404470709851,49.78076348640025,100.0425958763808,2.180420853139367,12.83764542452991,2.949747718463186,0.5683932674292009,150.7510120437073,2.3692443254374997,7,8,0,1,0,603,1154,574,287,1490.25,1472.5,3813,217,0.0,0.0,0.0,0.0,474.03541326522827,119.3096921496035,107.95160568132997,412.9575092792511,23.789121206849813,201.84673406766035,25.244949354246504,145.94885325804353,36.47513022093296,67.0667193005937,8.043702840122164,112.6031309850514,10.549694055951038,-0.08754922449588776,-0.08754922449588776,0.23198238015174866,0.0,0.0,0.00624293414875865,0.00786682777106762,1.0,1.0000433921813965,0.0,0.0062404838390648365,1.0000433921813965,1.000535488128662,0.5628730278785377,2e-06,2e-06,128,82,1790408284.665585,1790408362.839162,40,53
83,92.84940099716187,364.8042199611664,92.84787559509277,0.0,0.0013229846954345703,3,2.0234375,0.0,256,0,68,1255,403,758,6.1484375,31.21447509340942,4.88453010036028,48.7483908329159,159.8866039601562,0.49023703794227913,0.3686081165506039,44.07264907285571,102.64537198469043,3.204556264943676,17.584550872445107,4.855094239173923,0.6301789753779303,147.6798231121793,3.47358141209375,11,3,0,2,0,610,1172,579,290,1516.359375,1309.0,5319,190,0.0,0.0,0.0,0.0,364.8042199611664,110.96321222590632,104.42361086793244,327.4046314023435,27.405864521861076,297.59432793355114,34.352672787979365,197.2508617080748,74.79408428848228,88.67496106115101,14.580423440732705,157.55046107247472,25.664190741440972,-0.06458767503499985,-0.06458767503499985,0.2534690499305725,0.0,0.0,0.006356026045978069,0.007866916246712208,1.0,0.9998598694801331,0.0,0.006340346299111843,0.9998598694801331,1.0001569986343384,0.5578435381634161,2e-06,2e-06,128,83,1790408466.481772,1790408548.530828,41,53
84,161.3841474056244,451.58119463920593,161.3828067779541,0.0,0.001079559326171875,4,1.625,0.0,254,0,72,1280,411,775,6.6953125,31.15611478127539,5.149738328240346,55.260788425803185,172.2978444979526,0.5339565126632806,0.5244768563425168,45.45178044401109,113.89642977714539,3.1129488086444326,22.53143428452313,4.138337831333047,0.5401410588528961,160.68136246840004,3.300785621617187,9,1,1,5,0,619,1195,590,292,1524.96875,1458.0,4081,206,0.0,0.0,0.0,0.0,451.58119463920593,120.2294992103416,96.26690361835063,399.3929155059159,20.976333014667034,276.63869712985485,28.04811216755736,83.47152142226696,34.408223748403145,72.04167722851895,9.037134514116657,296.00308545306325,26.231196801069583,-0.06200063228607178,-0.06200063228607178,0.31525304913520813,0.0,0.0,0.007067829370498657,0.009045857936143875,1.0,1.0000507831573486,0.0,0.007064162753522396,1.0000507831573486,1.0005853176116943,0.6616502818746175,2e-06,2e-06,128,84,1790408725.132188,1790408818.936141,41,53
85,63.204115867614746,709.6136271953583,63.20313477516174,0.0,0.0008645057678222656,4,1.6640625,0.0,255,0,69,1296,413,789,6.84375,42.67133184708655,5.932332061842317,56.57623719237745,205.16814209142467,0.9754609748197254,0.452422053378541,54.8547462746501,136.58281270600855,1.7885699536418542,31.35173682309687,4.623913127667038,0.920673381886445,193.40963068811106,3.6342859999374997,12,3,0,1,0,629,1208,595,293,1890.1484375,1391.5,6963,273,0.0,0.0,0.0,0.0,709.6136271953583,131.83903993666172,112.25609598867595,543.551996588707,20.09225109964609,160.01336828246497,15.297056854591087,82.10723773390055,17.29862863916978,56.82411543594216,9.81238202473678,251.5875579789281,15.202191464586237,-0.07932176440954208,-0.07932176440954208,0.2034682333469391,0.0,0.0,0.005315499845892191,0.007872123271226883,1.0,0.999984860420227,0.0,0.005309135653078556,0.999984860420227,1.0003447532653809,0.49990298402852934,2e-06,2e-06,128,85,1790408895.148211,1790408980.286623,41,53
86,68.67264199256897,618.0634906291962,68.6703372001648,0.0,0.0008177757263183594,3,1.7578125,0.0,253,0,69,1309,418,796,6.8515625,35.44834798760712,5.661858835344901,53.29617108218372,188.09479916570126,0.7350407184567302,0.38217614821041934,50.27569641172886,124.11013133823872,3.299331601068843,29.6156922057271,4.280854699027259,0.871806016744813,175.43369801566587,3.2056083465,9,3,1,3,0,637,1219,601,297,1468.0625,1232.5,6443,135,0.0,0.0,0.0,0.0,618.0634906291962,123.27613545281929,109.11256805248559,488.72334991395473,8.868539836257696,163.96805215512504,17.103420862537266,488.72334991395473,81.7302342609429,50.67224830702082,10.424495375775955,488.72334991395473,49.814388359025166,-0.1627711057662964,-0.1627711057662964,0.25765281915664673,0.0,0.0,0.0063645485788583755,0.007212641648948193,1.0,0.9999631643295288,0.0,0.006360786966979504,0.9999631643295288,1.0003596544265747,0.5791968127393491,2e-06,2e-06,128,86,1790409061.70669,1790409143.862264,42,53
87,89.95638823509216,406.9623603820801,89.9517252445221,0.0,0.0009038448333740234,3,1.59375,0.0,252,0,66,1329,424,809,6.421875,32.54887342080474,5.068633557733847,48.22201215475798,181.57238688188954,0.7248374752816744,0.6604769789846614,54.2946054674685,114.14927321858704,2.5226135107513983,28.543209739029408,4.028187424817588,1.040472934691934,169.67395970638609,2.851348502875,7,7,0,2,0,643,1234,608,302,1598.2265625,1360.0,6255,245,0.0,0.0,0.0,0.0,406.9623603820801,119.84890885534696,103.60535113699734,353.3601071573794,34.754621401429176,239.56433360356448,26.825576669425846,186.0590184442699,49.41980462691872,83.78047534417962,15.369971793281914,101.95613048225641,20.507777831470506,-0.09214650839567184,-0.09214650839567184,0.24701422452926636,0.0,0.0,0.006143064238131046,0.008253360167145729,1.0,1.0000262260437012,0.0,0.006141252815723419,1.0000262260437012,1.0004769563674927,0.5394112384950677,2e-06,2e-06,128,87,1790409251.643265,1790409329.878291,43,53
88,174.77006721496582,367.5838952064514,174.76608896255493,0.0,0.0009274482727050781,3,1.0390625,0.0,254,0,72,1353,429,824,6.4609375,24.82082557864487,5.11883807356935,56.67264847829938,161.84410384835792,0.38314862723927945,0.30378532232134603,52.437447376549244,97.92040509171784,2.1782269306422677,12.555665178224444,3.21450663858559,0.8394782956456766,151.41439501874265,3.058081342164062,9,4,1,2,0,657,1254,617,305,1220.4765625,1214.0,2680,110,0.0,0.0,0.0,0.0,367.5838952064514,123.62741693473072,102.88426012173295,327.79937563836575,32.29776814952493,228.35376566082337,29.182453692578783,163.58490567281842,52.58359379388718,70.83235602231674,7.290852605212187,119.73024401813745,10.812832440236246,-0.09052643179893494,-0.09052643179893494,0.2527209520339966,0.0,0.0,0.006514665670692921,0.010198804549872875,1.0,1.0000839233398438,0.0,0.006516062654554844,1.0000839233398438,1.0006242990493774,0.6313401979269921,2e-06,2e-06,128,88,1790409517.599474,1790409595.017799,45,55
89,118.22168445587158,849.4014229774475,118.21921968460083,0.0,0.0009839534759521484,5,1.484375,0.0,255,0,69,1386,435,849,6.21875,31.408532747998834,4.351754766743397,57.4946783259511,172.9987520982686,0.689998362940969,0.4769112661888357,51.725437093526125,108.49976619333029,3.375768128084019,14.079900993034244,4.591121288569411,0.7534127175749745,161.49972204040387,3.555898470335938,9,6,0,1,0,662,1277,633,307,1608.0390625,1438.0,5320,143,0.0,0.0,0.0,0.0,849.4014229774475,128.70279620646033,107.61735704541206,764.5161138959229,16.6986293643713,123.70633070639819,12.659503162011424,240.78522603213787,17.667949117966486,40.387068358189175,6.2632341506464035,240.78522603213787,8.741141012515735,-0.10211120545864105,-0.10211120545864105,0.21899531781673431,0.0,0.0,0.005535370670258999,0.007828936912119389,1.0,1.0000238418579102,0.0,0.005534562282264233,1.0000238418579102,1.000438928604126,0.5334005584171778,2e-06,2e-06,128,89,1790409719.094285,1790409812.21345,47,55
90,51.01951622962952,766.1712834835052,51.01427888870239,0.0,0.0011510848999023438,4,1.3671875,0.0,252,0,65,1405,441,862,7.7265625,28.04836610145867,4.113592955895001,64.99712429754436,167.0852354328381,0.7706790574302431,0.3155672166903969,44.63253356516361,111.62225021608174,1.9805620112456381,14.581855302676558,3.107613561558537,0.959069418895524,157.26797721761977,2.7931233533750004,10,3,1,2,0,671,1295,634,310,1420.5859375,1302.0,3347,216,0.0,0.0,0.0,0.0,766.1712834835052,123.53345622998313,91.77112905867398,710.5370120443404,32.10732074826956,115.04194327485641,15.838494944402667,69.22598632052541,17.41169651247714,39.5549063070383,4.368474872592973,88.81077187880874,4.941238738689995,-0.12138709425926208,-0.12138709425926208,0.2844350039958954,0.0,0.0,0.006963618565350771,0.009103503078222275,1.0,0.9999439716339111,0.0,0.006958531215786934,0.9999439716339111,1.0003727674484253,0.5245419138624658,2e-06,2e-06,128,90,1790409898.916735,1790409974.073299,47,55
91,181.24729299545288,1094.8166909217834,181.2393820285797,0.0,0.0009961128234863281,5,1.4609375,0.0,255,0,72,1425,449,873,7.359375,29.73961827158928,3.697530692530563,65.62516967952251,172.52381683769636,0.42716790112899616,0.3448331563558895,49.394740073010325,112.28662378713489,1.8245391563104931,12.566762695088983,3.69154307860299,0.6900495575391687,163.7313500305463,2.513540093242187,10,3,1,2,0,682,1315,645,311,1573.984375,1488.5,5167,199,0.0,0.0,0.0,0.0,1094.8166909217834,131.12196885125013,104.85343492403626,1055.668757006526,23.170010562986135,81.00397147337229,8.429721684485484,42.524199932813644,8.770375232200283,30.67027897159841,4.719511533615397,119.45706416666508,5.297533195207052,-0.05465453863143921,-0.05465453863143921,0.22633115947246552,0.0,0.0,0.005710956174880266,0.00872814655303955,0.9999999403953552,1.0000381469726562,0.0,0.005708201322704554,1.0000381469726562,1.000464677810669,0.5499076950037781,2e-06,2e-06,128,91,1790410166.77858,1790410243.081253,48,55
92,88.25635552406311,466.4778344631195,88.2539963722229,0.0,0.001462697982788086,2,1.21875,0.0,256,0,71,1440,455,882,6.2265625,30.95939234085381,5.357055216562003,57.48320106416941,181.84993010782637,0.49852018445380963,0.5108761701558251,58.293198741972446,108.21941618993878,3.206743692368036,15.33240226097405,4.167139965691604,0.8534649929788429,169.170674328343,3.4682649439296873,11,3,0,2,0,688,1328,652,315,1671.609375,1520.5,6901,85,0.0,0.0,0.0,0.0,466.4778344631195,134.97926785473828,114.09176113083959,386.4841796979308,20.483087439090014,237.41213797963613,26.60790949324584,49.38630465045571,29.758456148881365,76.44736226543989,14.793843330074893,139.0712781921029,21.077769726417984,-0.08757102489471436,-0.08757102489471436,0.272827684879303,0.0,0.0,0.0068076057359576225,0.009695768356323242,1.0,0.9999597668647766,5.001600584364496e-06,0.00680191395804286,0.9999592900276184,1.0003899335861206,0.6053476027835332,2e-06,2e-06,128,92,1790410338.715071,1790410426.043527,48,55
93,74.29820251464844,429.00916290283203,74.29700469970703,0.0,0.001035928726196289,3,1.734375,0.0,254,0,66,1460,458,898,6.4375,31.32118551246822,4.650774987967452,48.62964183464646,171.97702770287287,0.5696826543135103,0.48645005945581943,52.55885360389948,106.64805772900581,2.156525833939668,21.08003663085401,4.5127019575447775,0.8554300626274198,161.51429117665975,3.5781696359140622,7,9,0,0,0,698,1338,662,316,1427.875,1276.5,3729,443,0.0,0.0,0.0,0.0,429.00916290283203,118.71951531126979,107.49090820923448,329.2830793373287,25.81290515139699,208.731361495299,21.680189618949047,204.43249041214585,41.415699577549574,71.0039224505623,8.692122039464682,161.29853951185942,13.929219366666883,-0.10374029725790024,-0.10374029725790024,0.17942214012145996,0.0,0.0,0.005003706552088261,0.007909106090664864,0.9999999403953552,0.9999456405639648,0.0,0.004996000323444605,0.9999456405639648,1.0002455711364746,0.4601195885864172,2e-06,2e-06,128,93,1790410512.086155,1790410589.70905,48,56
94,129.74607014656067,421.45623326301575,129.74154591560364,0.0,0.0009386539459228516,2,1.4296875,0.0,255,0,69,1486,463,918,5.796875,23.929954782128334,4.539940044371178,47.12875976972282,148.11978842396638,0.5329616650997195,0.5155524954316206,49.540460366755724,87.65419178828597,1.7068640101060737,13.444667112082243,2.6281483057537116,0.7402125255321153,138.4729272389377,2.516980101289062,9,3,1,3,0,709,1352,674,324,1290.90625,1088.0,5852,44,0.0,0.0,0.0,0.0,421.45623326301575,111.32111044719932,97.48921807669103,368.18800577893853,30.688070096075535,223.57481646545327,27.454808083901213,104.45791575685143,36.50177102209696,65.3432816027353,13.88519029530636,243.77509963139892,32.935404453985804,-0.09460210800170898,-0.09460210800170898,0.2560936510562897,0.0,0.0,0.006466597318649292,0.07922063022851944,1.0,1.000022530555725,0.0,0.006462160963565111,1.000022530555725,1.0004925727844238,0.6096290156764261,2e-06,2e-06,128,94,1790410731.524491,1790410809.047795,48,57
95,114.66407179832458,1856.5450105667114,114.65630650520325,0.0,0.0009353160858154297,9,1.78125,0.0,253,0,75,1503,465,932,9.796875,37.60649495944381,4.85007208987372,91.05270660668612,206.34617373810033,0.6225332056637853,0.4545412957959343,44.05579346977174,149.5055239647627,3.0224118034529965,15.695879966020584,3.832828775892267,0.729903894389281,195.43659026213572,3.7037096348671876,9,5,1,1,0,714,1374,683,327,1722.59375,1660.0,4897,528,0.0,0.0,0.0,0.0,1856.5450105667114,161.47536133931135,101.90108407475054,1704.1300975307822,12.794530920684338,54.420531735896844,5.6459713825092575,114.47907517105341,6.016993838766113,19.794115659737823,2.637695273816813,1704.1300975307822,32.12940192306258,-0.08376001566648483,-0.08376001566648483,0.24595244228839874,0.0,0.0,0.00648904126137495,0.008819934912025928,1.0,0.9999776482582092,0.0,0.0064830598421394825,0.9999776482582092,1.0004160404205322,0.4993083312323392,2e-06,2e-06,128,95,1790410939.409083,1790411028.753498,48,58
96,75.88556170463562,849.1532502174377,75.88293290138245,0.0,0.0008566379547119141,5,1.5078125,0.0,253,0,73,1523,470,946,6.953125,19.114214699715376,5.714555484766606,61.03208365291357,157.46817777564866,0.5818554266297724,0.35663769260281697,54.092655474320054,90.1799674089998,2.3735236154170707,6.828711045905948,2.1253865793405566,0.6614224569057114,146.63077440895722,2.6060197300546872,8,3,1,4,0,723,1387,691,331,1183.8046875,1202.5,2990,88,0.0,0.0,0.0,0.0,849.1532502174377,130.89042180293472,105.39088982716203,768.5833106674254,17.32338196411729,113.19118974349404,14.280107856732535,73.62164616584778,15.635726431586344,29.740803551694853,3.5211547494334714,168.23104221001267,4.391103660357331,0.008988608606159687,0.008988608606159687,0.29565948247909546,0.0,0.0,0.007230169605463743,0.010097244754433632,1.0,0.999925971031189,0.0,0.0072272764518857,0.999925971031189,1.0003455877304077,0.7076810937969009,2e-06,2e-06,128,96,1790411121.059896,1790411200.462416,48,59
97,202.8499686717987,361.00834798812866,202.84750390052795,0.0,0.0009670257568359375,3,1.3828125,0.0,253,0,75,1550,472,968,6.8984375,25.668495116755366,4.426552361197537,61.64517891034484,169.70676849666052,0.461768929642858,0.3463964948314242,55.316683972254395,101.69042032025754,3.070748323778389,9.066037427634,4.5162005732127,0.8394124333572108,158.66126572171925,3.50867491078125,10,5,0,1,0,735,1412,693,337,1712.3046875,1455.5,5251,138,0.0,0.0,0.0,0.0,361.00834798812866,134.5347914165177,112.40785232558846,337.32242960110307,31.882676415145397,306.0035424359938,30.392648982069527,303.4730961099267,190.70047739126863,101.18648743232909,14.545370015024343,116.41355096176267,21.46815902806784,-0.09752003848552704,-0.09752003848552704,0.22619256377220154,0.0,0.0,0.005842972081154585,0.008715925738215446,1.0,1.0000916719436646,0.0,0.0058445618487894535,1.0000916719436646,1.0005900859832764,0.4844106845631811,2e-06,2e-06,128,97,1790411414.014853,1790411497.41354,50,60
98,104.06037449836731,499.00650548934937,104.05683016777039,0.0,0.0008707046508789062,2,1.1171875,0.0,250,0,72,1571,477,983,7.1640625,25.261851243674755,4.2659453686501365,64.29077458940446,170.6002227877325,0.5351604475290515,0.3848832694347948,61.03189315460622,98.75556828826666,2.520618374575861,5.059360018000007,3.3196535299066454,0.741286484990269,160.99281095870538,2.849180340382812,7,7,0,2,0,743,1426,701,341,1686.53125,1542.5,6737,102,0.0,0.0,0.0,0.0,499.00650548934937,139.54471110765007,124.36953813582659,462.78850451111794,21.078563775867224,226.18175399534073,25.166004574800144,80.14874101802707,29.981538042754373,72.10193241478946,13.500825993026643,150.85531207546592,19.35078818469259,-0.04623390734195709,-0.04623390734195709,0.2201499491930008,0.0,0.0,0.005507339723408222,0.007763292174786329,1.0,0.9999554753303528,3.0601254366047215e-06,0.00550498440861702,0.9999548196792603,1.0002855062484741,0.45354596676392045,2e-06,2e-06,128,98,1790411616.745372,1790411701.219786,51,60
99,12.649634838104248,1022.5124051570892,12.646736145019531,0.0,0.0010974407196044922,5,1.875,0.0,253,0,70,1578,478,987,7.8671875,27.809647783637047,4.512761518533807,76.70296403579414,176.88171908142976,0.4422677088587079,0.3727164017909672,43.81314576044679,119.93853015638888,2.708080946933478,10.697025567293167,4.2948825367493555,0.6388137301546521,166.38956621757825,3.200403887195312,11,2,2,1,0,745,1435,709,343,1520.703125,1218.0,4878,182,0.0,0.0,0.0,0.0,1022.5124051570892,139.88639407750452,114.26369843259454,994.0857067741454,36.10068070143461,76.88773874052748,9.37788133585219,180.24034590274096,11.384682531780774,31.72740643834305,4.770602268879652,168.3604793138802,5.7109278249118205,-0.1303403228521347,-0.1303403228521347,0.23790432512760162,0.0,0.0,0.006199299357831478,0.009357200935482979,1.0,1.0000574588775635,0.0,0.00619942881166935,1.0000574588775635,1.0005533695220947,0.5867910652954831,2e-06,2e-06,128,99,1790411719.096454,1790411792.259815,52,61
100,93.0034966468811,1070.150586605072,93.00136590003967,0.0,0.0008792877197265625,6,1.9609375,0.0,252,0,71,1600,482,1004,7.171875,23.979058422148228,3.891491181595484,71.71194757334888,162.14717631042004,0.5288907357025892,0.23990767486975528,44.760207338258624,106.90767466463149,2.2968043528089765,7.302872499451041,2.7449733859975822,0.523770696046995,153.5382692758867,2.623965570484375,10,2,1,3,0,754,1453,718,346,1536.9609375,1458.0,4997,46,0.0,0.0,0.0,0.0,1070.150586605072,131.59872706979513,111.35129571333528,978.0843972936273,2.952098824083805,94.4800055234153,10.325649621942308,182.02721344679594,12.441965084991333,30.639145939281025,4.669436304148933,978.0843972936273,54.27616845415391,-0.013314120471477509,-0.013314120471477509,0.2864387631416321,0.0,0.0,0.007062274031341076,0.012155725620687008,0.9999999403953552,1.000043272972107,0.0,0.007064182311296463,1.000043272972107,1.0005860328674316,0.7578017243867828,2e-06,2e-06,128,100,1790411922.177869,1790412013.40791,53,61
101,101.94885301589966,406.99115204811096,101.94739055633545,0.0,0.0009062290191650391,3,1.546875,0.0,250,0,70,1622,486,1020,6.453125,23.99474990926683,5.060413393279305,59.9346657525748,159.0305186829646,0.4064005415420979,0.3995065469061956,49.893902629613876,97.01109710335732,2.9681171196571086,8.680271230638027,3.667528688267339,0.6220922553620767,148.0486051971675,3.0593079544765627,6,6,1,3,0,762,1470,725,351,1352.09375,1415.5,4302,207,0.0,0.0,0.0,0.0,406.99115204811096,125.73263695155038,108.5180379319936,378.00686444714665,11.402047704905272,228.36614391315584,25.668862694993052,117.38648909702897,36.07331419855154,70.8729576097932,10.570254361430086,107.95430430397391,14.386186961417184,-0.084954172372818,-0.084954172372818,0.25295716524124146,0.0,0.0,0.006435507908463478,0.00849005114287138,1.0,0.9999472498893738,0.0,0.006428266875445843,0.9999472498893738,1.000335454940796,0.6006336968513757,2e-06,2e-06,128,101,1790412130.240122,1790412207.148526,55,61
102,120.47919845581055,615.7737729549408,120.47804021835327,0.0,0.0009334087371826172,4,1.28125,0.0,254,0,71,1643,491,1033,7.0078125,28.97299636900425,4.070953520160401,58.703872160986066,163.92548914279905,0.4392886610585265,0.3806769583898131,48.17647344991565,105.57957774959505,2.263403313496383,12.992500491440296,3.7142407323408406,0.7709375653357711,154.87123212899314,3.3348893750937494,14,2,0,0,0,768,1491,734,353,1769.2890625,1373.5,6145,511,0.0,0.0,0.0,0.0,615.7737729549408,122.8918601796322,105.76383836008608,570.2923692949116,24.961668346077204,159.35560153709312,18.407734297624003,182.68059596046805,26.172197120862656,61.296591363749606,9.979314270745435,201.54147182032466,14.834671229569357,-0.0941697284579277,-0.0941697284579277,0.23262429237365723,0.0,0.0,0.006030017510056496,0.012384630739688873,1.0,0.9999626874923706,0.0,0.006020877975970507,0.9999626874923706,1.0003488063812256,0.4746074284015186,2e-06,2e-06,128,102,1790412334.205143,1790412416.872676,57,62
103,112.68935751914978,555.0598561763763,112.6869249343872,0.0,0.0015628337860107422,3,1.2578125,0.0,253,0,73,1660,496,1043,6.1171875,22.340417502447963,4.3378663648618385,54.76452262699604,155.8166923400422,0.25324573952821083,0.40420806291513145,55.64918372221291,89.81753682158887,2.028644147940213,7.729614369571209,4.484418350388296,0.4928610686038155,146.3754311891098,2.8606478710234375,8,4,0,4,0,775,1508,742,356,1385.4765625,1285.5,4819,177,0.0,0.0,0.0,0.0,555.0598561763763,125.87567243931699,109.73954368755221,488.6596394479275,38.414149951189756,191.4277030684237,22.847986318740652,62.27759803086519,25.735504455306906,53.24981261830134,8.6819465439214,232.27234952151775,14.929326261541865,-0.10731455683708191,-0.10731455683708191,0.3008235692977905,0.0,0.0,0.007267882116138935,0.010572407394647598,0.9999999403953552,1.000034213066101,9.267497262044344e-06,0.007269630208611488,1.000034213066101,1.0005675554275513,0.7493761965222705,2e-06,2e-06,128,103,1790412545.959003,1790412624.425962,59,62
104,36.74472260475159,2012.8144354820251,36.73957848548889,0.0,0.0008268356323242188,10,1.90625,0.0,253,0,70,1668,500,1047,9.5078125,32.819508105516434,5.32562523134402,97.17145451158285,220.47152625909075,0.5906369693693705,0.6850929559732322,58.367183027789,149.46234284713864,1.6119098959607072,14.951963689178228,3.28595873399172,1.0594527099165134,209.65908280861913,3.434421267304687,9,3,2,2,0,778,1521,745,358,1503.4140625,1201.5,5927,231,0.0,0.0,0.0,0.0,2012.8144354820251,174.77771803856012,122.00178482756019,1916.291270006448,19.42629925906658,42.28134422119212,4.763976167382586,108.0107299387455,5.0341145242916605,15.93432199608236,2.9446330945955346,1440.5810296051204,10.357661644931962,-0.07896072417497635,-0.07896072417497635,0.28046756982803345,0.0,0.0,0.007026766426861286,0.010313301347196102,1.0,1.000030517578125,0.0,0.007027135230600834,1.000030517578125,1.0005531311035156,0.6131465788299645,2e-06,2e-06,128,104,1790412677.106769,1790412755.019933,59,62
105,94.60968589782715,1239.1287977695465,94.60814070701599,0.0,0.0013527870178222656,7,2.3984375,0.0,255,0,71,1683,502,1059,7.90625,30.998054679483175,5.210980160307372,83.43907960131764,199.2592087816156,0.530310667847516,0.31260772558744065,47.380758909508586,138.9654607102275,2.624639612447936,19.860077265650034,4.070631999493344,0.990490572003182,187.38650086030248,2.9121772291406254,9,4,1,2,0,787,1531,750,366,1686.28125,1502.0,6695,240,0.0,0.0,0.0,0.0,1239.1287977695465,148.6636999094917,125.18038474023342,1074.7011679187417,27.647335220128298,86.47352359674676,9.098327809258729,162.26559130474925,10.469296315741982,29.03168747651885,5.402989594020506,246.45795476809144,6.744430993618079,-0.09663952887058258,-0.09663952887058258,0.2832891047000885,0.0,0.0,0.007324771489948034,0.010034709237515926,0.9999999403953552,0.9998597502708435,0.0,0.007310158107429743,0.9998597502708435,1.000241756439209,0.6675814124618487,2e-06,2e-06,128,105,1790412898.904496,1790412984.703499,60,62
106,93.32541179656982,1503.4220488071442,93.32201671600342,0.0,0.0008385181427001953,9,2.28125,0.0,251,0,73,1699,507,1068,9.0625,32.25483677536249,3.629424418177223,95.68483229354024,239.19551017537015,0.4372419282444753,0.22558016533730552,65.75599176622927,161.12055833265185,4.195085987303173,27.47718791104853,4.87734507676214,0.5466384655155707,228.25777324827504,4.1859764446875,11,3,1,1,0,795,1547,754,372,1839.8828125,1551.0,7889,242,0.0,0.0,0.0,0.0,1503.4220488071442,184.38814308482688,138.623544273898,1427.3112977780402,38.42085172235966,78.89013385214832,7.422400123008607,198.43192898482084,8.551022594346781,26.107661095216745,5.247362180340076,276.00494011491537,6.4273179379139185,-0.025087837129831314,-0.025087837129831314,0.22599981725215912,0.0,0.0,0.005953943822532892,0.00883036945015192,0.9999999403953552,0.9998619556427002,0.0,0.005945613142102957,0.9998619556427002,1.0001513957977295,0.6242354007643867,2e-06,2e-06,128,106,1790413087.249702,1790413177.945467,62,62
107,60.22592520713806,1124.6174907684326,60.22210240364075,0.0,0.0008909702301025391,6,1.796875,0.0,251,0,69,1716,514,1078,10.171875,18.437972974032164,3.716514347383054,98.25262408144772,195.38103433704237,0.3876561922952533,0.16864373732823879,56.48663167655468,129.8623072206974,1.9845360826002434,10.235716784372926,2.371497220505262,0.3974603074020706,187.20050243259175,2.780937098015625,7,5,2,2,0,805,1559,758,375,1415.7890625,1429.5,4837,182,0.0,0.0,0.0,0.0,1124.6174907684326,166.33953520987416,117.29052700847387,972.0575015842915,9.845213819295168,83.67156012814992,10.297723532724797,59.04850272089243,10.868371855697545,26.856687049534013,4.301017936947573,525.9336576201022,8.079389708192739,-0.07106504589319229,-0.07106504589319229,0.2753884494304657,0.0,0.0,0.007179796230047941,0.011227787472307682,0.9999999403953552,0.9999874830245972,0.0,0.007179988548159599,0.9999874830245972,1.000489354133606,0.5757526488945104,2e-06,2e-06,128,107,1790413251.354866,1790413329.159715,62,62
108,79.42156934738159,850.3678379058838,79.42032313346863,0.0,0.00104522705078125,5,1.984375,0.0,250,0,70,1727,519,1084,9.65625,24.358716007322073,3.4081288408196997,88.95318681001663,190.64190234444686,0.41942216132883914,0.3127217785513494,55.81457685679197,126.21261132322252,2.0375929358706344,8.951686007902026,2.464556619815994,0.6071646294440143,183.07628472417127,2.745748325265625,5,8,2,1,0,811,1570,762,382,1906.0703125,1740.5,5283,108,0.0,0.0,0.0,0.0,850.3678379058838,157.80887402771623,121.70739645510912,785.6710619963706,30.782926712185144,129.81147108272617,12.118285218049989,101.62040692195296,13.762985452194707,47.81793421711438,6.21260560960292,420.2665439583361,12.283153002195524,-0.05140477791428566,-0.05140477791428566,0.277037650346756,0.0,0.0,0.007074133958667517,0.008820764720439911,1.0,0.9998823404312134,0.0,0.007056784816086292,0.9998823404312134,1.000259518623352,0.5466333400300317,2e-06,2e-06,128,108,1790413416.637879,1790413511.136552,62,62
109,68.25656294822693,447.6433701515198,68.25530958175659,0.0,0.0010986328125,3,1.5859375,0.0,249,0,75,1737,522,1090,6.3984375,23.10065335035324,3.855736674973741,54.86212279088795,151.38502616158803,0.3655991281848401,0.2421986217959784,54.4618760868907,87.4582115765661,2.442798401141772,5.770991899073124,3.07319874750101,0.4818651921523269,142.77085820530192,2.9910615054375,11,5,0,0,0,820,1583,770,383,1634.0,1388.5,7578,431,0.0,0.0,0.0,0.0,447.6433701515198,122.03070223500254,108.77619654498994,402.79327915236354,32.07240479812026,209.11326495237017,21.921468415087805,180.53640573844314,36.73809112975562,77.87151333184627,16.928654606087374,180.53640573844314,28.370656739150927,-0.0679858848452568,-0.0679858848452568,0.21879692375659943,0.0,0.0,0.005855222698301077,0.012255770154297352,1.0,0.9999459385871887,3.2579232538409997e-06,0.00585114536806941,0.9999459385871887,1.0003106594085693,0.5427592580068069,2e-06,2e-06,128,109,1790413582.165938,1790413659.340214,62,63
110,167.371488571167,855.66068983078,167.3690629005432,0.0,0.0008718967437744141,4,1.21875,0.0,255,0,76,1775,527,1121,6.390625,20.94228151999414,3.2757730057055596,49.16128968074918,140.86750799024594,0.6889005965786055,0.21367221770924516,54.03682222776115,77.85863576456904,1.956960215466097,4.204412749037147,2.8915042234875727,0.6898728315427434,132.76784197820234,2.635380728453125,7,6,0,3,0,829,1608,785,389,1397.5234375,1092.5,7700,89,0.0,0.0,0.0,0.0,855.66068983078,116.20538231791579,93.76326703466475,803.1999753750861,16.148013167083263,113.26763963626028,14.847006706025503,70.62858949974179,16.18277774200938,34.843056000655444,8.998894177927927,201.04746806249022,11.762671061241612,-0.05391693487763405,-0.05391693487763405,0.24086150527000427,0.0,0.0,0.0059783258475363255,0.021060273051261902,1.0,1.000018835067749,0.0,0.005973918363451958,1.000018835067749,1.000449538230896,0.6492093330003299,2e-06,2e-06,128,110,1790413855.207168,1790413935.015797,64,63
111,50.283029079437256,646.8489062786102,50.281779050827026,0.0,0.0011022090911865234,4,1.359375,0.0,254,0,72,1791,533,1131,7.296875,24.107930190861225,3.877408788073808,65.52037288807333,156.96845811160165,0.4410973388585262,0.38730457352357917,48.28644600324333,99.16679835878313,2.0594203486689366,5.322537222877145,3.328150271961931,0.5298745908949059,148.23977083372301,2.568956552125,9,5,1,1,0,831,1622,792,394,1482.09375,1321.5,5039,506,0.0,0.0,0.0,0.0,646.8489062786102,127.00737403004314,96.24976187385619,584.6208046674728,28.407218754291534,147.39505997134293,19.022989573858844,93.4353710822761,22.234729036098773,48.880039361744736,7.790072690993476,584.6208046674728,80.97627710851035,-0.05170923471450806,-0.05170923471450806,0.20026728510856628,0.0,0.0,0.005341202486306429,0.010663422755897045,1.0,0.9999355673789978,3.5640966871142155e-06,0.005331896245479584,0.9999352097511292,1.0002453327178955,0.4942576002299749,2e-06,2e-06,128,111,1790413997.059625,1790414075.778975,64,63
112,109.64315056800842,1422.523267030716,109.6420168876648,0.0,0.0009717941284179688,8,2.0625,0.0,249,0,71,1810,539,1143,9.1796875,27.19905404560268,4.3126183290733024,83.6903205215931,184.8650456938194,0.4627215604123194,0.3245487845269963,50.971961326897144,123.43364400602877,2.3428177233145107,8.884524250403047,2.328587018069811,0.7191035658179317,175.37743730752845,2.53297130465625,9,3,3,1,0,845,1633,798,397,1535.1484375,1349.0,5669,72,0.0,0.0,0.0,0.0,1422.523267030716,150.9657100927143,120.05594319663942,1330.0382146276534,40.99498346820474,62.505128781194195,6.618520918573282,111.27979684621096,7.18020734827775,23.022353371901776,3.9851720751345656,475.9495664536953,5.98896842004404,-0.06860453635454178,-0.06860453635454178,0.26937055587768555,0.0,0.0,0.007245692424476147,0.010304950177669525,0.9999999403953552,0.9999314546585083,0.0,0.007136833388358355,0.9999314546585083,1.0004504919052124,0.5863857335019244,2e-06,2e-06,128,112,1790414187.821693,1790414273.796347,64,64
113,104.78875613212585,766.342714548111,104.785964012146,0.0,0.0009579658508300781,5,1.578125,0.0,249,0,71,1826,543,1154,9.09375,20.3173942361027,3.8849114861513954,85.94369548559189,176.1199616746744,0.2903204981412273,0.21167892272933386,51.80042549036443,113.89945792965591,2.4997361907735467,3.408051874488592,3.598987346922513,0.4151878677075729,167.12723703600932,3.516597648539062,5,8,1,2,0,849,1654,801,401,1600.8203125,1379.5,5983,226,0.0,0.0,0.0,0.0,766.342714548111,151.97700078456546,115.4530951231718,733.5371596440673,27.48837438225746,126.74942705924552,14.047239956274385,116.31079141050577,16.560725122604723,44.56339531259332,7.8072119515457175,354.67699421569705,14.533636648610958,-0.057624153792858124,-0.057624153792858124,0.23636825382709503,0.0,0.0,0.005968598183244467,0.009178364649415016,1.0,1.00005304813385,0.0,0.00596605846658349,1.00005304813385,1.0005228519439697,0.4945352659619841,2e-06,2e-06,128,113,1790414388.407161,1790414468.835532,64,65
114,167.08510160446167,1335.0557513237,167.0840437412262,0.0,0.0008022785186767578,8,1.765625,0.0,249,0,70,1854,550,1173,9.8671875,32.050103994086385,4.730799466517055,95.50825912319124,209.4294099266699,0.4975557731522713,0.36978068729513325,56.28361122123897,141.67120973020792,2.1774685429991223,8.436222359538078,4.5849052439734805,0.7690882845781744,199.26085369248176,3.736448436585936,14,1,1,0,0,855,1676,811,406,2179.8203125,1821.0,8568,441,0.0,0.0,0.0,0.0,1335.0557513237,170.00378312633256,129.57612067647278,1256.4910279475152,54.49787002801895,81.46938175340291,8.240854353154601,191.0936777703464,9.617451709588408,34.832128386568165,6.417709516254193,191.0936777703464,7.489758793651471,-0.09859564900398254,-0.09859564900398254,0.22711744904518127,0.0,0.0,0.006102048791944981,0.009847969748079777,1.0,0.999937891960144,0.0,0.0060948715545237064,0.999937891960144,1.000321865081787,0.4225454301505066,2e-06,2e-06,128,114,1790414645.801852,1790414733.981423,66,65
115,92.20697259902954,1046.2095894813538,92.20504021644592,0.0,0.0009515285491943359,5,1.609375,0.0,250,0,73,1864,552,1179,8.2734375,28.637358244508505,5.370867724297568,71.22973251342773,181.51973487137002,0.43897115060826764,0.36731684411643073,52.620663054287434,117.27767871692777,1.6422681138501503,12.864565815776587,3.927371883415617,0.9257898272480816,170.9320526724623,3.5686938038046874,11,2,2,1,0,864,1691,814,408,1510.7734375,1425.0,5014,354,0.0,0.0,0.0,0.0,1046.2095894813538,140.43420738671557,121.47632968612015,865.474961258471,32.556223034858704,89.54053528902035,12.11420744698296,38.72636133432388,12.579862022428015,30.80628743740621,4.792538751710001,865.474961258471,27.742331667712914,-0.04729443043470383,-0.04729443043470383,0.23415929079055786,0.0,0.0,0.006188224535435438,0.010541203431785107,1.0,0.9999611973762512,0.0,0.006182284094393253,0.9999611973762512,1.000379204750061,0.5501739725315229,2e-06,2e-06,128,115,1790414840.749728,1790414920.897527,68,65
116,146.7405605316162,456.9032852649689,146.7393877506256,0.0,0.0008957386016845703,3,1.4609375,0.0,249,0,68,1895,559,1201,7.7578125,30.349620450288057,4.453308264462976,74.4391750022769,192.58934956067242,0.44861471027252264,0.5143261493358295,59.19478935748339,120.14304938167334,2.4652223888842855,11.442732250317931,3.035052363295108,1.5542228876729496,181.59347333951155,2.906110290640624,6,7,1,2,0,873,1708,825,413,1742.8671875,1626.0,4137,250,0.0,0.0,0.0,0.0,456.9032852649689,149.241776105162,124.32321962527931,391.89292285591364,37.92007380351424,248.96370195142217,23.337542853989937,105.27908746525645,30.32498919790986,81.37644850836308,9.054432597482544,370.5374018885195,47.900858976544626,-0.08715645223855972,-0.08715645223855972,0.27711495757102966,0.0,0.0,0.006722595542669296,0.011642071418464184,1.0,0.9999788403511047,0.0,0.006714798975735903,0.9999788403511047,1.000414252281189,0.5129220806159414,2e-06,2e-06,128,116,1790415079.286261,1790415170.347083,70,65
117,103.97635269165039,887.8426270484924,103.97475457191467,0.0,0.0013735294342041016,4,1.7109375,0.0,253,0,71,1916,561,1217,9.109375,39.50989784672856,4.580404259992065,97.59182545170188,224.59661705596955,0.5165541538735852,0.26034036732744426,54.82069413550198,156.3537868540734,3.215063545794692,12.662011304870248,5.3881073044613,1.468571497243829,212.41800397011684,4.1862117473046885,10,5,1,0,0,879,1726,838,416,1850.609375,1579.0,6260,412,0.0,0.0,0.0,0.0,887.8426270484924,174.17651319672586,135.00305720046163,859.1305006444454,34.83677617833018,116.87487944226905,12.573174186409386,160.01365607604384,15.337394422600646,44.466964599245756,7.050799104803614,242.80342848226428,9.704836564839038,-0.09342178702354431,-0.09342178702354431,0.22952108085155487,0.0,0.0,0.006102994550019503,0.011842643842101097,1.0000001192092896,0.9999753832817078,0.0,0.006092812865972519,0.9999753832817078,1.0003817081451416,0.47427147347535314,2e-06,2e-06,128,117,1790415279.965982,1790415374.026733,71,67
118,124.78837656974792,603.0201942920685,124.78597831726074,0.0,0.0012412071228027344,3,1.3671875,0.0,256,0,71,1943,567,1237,6.3515625,23.049059538170695,4.264807528175879,55.17215812578797,149.22344776589307,0.670053776644636,0.4899110457045026,46.76028184406459,91.20366425253451,1.8908750985865481,8.851095689460635,3.283158278063638,0.7742269746959209,139.80957524836413,3.1226413997109375,9,4,0,3,0,891,1744,847,420,1412.375,1414.5,4548,81,0.0,0.0,0.0,0.0,603.0201942920685,118.0703149883484,107.26587920077145,555.8787369839847,16.654810804873705,167.01154337221837,18.876648091965436,78.62414240837097,21.706875860546265,49.96626473187911,7.542035976654555,83.52271687984467,8.754614214211362,-0.07376349717378616,-0.07376349717378616,0.2829117774963379,0.0,0.0,0.006877182051539421,0.013883695006370544,1.0,0.9998761415481567,0.0,0.00686095654964447,0.9998761415481567,1.000234603881836,0.6559393465362335,2e-06,2e-06,128,118,1790415512.768175,1790415591.015923,72,67
119,123.96402144432068,533.2151656150818,123.95875811576843,0.0,0.0010700225830078125,3,1.421875,0.0,254,0,70,1963,573,1250,7.4375,30.448263835161924,5.082414161472116,59.6672112159431,175.68700087082107,0.5818155743181705,0.34986344233038835,51.05187748000026,111.25791984796524,2.9470521361217834,17.11857340298593,3.4455164231476374,0.7276282678649295,164.5190497803851,3.3868107688125,9,4,1,2,0,898,1762,852,425,1589.3984375,1556.0,4569,37,0.0,0.0,0.0,0.0,533.2151656150818,127.74020808297792,112.3819428421557,440.1592647843063,9.445002421736717,190.4250039153951,20.67645616808796,193.2288959287107,32.427780128210145,63.59002679069264,8.568773535781759,342.9228215068579,24.01042470421983,-0.0639600083231926,-0.0639600083231926,0.24741430580615997,0.0,0.0,0.006188520696014166,0.05801450088620186,1.0,1.0000361204147339,0.0,0.006186175160109997,1.0000361204147339,1.0004963874816895,0.46298363310535057,2e-06,2e-06,128,119,1790415729.649596,1790415811.981138,72,68
120,114.03355360031128,512.6648769378662,114.03208661079407,0.0,0.0012788772583007812,3,1.2421875,0.0,256,0,71,1979,577,1262,6.4453125,29.922648837789893,4.884262138803024,59.12301850505173,183.74305357731646,0.5827318963420112,0.33913074020529166,63.72937473654747,107.7410889249295,2.587124396552099,13.026238646358252,4.9000511690974236,0.8633243662479799,172.37469001323916,3.135765918578125,9,4,1,2,0,901,1781,858,430,1254.453125,1188.0,3727,144,0.0,0.0,0.0,0.0,512.6648769378662,141.62992013490293,129.1967948768288,445.94609493017197,34.56417525187135,176.067584746217,20.968863839882044,423.36677373945713,120.38329611677037,52.20109250805984,7.269856328487476,146.54568422213197,10.179744941406971,-0.03459829464554787,-0.03459829464554787,0.24543428421020508,0.0,0.0,0.006213164422661066,0.01195618137717247,1.0,1.0000691413879395,0.0,0.006217023823410273,1.0000691413879395,1.0005743503570557,0.5456702995940588,2e-06,2e-06,128,120,1790415956.464105,1790416031.607788,72,68
121,159.5819308757782,976.4242267608643,159.57979536056519,0.0,0.0019066333770751953,4,1.71875,0.0,255,0,75,2003,586,1276,8.421875,31.463220605626702,5.485813053324819,85.1435837354511,200.38683723544818,0.5724842813797295,0.3784570536809042,54.29692694544792,133.71057399734855,2.6390740910428576,12.010847629979253,3.576620575215202,0.7858894021774177,189.2437445904361,3.087480207421875,10,1,2,3,0,909,1802,869,434,1398.2421875,1240.0,6482,59,0.0,0.0,0.0,0.0,976.4242267608643,159.15944379466237,126.65779418125749,913.9749638140202,34.5214381031692,95.59181768389908,10.999317413116922,219.64372023195028,14.191697470195953,30.54939221000312,6.63850795827038,290.0914184935391,9.444397706069262,-0.015334336087107658,-0.015334336087107658,0.2826598882675171,0.0,0.0,0.007078616414219141,0.013005223125219345,1.0,1.0000702142715454,0.0,0.007076841313391924,1.0000702142715454,1.0006334781646729,0.5902348920414677,2e-06,2e-06,128,121,1790416201.761595,1790416280.35571,72,69
122,177.49887657165527,1285.8242030143738,177.4948468208313,0.0,0.0010118484497070312,5,1.578125,0.0,252,0,68,2036,596,1295,8.984375,37.97305701114237,4.789749775722157,82.5296764653176,215.25240006876993,0.428490898135351,0.3389263398712501,62.245024144649506,138.64656731672585,3.5398263961833436,12.260802056640387,4.877583342633443,0.8447511171398219,203.35887205737527,4.6359815707343754,11,3,1,1,0,916,1823,876,441,1725.5859375,1668.0,4229,65,0.0,0.0,0.0,0.0,1285.8242030143738,170.15964719327167,143.10960000567138,1240.7455285526812,39.17253042012453,83.22845877047965,8.664481485013281,168.65362812578678,9.972514717469235,28.62949687344506,3.288941046595563,168.65362812578678,3.785455950110169,-0.09445655345916748,-0.09445655345916748,0.23059676587581635,0.0,0.0,0.006149903871119022,0.013028702698647976,1.0,1.000091791152954,0.0,0.006150556728243828,1.000091791152954,1.0006341934204102,0.5493958275918795,2e-06,2e-06,128,122,1790416471.512245,1790416559.115172,74,71
123,122.25464200973511,778.0881266593933,122.2533495426178,0.0,0.0010440349578857422,4,1.34375,0.0,249,0,68,2063,604,1314,9.1796875,25.139216482639313,3.272884513862664,86.97423692420125,186.51925482414663,0.4017888708622195,0.44998272130033,54.91197004914284,121.43697129189968,2.623661260760855,5.341948015615344,3.3075831989990547,0.6028085961588658,177.64809487207094,3.554690017859374,11,2,2,1,0,923,1848,883,445,1654.03125,1574.0,6140,82,0.0,0.0,0.0,0.0,778.0881266593933,155.43448401187197,119.0197117459029,732.6236393302679,22.013383761048317,127.50912131160663,14.327425927783136,23.83504168316722,14.780184823972425,45.34961888121239,7.891136992876611,132.1853124089539,9.506074078846334,-0.07304909080266953,-0.07304909080266953,0.26456353068351746,0.0,0.0,0.006406890694051981,0.011920805089175701,1.0,1.0000108480453491,0.0,0.006401362828910351,1.0000108480453491,1.0004644393920898,0.5026282731305162,2e-06,2e-06,128,123,1790416690.360534,1790416778.396732,74,71
124,65.88474464416504,680.0972106456757,65.87798714637756,0.0,0.0009403228759765625,3,1.375,0.0,254,0,68,2081,608,1327,7.8828125,22.71437517926097,3.3559384692052845,72.61079514957964,157.59865059747244,0.412661755195586,0.2003317535854876,44.62208380550146,103.77140434645116,2.017534284532303,5.105456687510014,2.9554568411549553,0.627842392626917,149.4929274652095,2.9889169957421875,13,1,2,0,0,930,1862,891,450,1450.765625,1236.0,6498,289,0.0,0.0,0.0,0.0,680.0972106456757,131.11693163012387,106.22141635790467,599.2320826165378,31.12841208651662,110.474403007774,16.47411550087533,260.9435894526541,26.73005655566202,45.50771004822008,9.554516469536585,210.50098212435842,13.837419479413525,-0.06394938379526138,-0.06394938379526138,0.2798113226890564,0.0,0.0,0.007106035016477108,0.014414549805223942,1.0,0.9999551177024841,0.0,0.007094564847648144,0.9999551177024841,1.0003979206085205,0.5757358258780614,2e-06,2e-06,128,124,1790416858.354393,1790416933.074538,74,72
125,96.7556414604187,508.37707567214966,96.75262522697449,0.0,0.00153350830078125,3,1.609375,0.0,250,0,70,2096,611,1337,7.96875,20.986239824444056,3.9980742825428024,72.25306499749422,162.64021730213426,0.3998723244294524,0.2456615685368888,50.180546551942825,101.64307609945536,2.854720007540891,4.90268968231976,2.6169995305826887,0.533052293874789,153.4337051770126,2.8777561044375,11,2,2,1,0,940,1878,896,452,1607.6015625,1488.0,5446,244,0.0,0.0,0.0,0.0,508.37707567214966,136.50932074344018,114.06194285303354,437.0411775559187,38.334787271916866,182.01351797316917,19.552415865443677,39.16102894023061,21.184271231199173,67.4607523454048,10.712520805151536,116.32920053228736,13.891160609038247,-0.07974124699831009,-0.07974124699831009,0.22008174657821655,0.0,0.0,0.005808156915009022,0.01184625644236803,0.9999999403953552,0.9999366998672485,0.0,0.005798363126814365,0.9999366998672485,1.0002790689468384,0.8322461347733703,2e-06,2e-06,128,125,1790417044.52901,1790417128.629031,75,73
126,111.959477186203,330.1482722759247,111.9583809375763,0.0,0.0008444786071777344,2,1.1640625,0.0,254,0,73,2119,619,1351,5.6640625,25.828469974920154,5.015905194886727,48.36454026028514,153.28540625062305,0.4523577785876114,0.522363155905623,51.86326791346073,90.7810628246516,1.748127681639744,12.258290369063616,3.627639746235218,0.6700574227143079,143.5989377782098,2.674532059398438,7,6,1,2,0,951,1895,905,457,1208.1640625,1162.0,3395,57,0.0,0.0,0.0,0.0,330.1482722759247,114.52784550384968,102.53632327541709,314.5372480750084,28.460396982729435,270.2260594963969,35.02365746241467,87.48446406424046,47.65028656400705,78.0684584201781,10.28325841778931,138.17385557293892,17.684648081273206,-0.06333232671022415,-0.06333232671022415,0.23586927354335785,0.0,0.0,0.006019252818077803,0.012075314298272133,1.0,0.9999586939811707,0.0,0.006012107245624065,0.9999586939811707,1.0003292560577393,0.5721381243950018,2e-06,2e-06,128,126,1790417251.504601,1790417325.79727,76,73
127,147.15527606010437,934.7591419219971,147.1512291431427,0.0,0.0010497570037841797,5,1.734375,0.0,255,0,69,2142,626,1367,9.7734375,28.82337573543191,4.273646962130442,86.9587456882,197.36551361420425,0.43658460496226326,0.47130031866254285,50.529681438580155,135.01401986926794,2.3316621796693653,15.285609310492873,3.3593457699171267,0.6388699421077035,187.5695906257606,3.0689950485,8,5,2,1,0,960,1920,905,458,1644.2734375,1439.0,8101,183,0.0,0.0,0.0,0.0,934.7591419219971,153.5931546089123,106.38795186765492,777.8628513850272,37.62539580464363,102.62982448014624,11.69285167677138,62.27125057205558,12.527394486918036,37.526066085011315,8.66640360782479,329.8714952170849,13.392569750977216,-0.10230651497840881,-0.10230651497840881,0.2312880903482437,0.0,0.0,0.006097689736634493,0.011446744203567505,1.0,1.0000215768814087,0.0,0.006088811904191971,1.0000215768814087,1.0004730224609375,0.5666268543909017,2e-06,2e-06,128,127,1790417485.28284,1790417564.586977,76,73
128,159.34066653251648,924.7182986736298,159.33922338485718,0.0,0.0011036396026611328,4,1.3671875,0.0,255,0,70,2168,636,1383,7.859375,30.989592242985964,5.785841444012476,77.98255312256515,207.34421063488116,0.6263589256559499,0.3170323366066441,65.40403161942959,128.79641479626298,1.7129242059309036,13.567459654062986,4.942064244009089,0.8817390115291346,195.83823158717132,3.4824909649999998,9,5,1,1,0,968,1938,919,461,1634.8125,1599.5,6366,81,0.0,0.0,0.0,0.0,924.7182986736298,162.27588740963256,136.80741229653358,900.6367553025484,14.643164403736591,104.59509684055331,13.629015472146621,192.07527703791857,17.20210201669884,37.71526966647509,6.884258707901721,175.76084938645363,8.499815318024904,-0.1333775669336319,-0.1333775669336319,0.22323639690876007,0.0,0.0,0.005902497097849846,0.012030641548335552,1.0,0.9999399781227112,0.0,0.005897888448089361,0.9999399781227112,1.0002914667129517,0.5005282055817644,2e-06,2e-06,128,128,1790417735.975913,1790417817.997035,76,73
129,71.20260310173035,708.1898097991943,71.1974949836731,0.0,0.0011415481567382812,3,1.234375,0.0,252,0,66,2190,642,1399,5.578125,27.532135209068656,4.779243416822283,57.44558186084032,168.93902526344755,0.5918943363649305,0.25576835637912154,55.45544148609042,102.0429382044822,2.0115509378083516,12.430755008012056,4.375318476842949,0.6313326401868835,158.4913365766406,3.2859913789687503,8,5,0,3,0,978,1948,927,467,1185.8125,1193.0,2881,119,0.0,0.0,0.0,0.0,708.1898097991943,128.34406603177194,107.86678701639175,661.5235767476261,12.307518273591995,141.32981292361882,18.037537145051605,32.687553483992815,18.910373548833007,35.721120218471285,4.0681184057377235,317.0056157410145,7.364816993529948,-0.030152689665555954,-0.030152689665555954,0.2404382824897766,0.0,0.0,0.006001569796353579,0.01545157190412283,1.0,1.0000137090682983,3.179690793331247e-06,0.00600393395870924,1.0000133514404297,1.0004551410675049,0.7802726354105507,2e-06,2e-06,128,129,1790417898.628012,1790417977.624903,76,73
130,72.92569899559021,906.4332604408264,72.92080569267273,0.0,0.0008485317230224609,4,1.53125,0.0,251,0,65,2213,652,1411,7.765625,23.461513740941882,4.682778134534601,79.50918473303318,169.50924693385605,0.4758928573282901,0.3928429114748724,40.73873176239431,116.30793980322778,3.6496261947904713,9.5955910962075,3.103434746270068,0.7696586532110814,157.89158745313762,2.8954733276640625,8,3,1,4,0,984,1968,936,470,1513.84375,1389.5,6125,45,0.0,0.0,0.0,0.0,906.4332604408264,136.3770212655072,103.76687988638878,771.1375890225172,21.88190295547247,114.78727065840319,12.00750289624939,46.137671906501055,12.651465548652798,35.62902503999811,6.757254248394663,771.1375890225172,45.27121921781689,-0.11315372586250305,-0.11315372586250305,0.3303716778755188,0.0,0.0,0.008124073036015034,0.05385977774858475,0.9999999403953552,0.999956488609314,0.0,0.008123364299535751,0.999956488609314,1.0004661083221436,0.7469344271077232,2e-06,2e-06,128,130,1790418086.628164,1790418170.788159,76,74
131,130.0632939338684,435.0740587711334,130.06192088127136,0.0,0.0010769367218017578,2,1.2734375,0.0,249,0,72,2239,657,1429,6.5625,19.939304599538445,4.412024054385256,58.20574235543609,145.0223943585588,0.34514730831142515,0.281111839809455,48.429307552054524,87.44428663700819,1.965009418228874,5.980579435825348,2.6521021460648626,0.4463137950224336,136.6106151220156,2.7090571594062496,8,4,1,3,0,993,1987,951,476,1373.765625,1240.5,4526,229,0.0,0.0,0.0,0.0,435.0740587711334,118.75324652390555,107.83718696422875,385.52513574436307,31.697252046316862,235.58862665705,28.475611795823284,163.76811625435948,45.664314924594876,67.36094558884439,10.402826619412075,170.14230281859636,17.083644743632924,-0.12490268051624298,-0.12490268051624298,0.2965456545352936,0.0,0.0,0.007309768348932266,0.013823062181472778,1.0,1.0000418424606323,0.0,0.007314722985029221,1.0000418424606323,1.0005828142166138,0.6614523359212043,2e-06,2e-06,128,131,1790418311.770931,1790418391.190705,77,76
132,91.79147672653198,423.6020998954773,91.78990316390991,0.0,0.0012805461883544922,3,1.2734375,0.0,254,0,65,2264,663,1447,7.0,24.513725228607655,3.7979782093607355,56.8101543597877,143.45078830170678,0.45828764128964394,0.29931490376475267,43.93143548630178,90.07787221856415,2.390190880832961,4.524174185469747,2.9200050575018395,0.548667591297999,134.93723718816182,3.0819696167578132,9,4,0,3,0,999,2001,960,481,1838.3828125,1604.0,6694,97,0.0,0.0,0.0,0.0,423.6020998954773,114.08158473580261,99.72258574701846,376.63283256813884,22.468595270067453,260.9500756187828,25.33509631479186,101.8094038553536,33.35066374117406,92.5841334190989,15.802565666345203,193.55201051011682,29.098010863133275,-0.11385948210954666,-0.11385948210954666,0.24828259646892548,0.0,0.0,0.006217240355908871,0.028563588857650757,1.0,0.9998399019241333,0.0,0.006203983910381794,0.9998399019241333,1.0001076459884644,0.591382728421339,2e-06,2e-06,128,132,1790418493.41713,1790418582.656955,77,77
133,137.37541913986206,660.460042476654,137.3737874031067,0.0,0.0013506412506103516,4,1.3671875,0.0,254,0,73,2280,666,1460,6.5859375,21.821147680282593,4.981688934727572,60.23624370805919,147.7899348952633,0.5452262588660233,0.43658180776401423,45.10849627293646,91.04938412830234,2.3430774555599783,4.876046758145094,3.465291429340141,0.6142432906781323,137.40372367063537,3.131174011250001,9,4,0,3,0,1009,2017,969,486,1553.1953125,1300.5,4572,132,0.0,0.0,0.0,0.0,660.460042476654,121.31101236335235,109.93287339992821,596.0255281217396,19.797683861106634,174.32167367501222,19.218422286990467,84.14758013188839,22.02451071135558,50.169323202477585,6.922447545585789,209.67011699825525,10.142196490189939,-0.07462206482887268,-0.07462206482887268,0.25590717792510986,0.0,0.0,0.006392881274223328,0.012495596893131733,1.0,0.9999758005142212,0.0,0.00638871593400836,0.9999758005142212,1.000402808189392,0.7261012264069556,2e-06,2e-06,128,133,1790418723.665891,1790418809.893137,77,77
134,31.228548288345337,456.6449453830719,31.221972465515137,0.0,0.0011625289916992188,2,1.3046875,0.0,256,0,72,2293,669,1468,7.375,17.89284368045628,4.0122912198421545,68.21182560548186,151.07736510885297,0.3767614224925637,0.34252288402058184,48.552937384694815,92.23857372812927,2.4378328542225063,2.755535488948226,3.155542539607268,0.5655802454857621,141.85237171436893,2.6651909827031246,7,5,1,3,0,1014,2030,975,490,1482.8515625,1530.0,4444,100,0.0,0.0,0.0,0.0,456.6449453830719,129.86268805695,110.78765413537621,404.438673235476,28.932733226567507,219.52650014021776,23.107668455955647,85.71802696213126,28.44765228935266,69.27519287469455,9.731849755332345,344.95807472988963,39.78981570537341,-0.10966145992279053,-0.10966145992279053,0.2794462740421295,0.0,0.0,0.006949640344828367,0.013494625687599182,1.0,0.9999078512191772,0.0,0.006947024259716272,0.9999078512191772,1.0002939701080322,0.6502415483329532,2e-06,2e-06,128,134,1790418855.236227,1790418938.390898,79,77
135,44.32165288925171,838.0165541172028,44.31722044944763,0.0,0.0008554458618164062,5,2.421875,0.0,253,0,68,2310,669,1484,13.59375,29.305376572534442,3.669709593668813,130.0403235387057,235.20058466223418,0.32573575514834374,0.3983120916818734,50.318473899737,173.592198561877,2.9005127733398695,10.399449599906802,2.249324797769077,0.6912309036706574,226.39061747075175,3.3275267475,9,3,4,0,0,1020,2041,984,493,1975.8203125,1720.5,6301,650,0.0,0.0,0.0,0.0,838.0165541172028,195.52407275050064,135.03382151573896,754.5151779092848,35.95285256952047,120.62808644612454,12.494979900523008,164.41522051021457,15.544802953298918,50.298330177661654,7.518944547148837,164.41522051021457,9.354197632388166,-0.08699845522642136,-0.08699845522642136,0.274485319852829,0.0,0.0,0.007416712120175362,0.013952691107988358,1.0,1.0000584125518799,0.0,0.007423159666359425,1.0000584125518799,1.000656008720398,0.4746085115903685,2e-06,2e-06,128,135,1790418996.594278,1790419094.690873,79,78
136,77.81908249855042,392.7924518585205,77.81794691085815,0.0,0.0009639263153076172,3,1.8046875,0.0,249,0,67,2325,673,1495,5.8671875,24.206708386540413,4.274566619424149,48.58251076191664,147.7010823166056,0.3847753699228633,0.47969111462589353,47.72572744265199,89.76721041277051,2.337018377496861,12.19747669249773,3.494187921343837,0.611193514574552,138.74337355300668,3.0031668015546877,8,5,0,3,0,1027,2054,992,495,1379.8984375,1326.0,4124,58,0.0,0.0,0.0,0.0,392.7924518585205,111.33639815461356,96.90593044646084,313.1001256927848,5.178717866539955,283.3663583401985,30.555576980188476,20.10508793592453,32.20393595768037,74.9450077109336,10.499183424953948,186.34514328464866,19.97604148239275,-0.04630817472934723,-0.04630817472934723,0.256338506937027,0.0,0.0,0.006813241634517908,0.013842413201928139,1.0,1.000087857246399,0.0,0.006814038380980492,1.000087857246399,1.0006825923919678,0.5857828826352433,2e-06,2e-06,128,136,1790419182.266473,1790419266.544106,79,78
137,204.90712428092957,1566.2838242053986,204.9027829170227,0.0,0.0010182857513427734,8,1.7890625,0.0,256,0,73,2353,679,1516,10.984375,25.539147531613708,3.8297598046192434,107.31014844216406,205.81787801664905,0.389170228067087,0.32808457271312363,53.82820812240243,143.0737479813397,1.7429317935893778,6.462567945942283,2.6014332044287585,0.4991600778303109,198.0089025365305,2.912012550703124,8,5,2,1,0,1037,2080,1000,501,1566.125,1432.0,5324,52,0.0,0.0,0.0,0.0,1566.2838242053986,176.11021994540351,130.15349981747568,1535.37881398201,24.331868536770344,66.02241032898034,8.109641307471161,74.36762968078256,8.513883049608804,21.331170092123276,3.399128508973112,449.3435946069658,4.766593465716699,-0.06531556695699692,-0.06531556695699692,0.23142217099666595,0.0,0.0,0.0063762664794921875,0.01408944372087717,1.0,0.9998786449432373,0.0,0.006365762557834387,0.9998786449432373,1.0002171993255615,0.5068027139994475,2e-06,2e-06,128,137,1790419480.967657,1790419566.321254,80,78
138,158.03102803230286,497.6619300842285,158.02965712547302,0.0,0.0009930133819580078,3,1.0078125,0.0,250,0,72,2383,687,1535,5.9140625,23.47986603155732,5.048164527426707,55.95264647714794,164.62137807931867,0.49498260696418583,0.4689723714545835,62.059355936944485,90.07298202440143,3.0106177254056092,5.999468967318535,3.868479376193136,0.5345287207746878,153.4609703939641,3.5940942199140626,10,4,0,2,0,1049,2095,1011,508,1381.40625,1242.5,3953,87,0.0,0.0,0.0,0.0,497.6619300842285,135.9583115647256,120.94739362597466,419.95767056569457,5.4959274008870125,204.0049556991771,22.205837601702093,194.2568751834333,36.42325604500347,59.21690653535071,7.943143248532112,110.36799516156316,10.206718059732417,-0.06884993612766266,-0.06884993612766266,0.22875377535820007,0.0,0.0,0.005808673799037933,0.0138896144926548,1.0,0.9999631643295288,0.0,0.005804307758808136,0.9999631643295288,1.0003252029418945,0.6495724592426303,2e-06,2e-06,128,138,1790419732.578494,1790419812.530624,81,80
139,153.4286253452301,652.241373538971,153.42743730545044,0.0,0.0009582042694091797,3,1.3359375,0.0,252,0,76,2403,690,1551,7.0625,32.51038627512753,3.7050656224309932,64.11808343045413,176.4761686983984,0.7267507702927105,0.5644208542071283,54.56185408681631,110.8004408981651,2.4174259495921433,9.167736392468214,4.141649265453452,0.5715557178191375,166.84941109124338,3.2260469496562503,10,3,0,3,0,1056,2116,1018,513,1925.171875,1538.0,7484,67,0.0,0.0,0.0,0.0,652.241373538971,137.95524377774564,114.20178465358913,575.4682498313487,26.289968192577362,189.0823525410177,19.27507286418535,55.50955619663,21.068090613957544,62.96799773754219,11.474279773748263,155.1385299935937,15.055234741011564,-0.09792052954435349,-0.09792052954435349,0.2560182809829712,0.0,0.0,0.006135283503681421,0.014521167613565922,0.9999999403953552,0.9999533295631409,0.0,0.006128625012934208,0.9999533295631409,1.0003316402435303,0.7047466227899442,2e-06,2e-06,128,139,1790419978.518554,1790420074.539613,82,80
